hostlock: outcome=acquired by pris (anchor pid 3181023) — pris #1951 full engine all-targets
   Compiling onnx-genai-engine v0.1.0-dev.5 (/workspace/dev/onnx-genai/.pris-adm/crates/onnx-genai-engine)
    Finished `test` profile [unoptimized + debuginfo] target(s) in 45.06s
     Running unittests src/lib.rs (target/debug/deps/onnx_genai_engine-836fa7c0c6e01b07)

running 623 tests
test batched::tests::batch_one_sampling_matches_the_independent_sequence ... ok
test batched::tests::heterogeneous_batch_sampling_matches_independent_active_row_runs ... ok
test batched::tests::mixed_batch_moves_only_host_required_rows ... ok
test batched::tests::all_host_batch_still_copies_every_row ... ok
test batched::tests::a_queued_request_reuses_the_slot_a_retired_row_freed ... ok
test batched::tests::concurrent_rows_are_reported_as_co_decoded_in_one_forward ... ok
test batched::tests::per_row_sampling_is_seedable_and_independent ... ok
test batched::tests::a_continuous_row_stops_on_a_non_first_declared_end_token ... ok
test batched::tests::a_lone_request_reports_occupancy_of_one ... ok
test batched::tests::a_slot_freed_into_an_empty_queue_is_reused_by_a_later_submission ... ok
test config::generation_contract_tests::a_package_without_a_contract_keeps_the_runtime_fallbacks ... ok
test batched::tests::device_routing_matches_host_token_stream ... ok
test config::generation_contract_tests::a_declared_override_within_its_declared_bounds_is_applied ... ok
test config::generation_contract_tests::package_defaults_are_authoritative_when_the_caller_is_silent ... ok
test batched::tests::occupancy_is_empty_before_the_first_forward ... ok
test batched::tests::pending_request_can_be_cancelled_without_an_admission_event ... ok
test config::mtp_config_tests::a_discovered_sidecar_maps_onto_the_resolved_config_intact ... ok
test config::mtp_config_tests::a_head_that_threads_no_state_keeps_its_absent_state_output ... ok
test config::generation_contract_tests::an_override_outside_its_declared_range_fails_loudly ... ok
test config::mtp_config_tests::an_accepted_prefix_lifetime_reaches_the_loader_that_refuses_it ... ok
test config::generation_contract_tests::an_undeclared_override_fails_loudly_instead_of_being_dropped ... ok
test config::mtp_config_tests::mtp_validation_enforces_hc_layout_and_state_contract ... ok
test batched::tests::row_assignment_failure_is_reported_for_the_submitted_handle ... ok
test config::resource_limit_tests::parses_fraction_and_case_insensitive_auto ... ok
test batched::tests::successful_row_admission_is_observable_before_backend_generation ... ok
test config::resource_limit_tests::engine_config_defaults_to_scheduler_resource_defaults ... ok
test config::resource_limit_tests::rejects_out_of_range_fractions_unknown_units_and_invalid_numbers ... ok
test config::resource_limit_tests::yaml_accepts_numeric_fraction_and_reports_field_context ... ok
test config::resource_limit_tests::yaml_device_policy_is_loud_and_reaches_config ... ok
test config::resource_limit_tests::rejects_integral_unit_overflow_at_exact_boundary ... ok
test config::resource_limit_tests::yaml_limits_parse_fraction_bytes_auto_null_and_override ... ok
test config::sampling_defaults_tests::explicit_sampling_overrides_model_greedy_and_keeps_caller_values ... ok
test config::sampling_defaults_tests::explicit_greedy_override_is_applied_and_keeps_its_temperature ... ok
test config::sampling_defaults_tests::model_do_sample_false_selects_greedy ... ok
test config::sampling_defaults_tests::model_sampling_used_when_no_flags ... ok
test config::sampling_defaults_tests::greedy_fallback_when_model_declares_nothing ... ok
test config::sampling_defaults_tests::resolved_temperature_zero_forces_greedy_without_explicit_greedy ... ok
test batched::tests::ragged_rows_shrink_the_batch_as_they_retire ... ok
test config::resource_limit_tests::parses_integer_bytes_and_all_supported_units ... ok
test config::sampling_defaults_tests::explicit_greedy_overrides_model_sampling ... ok
test connector_bridge::tests::null_bridge_is_inert ... ok
test connector_bridge::tests::lookup_extension_walks_contiguous_hits_from_boundary ... ok
test connector_bridge::tests::lookup_extension_prefers_recompute_when_fetch_is_costlier ... ok
test connector_bridge::tests::lookup_extension_stops_at_first_miss ... ok
test connector_bridge::tests::lookup_extension_requires_chunk_aligned_boundary ... ok
test connector_bridge::tests::fetch_extension_materializes_contiguous_hits ... ok
test connector_bridge::tests::store_prefix_pushes_only_complete_chunks ... ok
test connector_bridge::tests::fetch_extension_requires_chunk_aligned_boundary ... ok
test connector_bridge::tests::store_prefix_respects_resident_len ... ok
test decode::metadata::aliasing_tests::sliding_window_keeps_the_bounded_paged_path_regardless_of_aliasing ... ok
test decode::metadata::aliasing_tests::a_requiring_package_fails_loudly_on_an_incapable_deployment ... ok
test decode::metadata::aliasing_tests::an_undeclared_package_never_gets_an_aliased_buffer ... ok
test decode::metadata::aliasing_tests::permitted_aliasing_plus_a_capable_deployment_shares_the_buffer ... ok
test decode::state::tests::truncate_past_tests::fixed_loop_carried_state_cannot_be_truncated ... ok
test decode::state::tests::truncate_past_tests::the_owned_kv_length_cannot_diverge_from_the_past_tensors ... ok
test decode::state::tests::truncate_past_tests::a_state_without_kv_declines ... ok
test decode::state::tests::truncate_past_tests::truncating_keeps_the_leading_positions_of_the_sequence_axis ... ok
test decode::state::tests::truncate_past_tests::the_sole_matching_axis_is_found_and_ambiguity_is_rejected ... ok
test decode::state::tests::truncate_past_tests::truncating_to_the_current_length_is_a_no_op ... ok
test decode::step::position_helper_tests::rank_three_multi_token_advances_each_axis ... ok
test decode::step::position_helper_tests::rank_three_single_token_replicates_across_axes ... ok
test decode::step::position_helper_tests::rank_one_builds_linear_row ... ok
test decode::metadata::aliasing_tests::a_permitting_package_on_an_incapable_deployment_falls_back ... ok
test decode::tests::fixed_state_zero_initialization_is_fallible_and_supports_half_types ... ok
test decode::metadata::aliasing_tests::a_standard_attention_graph_withdraws_the_offer_even_when_the_package_permits_aliasing ... ok
test decode::tests::a_single_standard_attention_node_disqualifies_a_mixed_graph ... ok
test decode::state::tests::truncate_past_tests::an_ambiguous_sequence_axis_declines_rather_than_guesses ... ok
test decode::tests::kv_axis_slicing_keeps_requested_suffix_in_order ... ok
test decode::tests::fixed_state_zero_initialization_resolves_symbolic_batch_axis ... ok
test decode::tests::gqa_graph_is_positive_evidence_for_the_shared_kv_buffer ... ok
test decode::tests::metadata_free_multiaxis_positions_are_rejected ... ok
test decode::tests::sliding_window_metadata_is_consumed_and_validated ... ok
test decode::tests::group_query_attention_graph_accepts_a_capacity_padded_past ... ok
test decode::tests::standard_attention_graph_is_not_evidence_for_the_shared_kv_buffer ... ok
test decode::tests::windowed_layout_keeps_absolute_positions_with_bounded_attention_length ... ok
test decode::values::clone_value_tests::clone_value_round_trips_a_bool_cached_input ... ok
test decode::tests::the_share_buffer_predicates_are_not_inverses_of_each_other ... ok
test decode::tests::standard_attention_graph_rejects_a_capacity_padded_past ... ok
test decode::values::clone_value_tests::clone_value_round_trips_a_multidim_bool_mask ... ok
test connector_bridge::tests::store_then_lookup_roundtrips_through_local_tiered ... ok
test decode::values::clone_value_tests::clone_value_round_trips_an_empty_bool_input ... ok
test decode::values::clone_value_tests::clone_value_still_round_trips_the_typed_i64_fast_path ... ok
test decode::values::clone_value_tests::clone_value_round_trips_int32 ... ok
test decode::values::empty_value_clone_tests::cloning_an_empty_raw_bytes_tensor_succeeds_for_every_dispatched_dtype ... ok
test decode::tests::key_sequence_lengths_policy_is_generic_and_strict_by_default ... ok
test connector_bridge::tests::disk_offloaded_fetch_extension_matches_resident_decode_input ... ok
test decode_loop::tests::unsupported_sampled_runner_never_runs_device_step ... ok
test decode_loop::tests::empty_processor_chain_preserves_final_and_streamed_text ... ok
test embedding::tests::pools_synthetic_hidden_states_exactly ... ok
test decode_loop::tests::sampled_fastpath_not_applicable_does_not_latch_off ... ok
test engine::governor::tests::an_explicitly_requested_device_is_never_second_guessed ... ok
test decode_loop::tests::sampled_fastpath_error_falls_back_to_seeded_host_sampling ... ok
test engine::governor::tests::explicit_vram_byte_limit_is_honoured_without_a_device_query ... ok
test engine::governor::tests::fraction_over_unmeasured_vram_is_unknown_not_a_number ... ok
test engine::governor::tests::device_authority_ceiling_is_usable_free_and_refuses_growth_past_it ... ok
test engine::governor::tests::host_ram_capacity_is_measured_not_fabricated ... ok
test engine::governor::tests::missing_kv_geometry_is_unknown_not_a_token_count_byte_size ... ok
test engine::governor::tests::native_kv_accounting_sums_asymmetric_storage_widths ... ok
test engine::governor::tests::native_kv_accounting_uses_graph_storage_width ... ok
test engine::governor::tests::no_cuda_device_reports_unknown_vram_capacity ... ok
test engine::governor::tests::native_kv_accounting_sums_asymmetric_key_and_value_geometry ... ok
test engine::governor::tests::state_only_metadata_is_a_valid_non_paged_cache_not_unknown_geometry ... ok
test engine::governor::tests::usable_cap_binds_only_when_below_configured_and_sources_from_free ... ok
test engine::governor::tests::usable_mapped_fraction_defaults_and_rejects_out_of_range ... ok
test engine::governor::tests::zero_page_size_fails_instead_of_manufacturing_one_byte_tokens ... ok
test decode_loop::tests::seeded_generation_reproduces_the_full_multi_token_stream ... ok
test engine::load::metadata_admission_tests::declared_adapters_fail_closed_because_this_path_cannot_apply_them ... ok
test engine::load::metadata_admission_tests::structural_defect_still_fails_closed ... ok
test engine::load::metadata_admission_tests::unsupported_declared_capability_is_reported_but_does_not_block_decode ... ok
test engine::load::metadata_admission_tests::workflow_declared_parameter_overlay_also_fails_closed_without_an_adapter_service ... ok
test engine::load::metadata_admission_tests::workflow_manifest_capabilities_do_not_block_the_bare_decoder ... ok
test engine::load::mtp_seed_tests::a_declared_hidden_output_outranks_the_sidecar_seed ... ok
test engine::load::mtp_seed_tests::a_sidecar_seed_names_the_hidden_output_an_abi_left_unset ... ok
test engine::load::mtp_seed_tests::an_unnamed_seed_declines_instead_of_declaring_an_empty_port ... ok
test engine::load::pool_sizing_tests::a_binding_ceiling_is_still_allocated_eagerly ... ok
test engine::load::pool_sizing_tests::a_budget_below_one_page_still_yields_one_page ... ok
test engine::load::pool_sizing_tests::a_budget_larger_than_the_model_reserves_only_the_model ... ok
test engine::load::pool_sizing_tests::a_huge_budget_does_not_produce_a_huge_pool ... ok
test engine::load::pool_sizing_tests::a_pool_without_geometry_is_bounded_rather_than_derived ... ok
test engine::load::decode_core_coverage_tests::the_loader_declines_a_decode_contract_with_no_roles ... ok
test engine::load::pool_sizing_tests::explicit_vram_limit_does_not_reject_host_only_execution ... ok
test engine::load::pool_sizing_tests::committed_native_profiles_use_ort_kv_page_geometry ... ok
test engine::load::pool_sizing_tests::explicit_vram_limit_fails_without_an_offload_capable_backend ... ok
test engine::load::pool_sizing_tests::host_memory_caps_the_pool_even_when_the_kv_budget_would_allow_more ... ok
test engine::load::pool_sizing_tests::native_kv_reservation_falls_back_to_metadata ... ok
test engine::load::pool_sizing_tests::native_kv_reservation_ignores_unbounded_runtime_capacity_without_metadata ... ok
test engine::load::pool_sizing_tests::native_kv_reservation_uses_metadata_after_unbounded_runtime_capacity ... ok
test engine::load::pool_sizing_tests::native_kv_reservation_uses_runtime_capacity_before_metadata ... ok
test engine::load::pool_sizing_tests::native_state_only_scheduler_does_not_require_kv_geometry ... ok
test engine::load::pool_sizing_tests::offload_reserves_what_the_device_holds_not_the_whole_package ... ok
test engine::load::pool_sizing_tests::offload_startup_reservation_leaves_one_kv_page_unwarned ... ok
test engine::load::pool_sizing_tests::pages_derived_from_a_budget_produce_a_pool_that_fits_that_budget ... ok
test engine::load::pool_sizing_tests::the_budget_still_caps_a_working_set_that_does_not_fit ... ok
test engine::memory_plan::tests::a_holders_tier_comes_from_the_holder ... ok
test engine::memory_plan::tests::a_host_tier_pool_is_not_added_back ... ok
test engine::memory_plan::tests::a_reservation_that_was_not_applied_is_not_charged ... ok
test engine::memory_plan::tests::a_zero_byte_claim_takes_no_lease ... ok
test engine::memory_plan::tests::all_covers_every_holder_id ... ok
test engine::memory_plan::tests::charging_the_fixed_reservation_leaves_the_rest_for_every_other_holder ... ok
test engine::memory_plan::tests::every_holder_has_its_own_identity ... ok
test engine::memory_plan::tests::native_device_kv_reservation_is_available_to_admission ... ok
test engine::memory_plan::tests::only_device_tier_holders_reach_the_add_back ... ok
test engine::memory_plan::tests::provider_pool_adoption_replaces_the_fixed_weight_reservation ... ok
test engine::memory_plan::tests::releasing_a_holder_spans_each_reservation_entry ... ok
test engine::memory_plan::tests::releasing_the_plan_returns_the_bytes_to_the_tier ... ok
test engine::memory_plan::tests::the_tier_total_counts_leases_the_plan_does_not_hold ... ok
test engine::memory_plan::tests::two_holders_cannot_both_be_granted_more_than_the_tier_has ... ok
test engine::memory_strategy::tests::an_enforcing_backend_does_not_warn_even_when_over_budget ... ok
test engine::memory_strategy::tests::an_unenforced_budget_that_is_not_exceeded_stays_quiet ... ok
test engine::memory_strategy::tests::an_unmeasured_device_budget_does_not_warn ... ok
test engine::memory_strategy::tests::deleting_graph_inference_changes_the_plan ... ok
test engine::memory_strategy::tests::dense_over_budget_plan_drives_scan_resistant_application ... ok
test engine::memory_strategy::tests::dynamic_unsupported_graph_reports_unknown_and_preserves_compatibility ... ok
test engine::memory_strategy::tests::explicit_override_changes_effective_strategy_and_application ... ok
test engine::memory_strategy::tests::fitting_model_is_full_resident_without_offload ... ok
test engine::memory_strategy::tests::fitting_moe_is_full_resident_and_over_budget_moe_is_routing_aware ... ok
test engine::memory_strategy::tests::force_managed_weight_streaming_env_parsing ... ok
test engine::memory_strategy::tests::legacy_opt_out_no_flag_keeps_compatibility_gate ... ok
test engine::memory_strategy::tests::managed_default_no_flag_fitting_model_is_full_resident_without_paging ... ok
test engine::memory_strategy::tests::managed_default_no_flag_over_budget_model_auto_streams ... ok
test engine::memory_strategy::tests::managed_default_over_budget_moe_auto_streams ... ok
test engine::memory_strategy::tests::managed_streaming_force_knob_overrides_wddm_default ... ok
[0;93m2026-08-24 10:02:27.621187971 [W:onnxruntime:onnx-genai-engine-native-kv-geometry-test, device_discovery.cc:146 GetPciBusId] Skipping pci_bus_id for PCI path at "/sys/devices/LNXSYSTM:00/LNXSYBUS:00/ACPI0004:00/MSFT1000:00/5620e0c7-8062-4dce-aeb7-520c7ef76171" because filename "5620e0c7-8062-4dce-aeb7-520c7ef76171" did not match expected pattern of [0-9a-f]+:[0-9a-f]+:[0-9a-f]+[.][0-9a-f]+[m
test engine::memory_strategy::tests::model_path_inference_reads_live_graph_fixture ... ok
test engine::memory_strategy::tests::perturbing_the_plan_changes_the_runtime_application ... ok
test engine::memory_strategy::tests::resident_f32_cache_admitted_when_expanded_footprint_fits ... ok
test engine::memory_strategy::tests::resident_f32_cache_declined_when_expanded_footprint_exceeds_budget ... ok
test engine::memory_strategy::tests::unenforced_budget_overrun_reports_the_reported_percentage ... ok
test engine::memory_strategy::tests::unknown_device_capacity_is_reported_as_unknown_not_a_false_fit ... ok
test engine::memory_strategy::tests::unmeasured_device_still_reports_host_resident_fit ... ok
test engine::memory_strategy::tests::wddm_explicit_device_budget_override_is_still_honored ... ok
test engine::memory_strategy::tests::wddm_explicit_offload_request_is_still_honored ... ok
test engine::memory_strategy::tests::wddm_explicit_vram_limit_is_still_honored ... ok
test engine::memory_strategy::tests::wddm_fitting_model_is_unaffected_and_stays_full_resident ... ok
test engine::memory_strategy::tests::wddm_over_budget_moe_prefers_shared_memory ... ok
test engine::memory_strategy::tests::wddm_over_budget_prefers_shared_memory_and_disables_streaming ... ok
test engine::memory_strategy::tests::zero_f32_cache_always_admits_and_reports_on_disk_weight ... ok
test engine::metadata::metadata_hint_tests::forced_model_device_cannot_override_programmatic_device ... ok
test engine::metadata::metadata_hint_tests::forced_model_device_reaches_default_session_options ... ok
test engine::metadata::metadata_hint_tests::heterogeneous_forced_model_devices_fail_actionably ... ok
test engine::metadata::metadata_hint_tests::lightweight_model_scan_reads_all_metadata_scopes ... ok
test engine::metadata::metadata_hint_tests::lightweight_model_scan_recurses_graph_attributes ... ok
test engine::metadata::metadata_hint_tests::lightweight_model_scan_reports_unknown_and_malformed_values ... ok
test engine::metadata::metadata_hint_tests::lightweight_scan_keeps_anonymous_top_level_nodes_distinct ... ok
test engine::metadata::metadata_hint_tests::lightweight_scan_keeps_slash_named_top_level_and_nested_nodes_distinct ... ok
test engine::metadata::metadata_hint_tests::model_arena_hints_configure_default_governor_limits ... ok
test engine::metadata::metadata_hint_tests::programmatic_device_overrides_model_preference ... ok
test engine::metadata::metadata_hint_tests::programmatic_memory_limit_has_priority_over_model_hint ... ok
test engine::metadata::metadata_hint_tests::unsupported_preferred_device_is_advisory ... ok
test engine::placement::tests::qmoe_static_placement_accepts_cast_backed_scale_initializers ... ok
test engine::runtime::canonical_refusal_tests::a_malformed_end_token_declaration_is_an_error ... ok
test engine::load::pool_sizing_tests::native_graph_io_kv_page_cost_matches_ort_session_for_same_model ... ok
test embedding::tests::logits_only_model_returns_a_clear_capability_error ... ok
test engine::runtime::tests::a_bound_tensor_does_not_exempt_a_request_from_scheduler_admission ... ok
test engine::runtime::tests::a_tensor_bound_request_signals_admission_exactly_once ... ok
test engine::runtime::tests::an_admitted_interpreted_request_releases_its_reservation_for_the_next_one ... ok
test engine::runtime::tests::create_session_refuses_a_package_that_declares_no_conversation ... ok
test engine::runtime::tests::native_backend_batching_capability_reports_single_sequence ... ok
test engine::runtime::tests::native_generate_in_workflow_session_rejects_over_kv_byte_budget ... ok
test engine::runtime::tests::native_generate_rejects_over_kv_byte_budget_before_backend_run ... ok
test engine::runtime::tests::ort_and_native_generation_use_scheduler_admission ... ok
test engine::runtime::tests::speculative_workspace_rows_follow_the_exact_runtime_plan ... ok
test engine::session_state::tests::a_backend_rejection_leaves_the_session_untouched ... ok
test engine::session_state::tests::a_checkpoint_records_the_logical_length ... ok
test engine::session_state::tests::a_missing_session_is_reported_the_same_way_everywhere ... ok
test engine::session_state::tests::an_in_bounds_rewind_reaches_the_backend ... ok
test engine::session_state::tests::reset_and_close_require_the_session_then_reach_the_backend ... ok
test engine::session_state::tests::rewind_by_converts_to_an_absolute_target ... ok
test engine::session_state::tests::rewinding_by_more_than_the_length_is_rejected_with_the_shared_message ... ok
test engine::session_state::tests::rewinding_past_the_length_is_rejected_with_the_shared_message ... ok
test engine::session_state::tests::the_rewind_bound_check_lives_only_in_the_shared_policy ... ok
test engine::tests::an_explicit_byte_limit_is_honored_without_a_device_query ... ok
test engine::tests::auto_backend_detection_reads_onnx_node_types_not_incidental_strings ... ok
test engine::tests::backend_and_control_flow_scans_parse_textproto_fixture ... ok
test engine::tests::backend_env_values_are_case_insensitive_and_reject_unknown_values ... ok
test engine::tests::cached_prefix_pages_survive_rewind_and_divergent_write ... ok
test engine::tests::common_prefix_len_stops_before_rejected_draft_token ... ok
test engine::tests::control_flow_scan_conservatively_handles_truncated_control_flow_model ... ok
test engine::tests::control_flow_scan_conservatively_skips_uninspectable_models ... ok
test engine::tests::control_flow_scan_detects_standard_onnx_control_flow_ops ... ok
test engine::tests::control_flow_scan_ignores_custom_domain_control_flow_names ... ok
test engine::tests::control_flow_scan_ignores_regular_ops ... ok
test engine::tests::control_flow_scan_reads_nodes_past_large_inline_weights ... ok
test engine::tests::custom_sampler_can_select_after_default_processors ... ok
test engine::tests::default_processor_chain_is_empty_for_unchanged_defaults ... ok
test embedding::tests::embed_text_agrees_with_tokenize_then_embed ... ok
test engine::tests::engine_governors_keep_disabled_host_cache_budgets_governed ... ok
test engine::tests::explicit_backend_ignores_env_and_auto_honors_it ... ok
test engine::tests::failed_rewind_of_ort_owned_kv_leaves_session_unchanged ... ok
test engine::tests::failed_rewind_of_runner_backed_state_leaves_session_unchanged ... ok
test engine::tests::failed_rewind_of_windowed_evicted_position_leaves_session_unchanged ... ok
test engine::tests::fim_generation_runs_with_fim_capable_model ... ignored, requires ONNX_GENAI_FIM_MODEL_DIR to point at a FIM-capable coder model
test engine::tests::finish_reason_detects_eos_before_stop_sequence ... ok
test engine::tests::finish_reason_detects_stop_sequence ... ok
test engine::tests::forced_native_load_or_run_failure_includes_ort_switch_hint ... ok
test engine::tests::forced_ort_load_failure_includes_native_switch_hint ... ok
test engine::tests::governor_handle_reflects_configured_limits_without_a_model ... ok
test engine::tests::governor_handle_rejects_disabled_runtime_override ... ok
test engine::tests::governor_snapshot_reports_usage_limit_and_headroom_for_each_enabled_tier ... ok
test engine::tests::greedy_selection_uses_argmax_after_processors ... ok
test engine::tests::incomplete_json_constraint_rejects_length_finishes ... ok
test engine::tests::json_constraint_defers_stop_until_value_is_complete ... ok
test engine::runtime::canonical_refusal_tests::every_constructor_presents_the_declared_workflow ... ok
test embedding::tests::pools_fixture_hidden_states_with_mean_last_and_normalization ... ok
test engine::tests::native_recurrent_prefix_hit_matches_cold_output ... ok
test engine::tests::native_semantic_prefix_on_dense_session_generates_without_snapshot_support ... ok
test engine::load::decode_core_coverage_tests::nothing_the_decode_core_covers_is_composite_elsewhere ... ok
test engine::tests::ort_cuda_graph_configuration_is_opt_in ... ok
test engine::tests::paged_kv_fork_shares_prefix_then_diverges_copy_on_write ... ok
test embedding::tests::rejects_empty_embedding_input ... ok
test engine::tests::local_tiered_connector_fetch_reuse_is_token_identical ... ok
test engine::tests::processor_chain_includes_json_constraint_before_sampling_filters ... ok
test engine::tests::sampled_selection_can_pick_non_argmax ... ok
test engine::tests::processor_chain_uses_documented_order ... ok
test engine::runtime::canonical_refusal_tests::a_package_without_a_workflow_does_not_load ... ok
test engine::tests::null_connector_default_leaves_behavior_unchanged ... ok
test engine::tests::local_tiered_connector_stores_prefill_chunks ... ok
test engine::tests::scatter_fixture_does_not_select_static_cache_from_metadata ... ok
test engine::tests::tiny_fixture_generates_requested_tokens_end_to_end ... ok
test embedding::tests::tokenize_round_trips_and_matches_internal_path ... ok
test engine::tests::tiny_fixture_session_fork_fails_closed_until_runner_state_supported ... ok
test engine::tests::tiny_fixture_returns_opt_in_per_token_logprobs ... ok
test engine::tests::tiny_fixture_session_persists_context_across_turns ... ok
test engine::tests::token_logprobs_use_log_softmax_and_sorted_top_tokens ... ok
test fim::tests::detects_fim_pipe_tokens_from_tokenizer_config ... ok
test fim::tests::detects_pre_mid_suf_tokens_from_tokenizer_config ... ok
test fim::tests::formats_psm_prompt ... ok
test fim::tests::formats_spm_prompt ... ok
test kv_bridge::tests::attaches_prefix_pages_and_selects_only_pages_needed_for_length ... ok
test kv_bridge::tests::chunk_payload_from_exported_multilayer_preserves_layer_head_token_dim_ordering ... ok
test kv_bridge::tests::configured_dtype_f32_flows_into_page_tensor_config ... ok
test kv_bridge::tests::configured_dtype_fp8_e4m3fn_flows_into_page_tensor_config ... ok
test kv_bridge::tests::configured_dtype_fp8_e5m2_flows_into_page_tensor_config ... ok
test engine::tests::tiny_fixture_session_rewind_to_checkpoint_reports_unsupported_runner_state ... ok
test engine::tests::device_policy_reaches_native_load_and_profiles_placement ... ok
test kv_bridge::tests::extracts_tokens_from_present_tensor_and_reports_bad_layouts ... ok
test kv_bridge::tests::layer_configs_are_built_per_exported_kv_layer_with_shared_layer_fold ... ok
test kv_bridge::tests::configured_dtype_int8_flows_into_page_tensor_config ... ok
test engine::tests::tiny_fixture_stops_at_explicit_context_length_without_ort_error ... ok
test kv_bridge::tests::native_kv_specs_retain_asymmetric_past_tensor_geometry_and_dtype ... ok
test engine::tests::tiny_fixture_session_stops_at_explicit_context_length_without_ort_error ... ok
test kv_bridge::tests::pair_kv_ports_accepts_empty_lists_as_no_layers ... ok
test kv_bridge::tests::pair_kv_ports_groups_interleaved_key_value_by_declared_order ... ok
test kv_bridge::tests::pair_kv_ports_rejects_odd_port_count_naming_the_key ... ok
test kv_bridge::tests::pair_kv_ports_rejects_unequal_lengths_naming_both_keys ... ok
test kv_bridge::tests::refuses_to_collect_more_pages_than_a_sequence_holds ... ok
test kv_bridge::tests::speculative_draft_realignment_allows_runner_backed_rewind_validation ... ok
test kv_bridge::tests::speculative_target_rejection_allows_runner_backed_rewind_validation ... ok
test kv_bridge::tests::validates_kv_metadata_and_shape_helpers ... ok
test kv_bridge::tests::explicit_io_binds_decode_ports_purely_from_metadata_names ... ok
test engine::tests::tiny_fixture_uses_past_present_decode_session_with_stable_greedy_output ... ok
test kv_sizing::tests::ambiguous_context_axes_are_refused_not_guessed ... ok
test kv_sizing::tests::asymmetric_key_and_value_head_sizes_are_sized_independently ... ok
test kv_sizing::tests::symmetric_head_sizes_still_sum_to_twice_one_side ... ok
test logits::tests::dry_empty_and_short_contexts_are_noops ... ok
test logits::tests::dry_penalizes_only_continuations_of_repeated_suffixes ... ok
test logits::tests::dry_penalty_grows_for_longer_repeated_suffix ... ok
test logits::tests::dry_sequence_breaker_resets_suffix_matching ... ok
test logits::tests::dry_zero_multiplier_is_noop ... ok
test logits::tests::fixed_seed_sampling_matches_full_sort_top_k_top_p_chain ... ok
test logits::tests::frequency_penalty_scales_with_generated_count ... ok
test logits::tests::json_constraint_generates_parseable_balanced_json_values ... ok
test logits::tests::json_constraint_masks_invalid_tokens_and_allows_eos_only_when_complete ... ok
test logits::tests::json_schema_constraint_generates_schema_valid_objects ... ok
test logits::tests::min_p_masks_relative_to_top_token_probability ... ok
test logits::tests::mirostat_feedback_moves_mu_in_both_directions ... ok
test logits::tests::mirostat_single_token_distribution_remains_sampleable ... ok
test logits::tests::mirostat_v1_estimates_zipf_slope_and_keeps_expected_top_k ... ok
test logits::tests::mirostat_v2_state_persists_and_surprise_converges_toward_tau ... ok
test logits::tests::presence_penalty_applies_once_per_generated_token ... ok
test logits::tests::processor_chain_builder_registers_custom_processors_and_constraints ... ok
test logits::tests::regex_constraint_forces_matching_output ... ok
test logits::tests::repetition_penalty_applies_once_per_seen_token ... ok
test logits::tests::repetition_penalty_disabled_is_identity ... ok
test logits::tests::repetition_penalty_window_limits_to_recent_tokens ... ok
test logits::tests::repetition_penalty_window_zero_penalizes_nothing ... ok
test logits::tests::stop_sequence_signals_token_suffix_and_text_suffix ... ok
test logits::tests::temperature_scales_logits ... ok
test engine::tests::tiny_fixture_speculative_matches_plain_greedy_with_k_gt_one ... ok
test kv_bridge::tests::ort_recurrent_state_guard_is_noop_for_attention_only_model ... ok
test logits::tests::the_softmax_helper_reports_nan_and_neg_infinity_correctly ... ok
test logits::tests::the_softmax_helper_reserves_once_and_does_not_allocate_an_empty_zero_list ... ok
test logits::tests::top_a_disabled_equal_and_single_token_distributions_are_safe ... ok
test logits::tests::top_a_uses_squared_top_probability_threshold_inclusively ... ok
test kv_bridge::tests::ort_recurrent_state_guard_trips_for_hybrid_recurrent_model ... ok
test logits::tests::top_k_masks_tokens_below_threshold ... ok
test kv_bridge::tests::windowed_past_present_keeps_absolute_positions_with_bounded_past ... ok
test logits::tests::top_p_keeps_minimal_nucleus_and_at_least_one_token ... ok
test kv_bridge::tests::windowed_past_present_pins_attention_sink_rows ... ok
test logits::tests::typical_p_handles_noop_equal_and_single_token_distributions ... ok
test logits::tests::typical_p_keeps_tokens_nearest_entropy_until_mass_is_reached ... ok
test logits::tests::unconstrained_logits_are_unaffected ... ok
test logits::tests::xtc_excludes_probability_exactly_at_threshold ... ok
test logits::tests::xtc_one_token_above_threshold_is_noop ... ok
test logits::tests::xtc_probability_one_keeps_exact_expected_set ... ok
test logits::tests::xtc_probability_zero_is_noop ... ok
test logits::tests::xtc_threshold_zero_never_admits_masked_tokens_or_masks_every_valid_token ... ok
test logits::tests::xtc_uses_seeded_reproducible_probability_draws ... ok
test memory_authority::tests::compatibility_domains_receive_distinct_authorities ... ok
test memory_authority::tests::shared_authority_combines_headroom_and_releases_per_lease ... ok
test native_decode::cuda::capture_step_inputs_gate_tests::falsy_values_opt_out_to_eager ... ok
test native_decode::cuda::capture_step_inputs_gate_tests::truthy_and_unknown_values_keep_capture_on ... ok
test native_decode::cuda::capture_step_inputs_gate_tests::unset_env_defaults_to_capture_on ... ok
test native_decode::cuda::decode_batch_resolution_tests::an_explicit_request_is_honoured ... ok
test native_decode::cuda::decode_batch_resolution_tests::nothing_requested_and_no_env_resolves_to_one ... ok
test native_decode::cuda::decode_batch_resolution_tests::zero_is_refused_from_either_source ... ok
test native_decode::cuda::device_kv_view_tests::device_kv_view_uses_physical_stride ... ok
test native_decode::cuda::prefill_query_width_tests::a_forward_wider_than_the_chunk_runs_exactly ... ok
test native_decode::cuda::prefill_query_width_tests::a_single_query_row_is_never_padded ... ok
test native_decode::cuda::prefill_query_width_tests::a_tensor_that_is_not_per_token_refuses_to_pad ... ok
test kv_bridge::tests::model_backed_bridge_paths_are_deterministic ... ok
test native_decode::cuda::prefill_query_width_tests::padding_a_step_tensor_repeats_its_last_row ... ok
test native_decode::cuda::prefill_query_width_tests::padding_never_narrows_and_never_overshoots_a_step ... ok
test native_decode::cuda::prefill_query_width_tests::padding_to_the_same_width_is_declined ... ok
test native_decode::cuda::prefill_query_width_tests::the_ladder_never_outgrows_its_step_count ... ok
test native_decode::cuda::prefill_query_width_tests::a_tiny_chunk_width_keeps_the_minimum_step ... ok
test native_decode::cuda::prefill_query_width_tests::widths_round_up_to_a_three_step_ladder ... ok
test native_decode::cuda::verify_capture_helper_tests::verify_capture_inactive_by_default ... ok
test native_decode::cuda::verify_capture_helper_tests::verify_phase_latches_to_eager_after_repeated_invalidation ... ok
test native_decode::cuda::verify_capture_helper_tests::widen_query_last_replaces_unit_trailing_axis ... ok
test native_decode::cuda::prefill_query_width_tests::without_a_declared_chunk_width_nothing_is_padded ... ok
test native_decode::cuda::verify_capture_helper_tests::widen_query_seq_replaces_unit_query_axis ... ok
test native_decode::kv_commit::tests::bytes_per_token_matches_both_layouts ... ok
test native_decode::kv_commit::tests::above_crossover_the_layouts_converge ... ok
test native_decode::kv_commit::tests::empty_prefix_commits_nothing ... ok
test native_decode::kv_commit::tests::head_major_is_one_fragment_per_head_stripe ... ok
test native_decode::kv_commit::tests::head_major_batch_n_is_one_fragment_per_sequence_head ... ok
test native_decode::kv_commit::tests::near_empty_floor_is_kv_heads_times_smaller_seq_major_qwen05b ... ok
test native_decode::kv_commit::tests::near_empty_floor_is_kv_heads_times_smaller_seq_major_qwen14b ... ok
test native_decode::kv_commit::tests::overlapping_windows_are_counted_once ... ok
test native_decode::kv_commit::tests::seq_major_batch_n_is_one_dense_run_per_sequence ... ok
test native_decode::kv_commit::tests::seq_major_is_one_dense_run_from_zero ... ok
test native_decode::kv_commit::tests::valid_len_is_clamped_to_capacity ... ok
test native_decode::paged_gqa::tests::paged_matches_flat_group_broadcast ... ok
test native_decode::paged_gqa::tests::paged_matches_flat_mha_multistep ... ok
test native_decode::paged_gqa::tests::paged_matches_flat_mqa ... ok
test native_decode::paged_gqa::tests::paged_matches_flat_page_boundary_exact ... ok
test native_decode::paged_gqa::tests::paged_matches_flat_prefill_then_decode ... ok
test native_decode::paged_gqa::tests::paged_matches_flat_sliding_window ... ok
test native_decode::paged_gqa::tests::steady_decode_allocates_zero_present_buffers ... ok
test native_decode::prefill_chunk_tests::only_a_leading_batch_of_one_exposes_a_sequence_axis ... ok
test native_decode::prefill_chunk_tests::slicing_a_step_input_takes_exactly_its_row_range ... ok
test native_decode::prefill_chunk_tests::slicing_past_the_sequence_axis_is_refused ... ok
test native_decode::paged_gqa::tests::paged_matches_flat_with_softcap ... ok
test native_decode::tensor::kv_convert_tests::kv_f16_widen_matches_half_reference ... ok
test native_decode::tensor::kv_convert_tests::kv_f32_widen_is_identity ... ok
test native_decode::tests::a_decoder_declaring_no_pairs_needs_no_kv_reservation ... ok
test native_decode::tests::a_decoder_without_recurrent_layers_needs_no_recurrent_state ... ok
test native_decode::tests::all_pasts_consumed_by_gqa_false_for_concat_producer ... ok
test native_decode::tests::all_pasts_consumed_by_gqa_true_only_when_every_past_feeds_gqa ... ok
test native_decode::tests::an_undeclared_input_of_the_same_shape_is_not_charged ... ok
test native_decode::tests::capture_fallback_emits_each_structured_decline_to_tracer ... ok
test native_decode::tests::cpu_inplace_kv_max_len_env_parsing ... ok
test native_decode::tests::cuda_fixed_state_shapes_reject_unbounded_non_batch_dimensions ... ok
test native_decode::tests::cuda_kv_capacity_error_explains_source_and_device_memory ... ok
test native_decode::tests::cuda_kv_capacity_honors_env_before_metadata ... ok
test native_decode::tests::cuda_kv_capacity_metadata_caps_oversized_explicit_override ... ok
test native_decode::tests::cuda_kv_capacity_uses_metadata_as_default_fact ... ok
test native_decode::tests::cuda_kv_capacity_without_metadata_is_unbounded_until_growth_fails ... ok
test native_decode::tests::cuda_persistent_state_shapes_preserve_growing_kv_and_fixed_recurrent_geometry ... ok
test native_decode::tests::cuda_persistent_state_shapes_thread_batch_axis_0 ... ok
test native_decode::tests::declared_position_rank_maps_graph_shape ... ok
test native_decode::tests::decode_cpu_kv_state_declines_non_gqa_model ... ok
test native_decode::tests::decode_inline_never_routes_when_decoder_has_eager_step_inputs ... ok
test native_decode::tests::decode_inline_never_routes_when_disabled_or_unbuilt ... ok
test native_decode::tests::decode_inline_routes_only_single_token_when_enabled ... ok
test native_decode::tests::every_decode_level_capture_decline_names_its_predicate ... ok
test native_decode::tests::graph_capture_auto_declines_for_non_owned_or_non_cuda ... ok
test native_decode::tests::graph_capture_auto_enables_for_owned_cuda_kv ... ok
test native_decode::tests::graph_capture_env_explicit_overrides_auto_decision ... ok
test native_decode::tests::graph_capture_programmatic_override_wins_over_env_and_structure ... ok
test native_decode::tests::graph_uses_decode_pool_detects_quantized_ops_including_subgraphs ... ok
test native_decode::tests::growing_a_completely_full_cpu_kv_cache_preserves_every_row ... ok
test native_decode::tests::growing_an_empty_cpu_kv_cache_carries_nothing ... ok
test native_decode::tests::growing_the_cpu_kv_cache_grows_every_pair_independently ... ok
test logits::tests::top_p_fast_path_keeps_same_nucleus_as_full_sort ... ok
test native_decode::tests::growing_the_cpu_kv_cache_relocates_every_head ... ok
test native_decode::tests::growing_the_cpu_kv_cache_twice_reads_the_current_stride ... ok
test native_decode::tests::kv_growth_byte_layout_keeps_head_major_bnsh_and_permutes_seq_major_to_bsnh ... ok
test native_decode::tests::kv_growth_byte_layout_refuses_seq_major_batch_n_and_allows_head_major_batch_n ... ok
test native_decode::tests::growing_within_the_existing_capacity_is_a_no_op ... ok
test native_decode::tests::kv_is_sized_at_full_context_per_sequence ... ok
test native_decode::tests::native_decode_accepts_last_token_only_logits_and_advances_kv ... ok
test native_decode::tests::native_decode_option_c_scaffolding_is_dormant_by_default ... ok
test native_decode::tensor::kv_convert_tests::kv_f16_roundtrip_is_bit_exact ... ok
test native_decode::tests::native_decode_advances_kv_and_rewinds ... ok
test native_decode::tests::native_decode_verify_requires_matching_past_and_nonempty_draft ... ok
test native_decode::tests::native_decoder_auto_derive_skips_dense_ambiguous_decoder ... ok
test native_decode::tests::native_decoder_auto_derives_hybrid_state_io ... ok
test native_decode::tests::native_decoder_requires_explicit_ambiguous_io ... ok
test native_decode::tests::native_logits_shapes_match_ort_semantics ... ok
test native_decode::tests::native_decode_verify_then_rewind_matches_fresh_decode ... ok
test native_decode::tests::native_kv_mirror_gate_excludes_hybrid_recurrent_decoders ... ok
test native_decode::tests::native_recurrent_snapshot_requires_recurrent_state ... ok
test native_decode::tests::native_target_step_preserves_token_driven_binding ... ok
test native_decode::tests::native_target_step_binds_declared_inputs_embeds_instead_of_tokens ... ok
test native_decode::tests::native_target_step_resolves_routed_component_output_by_declared_port ... ok
test native_decode::tests::native_recurrent_commit_matches_accepted_prefix_replay ... ok
test native_decode::tests::persistent_auxiliary_output_shape_is_fixed_and_rejects_strings ... ok
test native_decode::tests::persistent_output_shape_threads_batch_only_on_axis_0 ... ok
test native_decode::tests::recurrent_state_is_not_charged_as_kv ... ok
test native_decode::tests::recurrent_state_is_sized_per_sequence_from_the_graph ... ok
test native_decode::tests::seq_major_growth_is_fixed_stride_and_moves_no_bytes ... ok
test native_decode::tests::tensor_argmax_matches_across_supported_logits_dtypes ... ok
test native_decode::tests::tensor_argmax_reads_only_the_final_logits_row_and_keeps_first_tie ... ok
test native_decode::tests::tensor_argmax_rejects_non_finite_logits_like_full_extraction ... ok
test native_decode::tests::native_verify_logits_require_restored_recurrent_state ... ok
test native_decode::tests::unit_symbol_collection_is_structural_and_batch_aware ... ok
test native_decode::tests::unresolved_symbolic_axis_flags_only_non_unit_symbols ... ok
test native_decode::tests::weight_offload_forces_graph_capture_off ... ok
test native_decode::tests::weight_offload_on_stable_va_path_keeps_graph_capture ... ok
test native_decode::tests::tiny_decoder_matches_across_inplace_env_toggle ... ok
test pipeline::adapters::tests::heterogeneous_composition_compaction_and_cache_lifecycle ... ok
test pipeline::adapters::tests::one_artifact_supports_heterogeneous_target_rank_and_alpha ... ok
test pipeline::adapters::tests::wire_selection_is_strict_ordered_ssa ... ok
test pipeline::arg_reduce::direct::direct_lowering_leaves_a_degenerate_reduction_as_authored ... ok
test pipeline::arg_reduce::direct::direct_lowering_still_reports_nothing_for_narrow_reductions ... ok
test native_decode::tests::native_verify_then_recurrent_commit_matches_accepted_prefix_replay ... ok
test pipeline::arg_reduce::tests::degenerate_sampler_argmax_is_tiled_into_two_stages ... ok
test pipeline::arg_reduce::tests::keepdims_output_skips_the_trailing_reshape ... ok
test pipeline::arg_reduce::tests::small_or_unfactorable_extents_are_left_alone ... ok
test pipeline::arg_reduce::tests::symbolic_or_small_reductions_are_not_rewritten ... ok
test pipeline::arg_reduce::tests::a_cast_in_front_of_the_reduction_stays_visible ... ok
test pipeline::arg_reduce::tests::tiling_factors_minimize_the_longest_serial_scan ... ok
test logits::tests::top_k_selection_threshold_matches_full_sort_on_large_vocab ... ok
test pipeline::audio::tests::downsampling_suppresses_energy_above_destination_nyquist ... ok
test pipeline::audio::tests::resolver_reports_every_output_when_multiple_are_compatible ... ok
test pipeline::audio::tests::resolver_reports_nothing_when_no_output_is_compatible ... ok
test pipeline::audio::tests::resolver_reports_only_the_compatible_output_when_one_is_incompatible ... ok
test pipeline::audio::tests::speech_delivery_capability_requires_buffered_pcm16_wav_audio ... ok
test pipeline::audio::tests::resampling_44100_to_32000_has_exact_rounded_length_and_preserves_stereo ... ok
test pipeline::audio::tests::wav_header_and_interleaved_pcm_data_are_exact ... ok
test pipeline::audio::tests::wav_validation_rejects_non_pcm16_and_inconsistent_data_lengths ... ok
test pipeline::device_ops::tests::a_gather_id_outside_the_table_is_an_error ... ok
test pipeline::device_ops::tests::a_host_value_resolves_to_host_operations ... ok
test pipeline::device_ops::tests::a_scatter_past_the_feature_axis_is_rejected ... ok
test pipeline::device_ops::tests::a_scatter_with_mismatched_rows_is_rejected ... ok
test pipeline::device_ops::tests::host_argmax_agrees_with_the_value_convention ... ok
test pipeline::device_ops::tests::host_gather_rows_selects_declared_rows ... ok
test pipeline::device_ops::tests::host_last_along_axis_keeps_the_final_index ... ok
test pipeline::device_ops::tests::host_slice_axis_handles_a_strided_window ... ok
test pipeline::device_ops::tests::the_narrowings_are_windows_of_one_primitive ... ok
test pipeline::islands::tests::cuda_runtime_capability_selects_direct_wide_argmax ... ok
test pipeline::device_ops::tests::host_scatter_assembles_both_halves_in_place ... ok
test pipeline::islands::tests::fused_session_residency_counts_each_linked_initializer_copy ... ok
test pipeline::islands::tests::linker_alpha_renames_artifact_local_symbols_with_different_runtime_extents ... ok
test pipeline::islands::tests::linker_preserves_unique_local_function_identity_and_renames_collisions ... ok
test pipeline::islands::tests::only_pure_fixed_onnx_components_are_fusible ... ok
test pipeline::islands::tests::sampler_fusion_requires_the_per_row_batching_abi ... ok
test pipeline::islands::tests::termination_and_state_fusion_require_heterogeneous_batch_contracts ... ok
test pipeline::islands::tests::external_initializers_are_linked_by_path_without_copying_bytes ... ok
test pipeline::islands::tests::unknown_or_non_cuda_runtime_selects_portable_tiling ... ok
test pipeline::iteration_runtime_tests::a_variant_runtimes_transfers_are_counted_as_the_packages ... ok
test pipeline::row_state::tests::an_empty_selection_drains_every_row ... ok
test pipeline::row_state::tests::compaction_may_clone_a_row_for_beam_or_speculative_expansion ... ok
test pipeline::row_state::tests::compaction_moves_rows_to_their_new_positions ... ok
test pipeline::row_state::tests::compaction_rejects_an_out_of_range_source_row ... ok
test pipeline::row_state::tests::release_drops_one_row_and_keeps_the_rest_in_order ... ok
test pipeline::speculative::rollback_residency_tests::a_carry_reduces_to_its_final_position ... ok
test pipeline::speculative::rollback_residency_tests::a_contiguous_prefix_truncates_to_the_kept_prefix ... ok
test pipeline::speculative::rollback_residency_tests::a_length_beyond_the_cell_is_refused ... ok
test pipeline::speculative::rollback_residency_tests::a_strided_truncation_keeps_the_declared_elements ... ok
test pipeline::speculative::rollback_residency_tests::an_unchanged_length_keeps_every_element ... ok
test pipeline::speculative::rollback_residency_tests::truncation_agrees_with_the_slice_primitive ... ok
test pipeline::iteration_runtime_tests::every_authored_variant_is_folded_in ... ok
test pipeline::speculative::tests::a_chained_contract_keeps_its_bindings_and_carry_seed_live ... ok
test pipeline::speculative::tests::a_chained_proposer_must_declare_something_to_thread ... ok
test pipeline::speculative::tests::a_folded_carry_must_declare_its_seed_and_embedding_table ... ok
test pipeline::tests::fused_workflow_reserves_source_and_every_linked_initializer_copy ... ok
test pipeline::tests::managed_vmm_does_not_double_charge_initializer_residency ... ok
test pipeline::tests::workflow_initializer_reservation_rejects_overflow ... ok
test pipeline::workflow::loop_stop_cause_tests::the_stop_cause_defaults_to_the_bound ... ok
test pipeline::speculative::tests::only_a_chained_contract_keeps_values_live ... ok
test pipeline::workflow::loop_stop_cause_tests::the_stop_cause_reaches_the_counters ... ok
test pipeline::workflow::missing_input_tests::a_missing_required_input_is_recognized_through_the_context_wrapped_around_it ... ok
test pipeline::workflow::missing_input_tests::an_unrelated_failure_is_not_mistaken_for_a_missing_input ... ok
test pipeline::workflow::node_host_tests::a_host_executor_defines_the_declared_outputs ... ok
test pipeline::workflow::node_host_tests::an_unimplemented_contract_fails_closed ... ok
test pipeline::workflow::node_host_tests::the_registry_names_exactly_the_contracts_this_runtime_implements ... ok
test pipeline::workflow::workflow_sampling_binding_tests::greedy_requests_bind_argmax_forcing_sampler_parameters ... ok
test pipeline::workflow::workflow_sampling_binding_tests::greedy_sampling_roles_resolve_to_argmax_forcing_values ... ok
test pipeline::workflow::workflow_sampling_binding_tests::multi_row_prompt_tokens_require_equal_lengths ... ok
test pipeline::workflow::workflow_sampling_binding_tests::sampling_requests_bind_caller_parameters_unchanged ... ok
test pipeline::workflow::workflow_scalar_tests::append_interleaves_along_a_non_final_axis ... ok
test pipeline::workflow::workflow_scalar_tests::batched_branch_key_is_not_silently_reduced ... ok
test pipeline::workflow::workflow_scalar_tests::batched_loop_predicate_preserves_rows ... ok
test pipeline::workflow::workflow_sampling_binding_tests::multi_row_prompt_tokens_bind_as_rank_two ... ok
test pipeline::workflow::workflow_scalar_tests::element_literals_carry_per_position_constants ... ok
test pipeline::workflow::workflow_scalar_tests::growing_state_uses_recurrence_instead_of_freezing_its_symbol ... ok
test pipeline::workflow::workflow_scalar_tests::inactive_rows_follow_the_declared_nonleading_batch_axis ... ok
test pipeline::workflow::workflow_scalar_tests::inactive_requests_keep_all_of_their_expanded_guidance_rows ... ok
test pipeline::workflow::workflow_scalar_tests::inactive_rows_keep_their_previous_carry ... ok
test pipeline::workflow::workflow_scalar_tests::kv_service_accepts_per_row_growth_controls ... ok
test pipeline::workflow::workflow_scalar_tests::literals_and_append_support_declared_runtime_dtypes ... ok
test pipeline::workflow::workflow_scalar_tests::inactive_rows_keep_their_prefix_when_dense_state_grows ... ok
test pipeline::workflow::workflow_scalar_tests::row_emit_keeps_every_active_row_in_its_own_positional_slot ... ok
test pipeline::workflow::workflow_scalar_tests::row_replace_without_ragged_length_preserves_declared_extent_validation ... ok
test pipeline::workflow::workflow_scalar_tests::shared_loop_output_remains_available_for_multiple_carries ... ok
test pipeline::workflow::workflow_scalar_tests::single_row_vector_control_still_uses_ragged_output_namespace ... ok
test pipeline::workflow::workflow_scalar_tests::row_emit_slices_each_runtime_prefix_and_suppresses_guarded_rows ... ok
test pipeline::workflow::workflow_scalar_tests::text_assembly_is_admitted_as_an_api_boundary_adapter ... ok
test pipeline::workflow::workflow_scalar_tests::true_zero_length_row_emits_an_empty_value ... ok
test pipeline_cache::tests::a_different_attachment_misses ... ok
test pipeline_cache::tests::a_different_attachment_digests_differently ... ok
test pipeline_cache::tests::a_diverging_prompt_reuses_what_it_still_shares ... ok
test pipeline_cache::tests::a_hit_returns_the_memoized_outputs ... ok
test pipeline_cache::tests::a_prefix_key_carries_the_attachment_ahead_of_the_tokens ... ok
test pipeline_cache::tests::a_prompt_sharing_nothing_reuses_nothing ... ok
test pipeline_cache::tests::a_prompt_that_only_repeats_the_retained_context_still_prefills_a_token ... ok
test pipeline::arg_reduce::tests::tiled_semantics_match_direct_for_wide_rows_and_ties ... ok
test pipeline_cache::tests::all_128_bits_reach_the_key ... ok
test pipeline_cache::tests::a_zero_budget_disables_the_cache ... ok
test pipeline_cache::tests::an_appended_conversation_reuses_the_whole_retained_context ... ok
test pipeline_cache::tests::an_entry_larger_than_the_whole_budget_is_declined ... ok
test pipeline_cache::tests::determinism::a_model_with_no_graph_is_treated_as_memoizable ... ok
test pipeline_cache::tests::determinism::a_plain_encoder_graph_is_memoizable ... ok
test pipeline_cache::tests::determinism::a_random_operator_hidden_in_a_subgraph_still_counts ... ok
test pipeline_cache::tests::determinism::a_deterministic_model_local_function_stays_memoizable ... ok
test pipeline_cache::tests::determinism::a_graph_that_draws_random_numbers_is_not ... ok
test pipeline_cache::tests::determinism::a_random_operator_inside_a_model_local_function_still_counts ... ok
test pipeline_cache::tests::input_order_does_not_change_the_key ... ok
test pipeline_cache::tests::shape_is_part_of_the_key_even_when_the_bytes_match ... ok
test pipeline_cache::tests::the_input_name_is_part_of_the_key ... ok
test pipeline_cache::tests::identical_inputs_digest_identically ... ok
test pipeline_cache::tests::the_least_recently_used_entry_is_evicted_first ... ok
test pipeline_cache::tests::the_same_attachment_shares_everything_up_to_the_prompt_divergence ... ok
test pipeline_cache::tests::the_same_tokens_over_a_different_attachment_share_no_key_prefix ... ok
test platform_capacity::tests::disk_capacity_agrees_with_a_direct_statvfs_reading ... ok
test pipeline_cache::tests::the_same_tokens_over_a_different_image_reuse_nothing ... ok
test processors::device_portability_tests::a_custom_sampler_keeps_the_warpers_a_greedy_request_would_drop ... ok
test processors::device_portability_tests::a_greedy_chat_request_plans_the_device_argmax ... ok
test platform_capacity::tests::disk_capacity_is_measured_for_the_working_directory ... ok
test platform_capacity::tests::host_ram_total_is_measured_on_supported_platforms ... ok
test processors::device_portability_tests::a_greedy_request_keeps_penalties_and_stop_sequences ... ok
test processors::device_portability_tests::a_greedy_request_builds_no_sampling_warpers ... ok
test processors::device_portability_tests::a_penalty_that_survives_greedy_denies_the_device_argmax ... ok
test processors::device_portability_tests::a_sampling_request_builds_every_warper_it_asked_for ... ok
test processors::device_portability_tests::dropping_the_truncation_warpers_does_not_move_the_greedy_token ... ok
test processors::device_portability_tests::a_top_k_top_p_chain_is_device_portable ... ok
test processors::device_portability_tests::top_k_alone_and_top_p_alone_stay_device_portable ... ok
test processors::device_portability_tests::zero_temperature_drops_the_warpers_exactly_like_the_greedy_flag ... ok
test processors::device_sampling_plan_tests::custom_sampler_forces_host ... ok
test processors::device_sampling_plan_tests::greedy_options_with_support_and_empty_chain_plan_greedy ... ok
test processors::device_sampling_plan_tests::greedy_needs_greedy_support_specifically ... ok
test processors::device_sampling_plan_tests::sampled_options_with_support_and_portable_chain_plan_sampled ... ok
test processors::device_sampling_plan_tests::non_empty_or_non_portable_chain_forces_host ... ok
test processors::device_sampling_plan_tests::top_logprobs_forces_host ... ok
test sampling::tests::categorical_respects_rng_value ... ok
test processors::device_sampling_plan_tests::backend_without_support_forces_host ... ok
test sampling::tests::greedy_chooses_lowest_id_for_ties ... ok
test sampling::tests::sampler_trait_dispatch_matches_free_functions ... ok
test sampling::tests::seeded_sampling_is_reproducible_and_seed_sensitive ... ok
test speculative::equivalence_gate_tests::a_package_that_declares_no_contracts_permits_nothing ... ok
test sampling::tests::greedy_is_seed_independent_and_does_not_advance_rng ... ok
test speculative::equivalence_gate_tests::only_distribution_preserving_classes_permit_a_silent_swap ... ok
test speculative::equivalence_gate_tests::one_undeclared_component_withholds_consent ... ok
test speculative::tests::eagle3_mode_selects_eagle3_proposer_contract ... ok
test logits::tests::the_kept_nucleus_is_the_smallest_prefix_reaching_the_cutoff ... ok
test speculative::tests::chained_proposer_applies_declared_vocabulary_mapping ... ok
test speculative::tests::eagle3_proposer_accept_then_propose_resets_draft_state ... ok
test speculative::tests::mtp_mode_selects_mtp_proposer_contract ... ok
test sampling::tests::categorical_sampling_matches_softmax_distribution ... ok
test speculative::tests::mtp_proposer_threads_rank4_hc_state_across_drafts ... ok
test engine::tests::paged_kv_refcounts_match_live_sequences_for_random_fork_rewind_interleavings ... ok
test speculative::tests::ngram_proposer_copies_most_recent_matching_continuation ... ok
test speculative::tests::ngram_proposer_respects_request_and_config_widths ... ok
test speculative::tests::ngram_proposer_validates_configuration_and_empty_matches ... ok
test speculative::tests::mtp_package_references_borrow_target_initializers ... ok
test speculative::tests::speculative_proposer_trait_supports_non_draft_sources ... ok
test speculative::tree::tests::attention_mask_sets_exactly_ancestor_and_self_edges ... ok
test speculative::tree::tests::greedy_accept_full_path_plus_bonus ... ok
test speculative::tree::tests::greedy_accept_partial_path_then_correction ... ok
test speculative::tree::tests::greedy_root_reject_returns_only_bonus ... ok
test speculative::tree::tests::kv_retention_keeps_only_accepted_path ... ok
test speculative::tree::tests::position_ids_equal_node_depths ... ok
test speculative::tests::quantized_draft_lm_head_projects_int4_argmax ... ok
test speculative::tree::tests::typical_rule_rejects_low_probability_match ... ok
test speculative::tree::tests::tree_greedy_equivalence_matches_plain_greedy_oracle ... ok
test speculative::tests::eagle3_proposer_loads_fixture_and_returns_shape_correct_proposal ... ok
test speculative::tests::eagle3_token_map_rejects_ids_beyond_target_vocab ... ok
[0;93m2026-08-24 10:02:31.628154512 [W:onnxruntime:, graph.cc:5583 CleanUnusedInitializersAndNodeArgs] Removing initializer 'const_1d_7'. It is not used by any node and should be removed from the model.[m
[0;93m2026-08-24 10:02:31.628230065 [W:onnxruntime:, graph.cc:5583 CleanUnusedInitializersAndNodeArgs] Removing initializer 'const_1d_8'. It is not used by any node and should be removed from the model.[m
[0;93m2026-08-24 10:02:31.628281901 [W:onnxruntime:, graph.cc:5583 CleanUnusedInitializersAndNodeArgs] Removing initializer 'const_1d_6'. It is not used by any node and should be removed from the model.[m
test speculative::tests::mtp_proposer_uses_real_head_and_returns_guaranteed_plus_k_drafts ... ok
test logits::tests::the_fused_top_k_top_p_matches_running_the_two_processors_in_sequence ... ok
test pipeline::adapters::tests::artifact_replacement_is_allowed_but_shape_is_enforced ... ok
test logits::tests::top_p_nucleus_matches_a_strict_descending_sum_across_random_distributions ... ok

test result: ok. 622 passed; 0 failed; 1 ignored; 0 measured; 0 filtered out; finished in 8.66s

     Running unittests src/bin/migrate_model_io.rs (target/debug/deps/migrate_model_io-39fc666d7bfaaf06)

running 0 tests

test result: ok. 0 passed; 0 failed; 0 ignored; 0 measured; 0 filtered out; finished in 0.00s

     Running tests/adapter_workflow_e2e.rs (target/debug/deps/adapter_workflow_e2e-4aa6c82475e7baad)

running 1 test
test heterogeneous_parameter_adapters_match_independent_rows_and_compaction ... ok

test result: ok. 1 passed; 0 failed; 0 ignored; 0 measured; 0 filtered out; finished in 3.22s

     Running tests/authored_body_selects_executor.rs (target/debug/deps/authored_body_selects_executor-9d1e595104a590f0)

running 4 tests
[0;93m2026-08-24 10:02:39.827712355 [W:onnxruntime:onnx-genai-engine, device_discovery.cc:146 GetPciBusId] Skipping pci_bus_id for PCI path at "/sys/devices/LNXSYSTM:00/LNXSYBUS:00/ACPI0004:00/MSFT1000:00/5620e0c7-8062-4dce-aeb7-520c7ef76171" because filename "5620e0c7-8062-4dce-aeb7-520c7ef76171" did not match expected pattern of [0-9a-f]+:[0-9a-f]+:[0-9a-f]+[.][0-9a-f]+[m
test a_single_token_body_selects_the_decode_core ... ok
test a_speculative_body_selects_its_declared_components ... ok
test an_in_graph_body_selects_no_runtime_executor ... ok
test three_bodies_select_three_executor_sets_through_one_entry_point ... ok

test result: ok. 4 passed; 0 failed; 0 ignored; 0 measured; 0 filtered out; finished in 6.41s

     Running tests/authored_iteration_e2e.rs (target/debug/deps/authored_iteration_e2e-c7837a461a05aade)

running 4 tests
[0;93m2026-08-24 10:02:46.235066861 [W:onnxruntime:onnx-genai-engine, device_discovery.cc:146 GetPciBusId] Skipping pci_bus_id for PCI path at "/sys/devices/LNXSYSTM:00/LNXSYBUS:00/ACPI0004:00/MSFT1000:00/5620e0c7-8062-4dce-aeb7-520c7ef76171" because filename "5620e0c7-8062-4dce-aeb7-520c7ef76171" did not match expected pattern of [0-9a-f]+:[0-9a-f]+:[0-9a-f]+[.][0-9a-f]+[m
test rows_with_different_budgets_finish_independently ... ok
test a_continuous_batch_row_stops_on_a_non_first_declared_end_token ... ok
test speculation_does_not_change_what_the_package_produces ... ok
test a_speculative_block_proposes_a_width_and_rolls_back_rejections ... ok

test result: ok. 4 passed; 0 failed; 0 ignored; 0 measured; 0 filtered out; finished in 1.35s

     Running tests/authored_iteration_executors.rs (target/debug/deps/authored_iteration_executors-d485ad03a7f2e8a8)

running 5 tests
[0;93m2026-08-24 10:02:47.679051064 [W:onnxruntime:onnx-genai-engine, device_discovery.cc:146 GetPciBusId] Skipping pci_bus_id for PCI path at "/sys/devices/LNXSYSTM:00/LNXSYBUS:00/ACPI0004:00/MSFT1000:00/5620e0c7-8062-4dce-aeb7-520c7ef76171" because filename "5620e0c7-8062-4dce-aeb7-520c7ef76171" did not match expected pattern of [0-9a-f]+:[0-9a-f]+:[0-9a-f]+[.][0-9a-f]+[m
test a_single_token_body_selects_the_decode_core ... ok
test static_batching_selects_the_same_authored_contract ... ok
test a_row_scoped_batch_body_selects_the_batch_executor ... ok
test a_speculative_body_selects_the_block_executor ... ok
test three_iteration_bodies_select_three_executors ... ok

test result: ok. 5 passed; 0 failed; 0 ignored; 0 measured; 0 filtered out; finished in 1.44s

     Running tests/batching_capability.rs (target/debug/deps/batching_capability-1356926fcf2dfee9)

running 1 test
[0;93m2026-08-24 10:02:49.178708744 [W:onnxruntime:onnx-genai-engine, device_discovery.cc:146 GetPciBusId] Skipping pci_bus_id for PCI path at "/sys/devices/LNXSYSTM:00/LNXSYBUS:00/ACPI0004:00/MSFT1000:00/5620e0c7-8062-4dce-aeb7-520c7ef76171" because filename "5620e0c7-8062-4dce-aeb7-520c7ef76171" did not match expected pattern of [0-9a-f]+:[0-9a-f]+:[0-9a-f]+[.][0-9a-f]+[m
test past_present_capability_matches_single_sequence_decode ... ok

test result: ok. 1 passed; 0 failed; 0 ignored; 0 measured; 0 filtered out; finished in 0.47s

     Running tests/canonical_execution_parity.rs (target/debug/deps/canonical_execution_parity-5ade99d9710bccb0)

running 7 tests
[0;93m2026-08-24 10:02:49.631547230 [W:onnxruntime:onnx-genai-engine, device_discovery.cc:146 GetPciBusId] Skipping pci_bus_id for PCI path at "/sys/devices/LNXSYSTM:00/LNXSYBUS:00/ACPI0004:00/MSFT1000:00/5620e0c7-8062-4dce-aeb7-520c7ef76171" because filename "5620e0c7-8062-4dce-aeb7-520c7ef76171" did not match expected pattern of [0-9a-f]+:[0-9a-f]+:[0-9a-f]+[.][0-9a-f]+[m
test batched_generation_is_held_to_the_canonical_precondition ... ok
test a_single_decoder_is_an_authored_workflow ... ok
test generation_is_deterministic_and_stops_on_max_tokens ... ok
test a_composite_workflow_is_executed_by_the_interpreter ... ok
test eos_stops_the_canonical_loop ... ok
test prefill_and_cached_decode_run_through_the_canonical_loop ... ok
test seeded_sampling_runs_through_the_canonical_loop ... ok

test result: ok. 7 passed; 0 failed; 0 ignored; 0 measured; 0 filtered out; finished in 1.09s

     Running tests/chained_proposer_real.rs (target/debug/deps/chained_proposer_real-ec370ad64c714667)

running 2 tests
test real_chained_proposer_matches_target_and_accepts_and_rejects ... ok
test real_chained_workflow_package_drives_through_the_interpreter ... ok

test result: ok. 2 passed; 0 failed; 0 ignored; 0 measured; 0 filtered out; finished in 0.00s

     Running tests/chained_speculative_real_evidence.rs (target/debug/deps/chained_speculative_real_evidence-e74c880d398eb063)

running 1 test
test a_published_chained_package_decodes_what_its_target_decodes ... ok

test result: ok. 1 passed; 0 failed; 0 ignored; 0 measured; 0 filtered out; finished in 0.00s

     Running tests/comfyui_workflow_e2e.rs (target/debug/deps/comfyui_workflow_e2e-bf7b118acef82f1e)

running 5 tests
[0;93m2026-08-24 10:02:50.769597771 [W:onnxruntime:onnx-genai-pipeline, device_discovery.cc:146 GetPciBusId] Skipping pci_bus_id for PCI path at "/sys/devices/LNXSYSTM:00/LNXSYBUS:00/ACPI0004:00/MSFT1000:00/5620e0c7-8062-4dce-aeb7-520c7ef76171" because filename "5620e0c7-8062-4dce-aeb7-520c7ef76171" did not match expected pattern of [0-9a-f]+:[0-9a-f]+:[0-9a-f]+[.][0-9a-f]+[m
test the_converted_workflow_is_seed_deterministic ... ok
test imported_comfyui_workflow_produces_the_referenced_image ... ok
test the_image_output_is_reachable_by_role ... ok
test guidance_scale_reaches_the_converted_loop ... ok
test the_converted_loop_honours_the_requested_step_count ... ok

test result: ok. 5 passed; 0 failed; 0 ignored; 0 measured; 0 filtered out; finished in 5.00s

     Running tests/decode_workspace_bucket_growth.rs (target/debug/deps/decode_workspace_bucket_growth-7fcf2b4ad6917398)

running 0 tests

test result: ok. 0 passed; 0 failed; 0 ignored; 0 measured; 0 filtered out; finished in 0.00s

     Running tests/deepseek_e2e.rs (target/debug/deps/deepseek_e2e-16da119731764309)

running 1 test
test deepseek_v2_tiny_synthetic_e2e ... ignored, requires a mobius-exported tiny DeepSeek-V2 model

test result: ok. 0 passed; 0 failed; 1 ignored; 0 measured; 0 filtered out; finished in 0.00s

     Running tests/deepseek_r1_1_5b_benchprompt_divergence.rs (target/debug/deps/deepseek_r1_1_5b_benchprompt_divergence-6d428c057e78ac10)

running 0 tests

test result: ok. 0 passed; 0 failed; 0 ignored; 0 measured; 0 filtered out; finished in 0.00s

     Running tests/deepseek_r1_1_5b_divergence.rs (target/debug/deps/deepseek_r1_1_5b_divergence-cc3a31207312bd6e)

running 0 tests

test result: ok. 0 passed; 0 failed; 0 ignored; 0 measured; 0 filtered out; finished in 0.00s

     Running tests/deepseek_v2_lite_cpu_cuda_diverge.rs (target/debug/deps/deepseek_v2_lite_cpu_cuda_diverge-f901d3352767fa6d)

running 0 tests

test result: ok. 0 passed; 0 failed; 0 ignored; 0 measured; 0 filtered out; finished in 0.00s

     Running tests/deepseek_v2_lite_decode_lock.rs (target/debug/deps/deepseek_v2_lite_decode_lock-cee2417be2fe8dc0)

running 0 tests

test result: ok. 0 passed; 0 failed; 0 ignored; 0 measured; 0 filtered out; finished in 0.00s

     Running tests/deepseek_v2_tiny_qmoe_native_e2e.rs (target/debug/deps/deepseek_v2_tiny_qmoe_native_e2e-4a076f8a8e5020bb)

running 1 test
[0;93m2026-08-24 10:02:55.851389354 [W:onnxruntime:onnx-genai-engine, device_discovery.cc:146 GetPciBusId] Skipping pci_bus_id for PCI path at "/sys/devices/LNXSYSTM:00/LNXSYBUS:00/ACPI0004:00/MSFT1000:00/5620e0c7-8062-4dce-aeb7-520c7ef76171" because filename "5620e0c7-8062-4dce-aeb7-520c7ef76171" did not match expected pattern of [0-9a-f]+:[0-9a-f]+:[0-9a-f]+[.][0-9a-f]+[m
test deepseek_v2_tiny_native_cpu_eager_decode_locks_anchor_ids ... ok

test result: ok. 1 passed; 0 failed; 0 ignored; 0 measured; 0 filtered out; finished in 0.26s

     Running tests/deepseek_v4_tiny_qmoe_e2e.rs (target/debug/deps/deepseek_v4_tiny_qmoe_e2e-fdc9aaf7e0573e74)

running 0 tests

test result: ok. 0 passed; 0 failed; 0 ignored; 0 measured; 0 filtered out; finished in 0.00s

     Running tests/e2e_mobius_heads.rs (target/debug/deps/e2e_mobius_heads-b1c082c26ca0423d)

running 1 test
test pinned_mobius_heads_generate_smoke_output ... ignored, requires pinned Mobius artifacts via ONNX_GENAI_E2E_MODEL_DIR

test result: ok. 0 passed; 0 failed; 1 ignored; 0 measured; 0 filtered out; finished in 0.00s

     Running tests/gemma2_2b_head_dim_256_decode_lock.rs (target/debug/deps/gemma2_2b_head_dim_256_decode_lock-e081abc0c4ffe5dc)

running 0 tests

test result: ok. 0 passed; 0 failed; 0 ignored; 0 measured; 0 filtered out; finished in 0.00s

     Running tests/gemma4_chained_workflow.rs (target/debug/deps/gemma4_chained_workflow-5478b6fd27ae1387)

running 9 tests
[0;93m2026-08-24 10:02:56.182593285 [W:onnxruntime:onnx-genai-pipeline, device_discovery.cc:146 GetPciBusId] Skipping pci_bus_id for PCI path at "/sys/devices/LNXSYSTM:00/LNXSYBUS:00/ACPI0004:00/MSFT1000:00/5620e0c7-8062-4dce-aeb7-520c7ef76171" because filename "5620e0c7-8062-4dce-aeb7-520c7ef76171" did not match expected pattern of [0-9a-f]+:[0-9a-f]+:[0-9a-f]+[.][0-9a-f]+[m
test chained_contract_is_read_from_the_package ... ok
test proposal_width_is_bounded_by_the_contract ... ok
test rejection_rolls_declared_state_back ... ok
test chained_proposal_drives_the_declared_chain ... ok
test proposal_acceptance_follows_the_target ... ok
test a_proposal_chain_stages_nothing_of_its_own ... ok
test speculative_decode_equals_greedy_decode ... ok
test mixed_head_dim_speculative_decode_equals_greedy_decode ... ok
test token_embedding_gather_matches_the_declared_table ... ok

test result: ok. 9 passed; 0 failed; 0 ignored; 0 measured; 0 filtered out; finished in 1.86s

     Running tests/gemma4_e2b_head_dim_512_decode_lock.rs (target/debug/deps/gemma4_e2b_head_dim_512_decode_lock-2a2b01054058694d)

running 0 tests

test result: ok. 0 passed; 0 failed; 0 ignored; 0 measured; 0 filtered out; finished in 0.00s

     Running tests/glm4_9b_decode_lock.rs (target/debug/deps/glm4_9b_decode_lock-86bb1a4fe0db411d)

running 0 tests

test result: ok. 0 passed; 0 failed; 0 ignored; 0 measured; 0 filtered out; finished in 0.00s

     Running tests/glm_tiny_baseline_perf.rs (target/debug/deps/glm_tiny_baseline_perf-05fd9543b9e76801)

running 0 tests

test result: ok. 0 passed; 0 failed; 0 ignored; 0 measured; 0 filtered out; finished in 0.00s

     Running tests/glm_tiny_full_attention_e2e.rs (target/debug/deps/glm_tiny_full_attention_e2e-bb42bf9d1b452b7f)

running 0 tests

test result: ok. 0 passed; 0 failed; 0 ignored; 0 measured; 0 filtered out; finished in 0.00s

     Running tests/glm_tiny_qmoe_e2e.rs (target/debug/deps/glm_tiny_qmoe_e2e-47f5b4cee52dc0bc)

running 1 test
test glm_tiny_qmoe_e2e ... ignored, requires a mobius-exported fused-QMoE tiny glm_moe_dsa model via GLM_TINY_QMOE_E2E_DIR

test result: ok. 0 passed; 0 failed; 1 ignored; 0 measured; 0 filtered out; finished in 0.00s

     Running tests/glm_tiny_quant_e2e.rs (target/debug/deps/glm_tiny_quant_e2e-30a8be3024f20c51)

running 1 test
test glm_tiny_quant_e2e ... ignored, requires a mobius-exported quantized tiny glm_moe_dsa model via GLM_TINY_Q4_E2E_DIR

test result: ok. 0 passed; 0 failed; 1 ignored; 0 measured; 0 filtered out; finished in 0.00s

     Running tests/glm_tiny_quant_native_cuda_e2e.rs (target/debug/deps/glm_tiny_quant_native_cuda_e2e-a67e379db9358ba2)

running 0 tests

test result: ok. 0 passed; 0 failed; 0 ignored; 0 measured; 0 filtered out; finished in 0.00s

     Running tests/glm_tiny_synthetic_e2e.rs (target/debug/deps/glm_tiny_synthetic_e2e-5b18436160220c2a)

running 1 test
test glm_tiny_synthetic_e2e ... ignored, requires a mobius-exported tiny glm_moe_dsa model via GLM_TINY_E2E_DIR

test result: ok. 0 passed; 0 failed; 1 ignored; 0 measured; 0 filtered out; finished in 0.00s

     Running tests/gpt_oss_20b_decode_lock.rs (target/debug/deps/gpt_oss_20b_decode_lock-e66d85e477b0cd5d)

running 0 tests

test result: ok. 0 passed; 0 failed; 0 ignored; 0 measured; 0 filtered out; finished in 0.00s

     Running tests/milestone_b_real.rs (target/debug/deps/milestone_b_real-14b1a4c98b80c84b)

running 1 test
test shared_kv_speculative_matches_greedy_and_reports_speedup ... ignored, requires real shared-KV speculative package via ONNX_GENAI_MB_* env vars

test result: ok. 0 passed; 0 failed; 1 ignored; 0 measured; 0 filtered out; finished in 0.00s

     Running tests/mobius_seqmajor_growth_parity_native_cuda.rs (target/debug/deps/mobius_seqmajor_growth_parity_native_cuda-ef03c0b2b4d5fa71)

running 0 tests

test result: ok. 0 passed; 0 failed; 0 ignored; 0 measured; 0 filtered out; finished in 0.00s

     Running tests/model_package.rs (target/debug/deps/model_package-d7bba3ce19a29ad0)

running 1 test
[0;93m2026-08-24 10:02:58.104631865 [W:onnxruntime:onnx-genai-engine, device_discovery.cc:146 GetPciBusId] Skipping pci_bus_id for PCI path at "/sys/devices/LNXSYSTM:00/LNXSYBUS:00/ACPI0004:00/MSFT1000:00/5620e0c7-8062-4dce-aeb7-520c7ef76171" because filename "5620e0c7-8062-4dce-aeb7-520c7ef76171" did not match expected pattern of [0-9a-f]+:[0-9a-f]+:[0-9a-f]+[.][0-9a-f]+[m
test engine_loads_ort_model_package_directory ... ok

test result: ok. 1 passed; 0 failed; 0 ignored; 0 measured; 0 filtered out; finished in 0.34s

     Running tests/mtp_full.rs (target/debug/deps/mtp_full-43798c10300960c9)

running 2 tests
test mtp_speculative_generation_matches_plain_greedy ... ignored, random Mobius fixture; run explicitly to exercise target -> MTP head -> verify
test pre_phase1_mtp_config_literal_remains_source_compatible ... ok

test result: ok. 1 passed; 0 failed; 1 ignored; 0 measured; 0 filtered out; finished in 0.00s

     Running tests/multi_eos.rs (target/debug/deps/multi_eos-ec064653272d90e0)

running 4 tests
[0;93m2026-08-24 10:02:58.546336474 [W:onnxruntime:onnx-genai-engine, device_discovery.cc:146 GetPciBusId] Skipping pci_bus_id for PCI path at "/sys/devices/LNXSYSTM:00/LNXSYBUS:00/ACPI0004:00/MSFT1000:00/5620e0c7-8062-4dce-aeb7-520c7ef76171" because filename "5620e0c7-8062-4dce-aeb7-520c7ef76171" did not match expected pattern of [0-9a-f]+:[0-9a-f]+:[0-9a-f]+[.][0-9a-f]+[m
test a_package_may_declare_several_end_tokens ... ok
test a_request_naming_one_end_token_does_not_disarm_the_others ... ok
test declared_end_tokens_apply_across_a_session ... ok
test every_declared_end_token_stops_generation ... ok

test result: ok. 4 passed; 0 failed; 0 ignored; 0 measured; 0 filtered out; finished in 1.32s

     Running tests/multi_session.rs (target/debug/deps/multi_session-e1a07df5a75e36e4)

running 2 tests
[0;93m2026-08-24 10:02:59.899349231 [W:onnxruntime:onnx-genai-engine, device_discovery.cc:146 GetPciBusId] Skipping pci_bus_id for PCI path at "/sys/devices/LNXSYSTM:00/LNXSYBUS:00/ACPI0004:00/MSFT1000:00/5620e0c7-8062-4dce-aeb7-520c7ef76171" because filename "5620e0c7-8062-4dce-aeb7-520c7ef76171" did not match expected pattern of [0-9a-f]+:[0-9a-f]+:[0-9a-f]+[.][0-9a-f]+[m
test reset_clears_only_the_target_session ... ok
test interleaved_sessions_keep_independent_contexts ... ok

test result: ok. 2 passed; 0 failed; 0 ignored; 0 measured; 0 filtered out; finished in 0.47s

     Running tests/native_autoderive_io_cuda_e2e.rs (target/debug/deps/native_autoderive_io_cuda_e2e-241b459a462cf4b8)

running 0 tests

test result: ok. 0 passed; 0 failed; 0 ignored; 0 measured; 0 filtered out; finished in 0.00s

     Running tests/native_engine.rs (target/debug/deps/native_engine-8cb7d97d7ae30c2d)

running 14 tests
test native_backend_rejects_cuda_without_cuda_feature ... ok
test native_backend_rejects_unsupported_session_device ... ok
[0;93m2026-08-24 10:03:00.380258298 [W:onnxruntime:onnx-genai-engine, device_discovery.cc:146 GetPciBusId] Skipping pci_bus_id for PCI path at "/sys/devices/LNXSYSTM:00/LNXSYBUS:00/ACPI0004:00/MSFT1000:00/5620e0c7-8062-4dce-aeb7-520c7ef76171" because filename "5620e0c7-8062-4dce-aeb7-520c7ef76171" did not match expected pattern of [0-9a-f]+:[0-9a-f]+:[0-9a-f]+[.][0-9a-f]+[m
test native_session_creation_uses_unified_multi_session_api ... ok
test native_backend_rejects_unimplemented_speculation_but_allows_prompt_lookup ... ok
test engine_generates_through_explicit_native_backend ... ok
test native_session_rewind_by_truncates_logical_length ... ok
test native_sub4_cpu_generates_from_multi_token_prompt ... ok
test a_regrown_cpu_kv_cache_is_still_appended_in_place ... ok
test native_session_lru_eviction_keeps_remaining_session_correct ... ok
test native_session_rewind_produces_correct_output ... ok
test native_session_incremental_matches_stateless ... ok
test native_stateless_generate_reuses_default_session_by_default ... ok
test native_session_switching_matches_cold_start ... ok
test stateless_generate_with_unrelated_prompts_matches_a_cold_engine ... ok

test result: ok. 14 passed; 0 failed; 0 ignored; 0 measured; 0 filtered out; finished in 0.60s

     Running tests/native_speculative_driver.rs (target/debug/deps/native_speculative_driver-83779d39f6f1a5cb)

running 3 tests
test native_prompt_lookup_matches_plain_greedy_cuda ... ok
[0;93m2026-08-24 10:03:00.994960736 [W:onnxruntime:onnx-genai-engine, device_discovery.cc:146 GetPciBusId] Skipping pci_bus_id for PCI path at "/sys/devices/LNXSYSTM:00/LNXSYBUS:00/ACPI0004:00/MSFT1000:00/5620e0c7-8062-4dce-aeb7-520c7ef76171" because filename "5620e0c7-8062-4dce-aeb7-520c7ef76171" did not match expected pattern of [0-9a-f]+:[0-9a-f]+:[0-9a-f]+[.][0-9a-f]+[m
test native_prompt_lookup_matches_plain_greedy_cpu ... ok
test native_prompt_lookup_respects_context_limit_cpu ... ok

test result: ok. 3 passed; 0 failed; 0 ignored; 0 measured; 0 filtered out; finished in 0.39s

     Running tests/native_workflow_parity.rs (target/debug/deps/native_workflow_parity-a326d9e1fb35d83f)

running 10 tests
[0;93m2026-08-24 10:03:01.585603431 [W:onnxruntime:onnx-genai-pipeline, device_discovery.cc:146 GetPciBusId] Skipping pci_bus_id for PCI path at "/sys/devices/LNXSYSTM:00/LNXSYBUS:00/ACPI0004:00/MSFT1000:00/5620e0c7-8062-4dce-aeb7-520c7ef76171" because filename "5620e0c7-8062-4dce-aeb7-520c7ef76171" did not match expected pattern of [0-9a-f]+:[0-9a-f]+:[0-9a-f]+[.][0-9a-f]+[m
test native_backend_builds_no_ort_sessions ... ok
test single_pass_parity_and_native_used ... ok
test nested_loop_branch_and_state_parity ... ok
test ort_backend_builds_ort_sessions ... ok
test native_recurring_edges_reuse_resident_sessions ... ok
test chained_speculative_proposal_parity ... ok
test static_cache_autoregressive_parity ... ok
test diffusion_loop_parity ... ok
test speculative_workflow_parity ... ok
test native_unsupported_op_fails_closed ... ok

test result: ok. 10 passed; 0 failed; 0 ignored; 0 measured; 0 filtered out; finished in 6.10s

     Running tests/native_workflow_smoke.rs (target/debug/deps/native_workflow_smoke-7db76af0ce140bf8)

running 2 tests
test native_runs_diffusion_loop_package ... ok
test native_runs_static_cache_ar_package ... ok

test result: ok. 2 passed; 0 failed; 0 ignored; 0 measured; 0 filtered out; finished in 0.32s

     Running tests/one_runtime_e2e.rs (target/debug/deps/one_runtime_e2e-39f6c65255572cee)

running 6 tests
[0;93m2026-08-24 10:03:08.036114917 [W:onnxruntime:onnx-genai-engine, device_discovery.cc:146 GetPciBusId] Skipping pci_bus_id for PCI path at "/sys/devices/LNXSYSTM:00/LNXSYBUS:00/ACPI0004:00/MSFT1000:00/5620e0c7-8062-4dce-aeb7-520c7ef76171" because filename "5620e0c7-8062-4dce-aeb7-520c7ef76171" did not match expected pattern of [0-9a-f]+:[0-9a-f]+:[0-9a-f]+[.][0-9a-f]+[m
test decoder_text_generation_runs_through_the_one_runtime ... ok
test shape_specific_diagnostics_are_uniform ... ok
test session_lifecycle_is_one_api ... ok
test one_constructor_loads_both_package_shapes ... ok
test tokenization_is_one_api_across_shapes ... ok
test a_composite_workflow_reports_the_reason_it_stopped ... ok

test result: ok. 6 passed; 0 failed; 0 ignored; 0 measured; 0 filtered out; finished in 3.21s

     Running tests/onnx_genai_diffusion_parity.rs (target/debug/deps/onnx_genai_diffusion_parity-cd9d62e175f4704f)

running 5 tests
test real_stable_diffusion_euler_guided_workflow_matches_diffusers ... ok
test real_stable_diffusion_batched_rows_are_independent ... ok
test real_stable_diffusion_multistep_batch_two_matches_diffusers ... ok
test real_stable_diffusion_euler_batch_two_matches_diffusers ... ok
test real_stable_diffusion_seeded_latents_are_deterministic_per_row ... ok

test result: ok. 5 passed; 0 failed; 0 ignored; 0 measured; 0 filtered out; finished in 0.00s

     Running tests/onnx_genai_workflow_conformance.rs (target/debug/deps/onnx_genai_workflow_conformance-57e6c501de36aab7)

running 15 tests
test mobius_hierarchical_audio_executes_nested_generation ... ok
[0;93m2026-08-24 10:03:11.228622680 [W:onnxruntime:onnx-genai-pipeline, device_discovery.cc:146 GetPciBusId] Skipping pci_bus_id for PCI path at "/sys/devices/LNXSYSTM:00/LNXSYBUS:00/ACPI0004:00/MSFT1000:00/5620e0c7-8062-4dce-aeb7-520c7ef76171" because filename "5620e0c7-8062-4dce-aeb7-520c7ef76171" did not match expected pattern of [0-9a-f]+:[0-9a-f]+:[0-9a-f]+[.][0-9a-f]+[m
test mobius_parameter_adapters_preserve_order_rows_and_compaction ... ok
test mobius_shared_state_pixel_flow_executes_reference_image_edit ... ok
test mobius_shared_state_pixel_flow_executes_text_and_generation_paths ... ok
test mobius_codec_workflow_executes ... ok
test mobius_masked_diffusion_workflow_executes ... ok
test mobius_euler_diffusion_workflow_executes_batched ... ok
test mobius_euler_diffusion_workflow_executes_complete_path ... ok
test mobius_guided_diffusion_workflow_executes_complete_path ... ok
test mobius_speculative_workflow_executes_rejection_and_correction ... ok
test mobius_video_diffusion_workflow_publishes_causal_temporal_chunks ... ok
test mobius_decoder_workflow_executes ... ok
test mobius_vlm_workflow_executes_complete_image_path ... ok
test mobius_decoder_rows_match_independent_runs_and_dynamic_batch_replay ... ok
[0;93m2026-08-24 10:03:38.358361579 [W:onnxruntime:, constant_folding.cc:581 ApplyImpl] Could not find a CPU kernel and hence can't constant fold Swish node 'talker_prefill_embedder/Swish_node_15'[m
[0;93m2026-08-24 10:03:38.359345167 [W:onnxruntime:, constant_folding.cc:581 ApplyImpl] Could not find a CPU kernel and hence can't constant fold Swish node 'talker_prefill_embedder/Swish_node_15'[m
test mobius_tts_workflow_executes_real_producer_graphs has been running for over 60 seconds
[0;93m2026-08-24 10:04:14.908593939 [W:onnxruntime:, constant_folding.cc:581 ApplyImpl] Could not find a CPU kernel and hence can't constant fold Swish node 'talker_prefill_embedder/Swish_node_15'[m
[0;93m2026-08-24 10:04:14.909650645 [W:onnxruntime:, constant_folding.cc:581 ApplyImpl] Could not find a CPU kernel and hence can't constant fold Swish node 'talker_prefill_embedder/Swish_node_15'[m
test mobius_tts_workflow_executes_real_producer_graphs ... ok

test result: ok. 15 passed; 0 failed; 0 ignored; 0 measured; 0 filtered out; finished in 81.72s

     Running tests/onnx_owned_audio_conformance.rs (target/debug/deps/onnx_owned_audio_conformance-0cfbd564c4d503ab)

running 2 tests
[0;93m2026-08-24 10:04:33.078948374 [W:onnxruntime:onnx-genai-pipeline, device_discovery.cc:146 GetPciBusId] Skipping pci_bus_id for PCI path at "/sys/devices/LNXSYSTM:00/LNXSYBUS:00/ACPI0004:00/MSFT1000:00/5620e0c7-8062-4dce-aeb7-520c7ef76171" because filename "5620e0c7-8062-4dce-aeb7-520c7ef76171" did not match expected pattern of [0-9a-f]+:[0-9a-f]+:[0-9a-f]+[.][0-9a-f]+[m
test onnx_owned_speech_workflow_encodes_buffered_pcm16_wav ... ok
[0;93m2026-08-24 10:04:51.944919352 [W:onnxruntime:, constant_folding.cc:581 ApplyImpl] Could not find a CPU kernel and hence can't constant fold Swish node 'talker_prefill_embedder/Swish_node_15'[m
[0;93m2026-08-24 10:04:51.948011154 [W:onnxruntime:, constant_folding.cc:581 ApplyImpl] Could not find a CPU kernel and hence can't constant fold Swish node 'talker_prefill_embedder/Swish_node_15'[m
test onnx_owned_nested_audio_workflow_executes_nested_generation ... ok

test result: ok. 2 passed; 0 failed; 0 ignored; 0 measured; 0 filtered out; finished in 36.10s

     Running tests/phase3_concurrency_stress.rs (target/debug/deps/phase3_concurrency_stress-e20498f31e76f87f)

running 1 test
[0;93m2026-08-24 10:05:09.302123374 [W:onnxruntime:onnx-genai-engine, device_discovery.cc:146 GetPciBusId] Skipping pci_bus_id for PCI path at "/sys/devices/LNXSYSTM:00/LNXSYBUS:00/ACPI0004:00/MSFT1000:00/5620e0c7-8062-4dce-aeb7-520c7ef76171" because filename "5620e0c7-8062-4dce-aeb7-520c7ef76171" did not match expected pattern of [0-9a-f]+:[0-9a-f]+:[0-9a-f]+[.][0-9a-f]+[m
test ten_plus_interleaved_sessions_complete_under_kv_page_pressure ... ok

test result: ok. 1 passed; 0 failed; 0 ignored; 0 measured; 0 filtered out; finished in 0.60s

     Running tests/phi35_fp16_decode_parity.rs (target/debug/deps/phi35_fp16_decode_parity-47bc0696d968f579)

running 0 tests

test result: ok. 0 passed; 0 failed; 0 ignored; 0 measured; 0 filtered out; finished in 0.00s

     Running tests/phi35_mini_divergence.rs (target/debug/deps/phi35_mini_divergence-e68b8de7f67f20d1)

running 0 tests

test result: ok. 0 passed; 0 failed; 0 ignored; 0 measured; 0 filtered out; finished in 0.00s

     Running tests/phi35_mini_fp16_decode_lock.rs (target/debug/deps/phi35_mini_fp16_decode_lock-741e83b67a9c65cd)

running 0 tests

test result: ok. 0 passed; 0 failed; 0 ignored; 0 measured; 0 filtered out; finished in 0.00s

     Running tests/phi35_mini_native_cuda_lock.rs (target/debug/deps/phi35_mini_native_cuda_lock-139fad82189cc01e)

running 0 tests

test result: ok. 0 passed; 0 failed; 0 ignored; 0 measured; 0 filtered out; finished in 0.00s

     Running tests/phi4_mini_divergence.rs (target/debug/deps/phi4_mini_divergence-56cc872f07916e91)

running 0 tests

test result: ok. 0 passed; 0 failed; 0 ignored; 0 measured; 0 filtered out; finished in 0.00s

     Running tests/priority_preemption.rs (target/debug/deps/priority_preemption-292ee09b485cbdb9)

running 4 tests
[0;93m2026-08-24 10:05:10.246271793 [W:onnxruntime:onnx-genai-engine, device_discovery.cc:146 GetPciBusId] Skipping pci_bus_id for PCI path at "/sys/devices/LNXSYSTM:00/LNXSYBUS:00/ACPI0004:00/MSFT1000:00/5620e0c7-8062-4dce-aeb7-520c7ef76171" because filename "5620e0c7-8062-4dce-aeb7-520c7ef76171" did not match expected pattern of [0-9a-f]+:[0-9a-f]+:[0-9a-f]+[.][0-9a-f]+[m
test higher_priority_request_runs_before_earlier_lower_priority_request ... ok
test no_preemption_path_does_not_evict_kv ... ok
test preemption_evicts_kv_and_preserves_output ... ok
test high_priority_arrival_preempts_low_priority_and_both_complete ... ok

test result: ok. 4 passed; 0 failed; 0 ignored; 0 measured; 0 filtered out; finished in 2.12s

     Running tests/prompt_lookup.rs (target/debug/deps/prompt_lookup-4c9ab3efffec29db)

running 2 tests
[0;93m2026-08-24 10:05:12.134811136 [W:onnxruntime:onnx-genai-engine, device_discovery.cc:146 GetPciBusId] Skipping pci_bus_id for PCI path at "/sys/devices/LNXSYSTM:00/LNXSYBUS:00/ACPI0004:00/MSFT1000:00/5620e0c7-8062-4dce-aeb7-520c7ef76171" because filename "5620e0c7-8062-4dce-aeb7-520c7ef76171" did not match expected pattern of [0-9a-f]+:[0-9a-f]+:[0-9a-f]+[.][0-9a-f]+[m
test prompt_lookup_accepts_multiple_tokens_on_repetitive_context ... ok
test prompt_lookup_greedy_matches_plain_greedy_exactly ... ok

test result: ok. 2 passed; 0 failed; 0 ignored; 0 measured; 0 filtered out; finished in 0.61s

     Running tests/qwen14b_kv_floor_sweep_native_cuda.rs (target/debug/deps/qwen14b_kv_floor_sweep_native_cuda-613b0441d79b61a9)

running 0 tests

test result: ok. 0 passed; 0 failed; 0 ignored; 0 measured; 0 filtered out; finished in 0.00s

     Running tests/qwen14b_kv_longprefix_native_cuda.rs (target/debug/deps/qwen14b_kv_longprefix_native_cuda-b07b5ffbd157ac92)

running 0 tests

test result: ok. 0 passed; 0 failed; 0 ignored; 0 measured; 0 filtered out; finished in 0.00s

     Running tests/qwen2_5_0_5b_divergence.rs (target/debug/deps/qwen2_5_0_5b_divergence-cbfd2fd8d780bbb6)

running 0 tests

test result: ok. 0 passed; 0 failed; 0 ignored; 0 measured; 0 filtered out; finished in 0.00s

     Running tests/qwen2_5_0_5b_managed_vmm_default_e2e.rs (target/debug/deps/qwen2_5_0_5b_managed_vmm_default_e2e-f1bc74cf5852b5aa)

running 0 tests

test result: ok. 0 passed; 0 failed; 0 ignored; 0 measured; 0 filtered out; finished in 0.00s

     Running tests/qwen2_5_1_5b_divergence.rs (target/debug/deps/qwen2_5_1_5b_divergence-92488b36fb614236)

running 0 tests

test result: ok. 0 passed; 0 failed; 0 ignored; 0 measured; 0 filtered out; finished in 0.00s

     Running tests/qwen2_5_7b_divergence.rs (target/debug/deps/qwen2_5_7b_divergence-500361e699b281f6)

running 0 tests

test result: ok. 0 passed; 0 failed; 0 ignored; 0 measured; 0 filtered out; finished in 0.00s

     Running tests/qwen35_0_8b_hybrid_text_decode_e2e.rs (target/debug/deps/qwen35_0_8b_hybrid_text_decode_e2e-9016edcd9ba1e1ba)

running 0 tests

test result: ok. 0 passed; 0 failed; 0 ignored; 0 measured; 0 filtered out; finished in 0.00s

     Running tests/qwen35_0_8b_text_decode_lock.rs (target/debug/deps/qwen35_0_8b_text_decode_lock-14dd18189f83c318)

running 0 tests

test result: ok. 0 passed; 0 failed; 0 ignored; 0 measured; 0 filtered out; finished in 0.00s

     Running tests/qwen35_27b_hybrid_native_cuda_e2e.rs (target/debug/deps/qwen35_27b_hybrid_native_cuda_e2e-ebe37707715e5558)

running 0 tests

test result: ok. 0 passed; 0 failed; 0 ignored; 0 measured; 0 filtered out; finished in 0.00s

     Running tests/qwen35_2b_text_decode_lock.rs (target/debug/deps/qwen35_2b_text_decode_lock-1093abe388b6f9a9)

running 0 tests

test result: ok. 0 passed; 0 failed; 0 ignored; 0 measured; 0 filtered out; finished in 0.00s

     Running tests/qwen35_9b_text_decode_lock.rs (target/debug/deps/qwen35_9b_text_decode_lock-d3d2b925a698bb61)

running 0 tests

test result: ok. 0 passed; 0 failed; 0 ignored; 0 measured; 0 filtered out; finished in 0.00s

     Running tests/qwen36_35b_a3b_qmoe_divergence.rs (target/debug/deps/qwen36_35b_a3b_qmoe_divergence-f53493a0509b3584)

running 0 tests

test result: ok. 0 passed; 0 failed; 0 ignored; 0 measured; 0 filtered out; finished in 0.00s

     Running tests/qwen3_0_6b_divergence.rs (target/debug/deps/qwen3_0_6b_divergence-3faaffe58c912ff8)

running 0 tests

test result: ok. 0 passed; 0 failed; 0 ignored; 0 measured; 0 filtered out; finished in 0.00s

     Running tests/qwen3_0_6b_foundry_native_cuda_lock.rs (target/debug/deps/qwen3_0_6b_foundry_native_cuda_lock-1c850361d22a7fbb)

running 0 tests

test result: ok. 0 passed; 0 failed; 0 ignored; 0 measured; 0 filtered out; finished in 0.00s

     Running tests/qwen3_0_6b_multi_turn_session.rs (target/debug/deps/qwen3_0_6b_multi_turn_session-c0f42b17d270b293)

running 1 test
test a_third_turn_decodes_the_conversation_and_not_its_own_prompt ... ignored, requires justinchuby/qwen3-0.6b-onnx-genai@24da0714 (branch session-continuation) in ONNX_GENAI_QWEN3_WORKFLOW_DIR

test result: ok. 0 passed; 0 failed; 1 ignored; 0 measured; 0 filtered out; finished in 0.00s

     Running tests/qwen_image_edit_workflow_e2e.rs (target/debug/deps/qwen_image_edit_workflow_e2e-713b89f795367b1b)

running 1 test
test qwen_image_edit_workflow_executes_complete_edit_path ... ignored, requires a locally exported Qwen-Image-Edit package (~53 GiB)

test result: ok. 0 passed; 0 failed; 1 ignored; 0 measured; 0 filtered out; finished in 0.00s

     Running tests/real_model_workflow_corpus.rs (target/debug/deps/real_model_workflow_corpus-fc3069d7e5686d48)

running 5 tests
test corpus_inventory ... ok
test no_real_package_declares_the_retired_block ... ok
test decoder_ports_mirror_the_resolved_abi ... ok
test real_packages_present_a_workflow_deterministically ... ok
[0;93m2026-08-24 10:05:12.863126746 [W:onnxruntime:onnx-genai-pipeline, device_discovery.cc:146 GetPciBusId] Skipping pci_bus_id for PCI path at "/sys/devices/LNXSYSTM:00/LNXSYBUS:00/ACPI0004:00/MSFT1000:00/5620e0c7-8062-4dce-aeb7-520c7ef76171" because filename "5620e0c7-8062-4dce-aeb7-520c7ef76171" did not match expected pattern of [0-9a-f]+:[0-9a-f]+:[0-9a-f]+[.][0-9a-f]+[m
test a_composite_workflow_package_presents_its_components ... ok

test result: ok. 5 passed; 0 failed; 0 ignored; 0 measured; 0 filtered out; finished in 0.47s

     Running tests/shape_dispatch_gate.rs (target/debug/deps/shape_dispatch_gate-48a0f5ff4279a5b6)

running 2 tests
test the_allowance_ledger_has_no_stale_entries ... ok
test shape_dispatch_does_not_spread ... ok

test result: ok. 2 passed; 0 failed; 0 ignored; 0 measured; 0 filtered out; finished in 0.26s

     Running tests/speculative_speedup.rs (target/debug/deps/speculative_speedup-10ba3b8ba3bbb557)

running 1 test
test speculative_decoding_exceeds_required_speedup_when_models_are_present ... ignored, requires real target/draft models under models/; run scripts/bench_speculative.sh

test result: ok. 0 passed; 0 failed; 1 ignored; 0 measured; 0 filtered out; finished in 0.00s

     Running tests/stable_va_capture_offload_e2e.rs (target/debug/deps/stable_va_capture_offload_e2e-d3052a106d1837aa)

running 0 tests

test result: ok. 0 passed; 0 failed; 0 ignored; 0 measured; 0 filtered out; finished in 0.00s

     Running tests/static_cache_workflow.rs (target/debug/deps/static_cache_workflow-9b72ba12dd5db82a)

running 7 tests
[0;93m2026-08-24 10:05:13.648877089 [W:onnxruntime:onnx-genai-pipeline, device_discovery.cc:146 GetPciBusId] Skipping pci_bus_id for PCI path at "/sys/devices/LNXSYSTM:00/LNXSYBUS:00/ACPI0004:00/MSFT1000:00/5620e0c7-8062-4dce-aeb7-520c7ef76171" because filename "5620e0c7-8062-4dce-aeb7-520c7ef76171" did not match expected pattern of [0-9a-f]+:[0-9a-f]+:[0-9a-f]+[.][0-9a-f]+[m
test static_cache_rejects_a_destination_outside_capacity ... ok
test static_cache_rejects_a_negative_destination ... ok
test static_cache_leaves_slots_below_the_cursor_untouched ... ok
test static_cache_writes_unequal_rows_into_one_fixed_buffer ... ok
test static_cache_runs_are_deterministic ... ok
test static_cache_rewind_is_a_cursor_move ... ok
test static_cache_freezes_inactive_rows_and_frees_their_tail ... ok

test result: ok. 7 passed; 0 failed; 0 ignored; 0 measured; 0 filtered out; finished in 2.23s

     Running tests/tree_speculative.rs (target/debug/deps/tree_speculative-45f83e84a0199b80)

running 2 tests
[0;93m2026-08-24 10:05:15.933578072 [W:onnxruntime:onnx-genai-engine, device_discovery.cc:146 GetPciBusId] Skipping pci_bus_id for PCI path at "/sys/devices/LNXSYSTM:00/LNXSYBUS:00/ACPI0004:00/MSFT1000:00/5620e0c7-8062-4dce-aeb7-520c7ef76171" because filename "5620e0c7-8062-4dce-aeb7-520c7ef76171" did not match expected pattern of [0-9a-f]+:[0-9a-f]+:[0-9a-f]+[.][0-9a-f]+[m
test tree_speculative_greedy_matches_plain_greedy_repetitive_prompt ... ok
test tree_speculative_greedy_matches_plain_greedy_exactly ... ok

test result: ok. 2 passed; 0 failed; 0 ignored; 0 measured; 0 filtered out; finished in 0.64s

     Running tests/video_workflow_e2e.rs (target/debug/deps/video_workflow_e2e-086c571c10789c9d)

running 1 test
test video_workflow_executes_complete_path ... ignored, requires a locally exported real-weight video diffusion package

test result: ok. 0 passed; 0 failed; 1 ignored; 0 measured; 0 filtered out; finished in 0.00s

     Running tests/whisper_metadata_e2e.rs (target/debug/deps/whisper_metadata_e2e-c41c3cc42415e51b)

running 2 tests
test imported_whisper_workflow_keeps_rows_aligned_across_lengths ... ignored, requires an imported Whisper workflow package and two clips of different length
test imported_whisper_workflow_transcribes_audio ... ignored, requires an imported Whisper workflow package (WHISPER_METADATA_DIR) and 16 kHz mono PCM audio (WHISPER_WAV)

test result: ok. 0 passed; 0 failed; 2 ignored; 0 measured; 0 filtered out; finished in 0.00s

     Running tests/whisper_mobius_workflow_e2e.rs (target/debug/deps/whisper_mobius_workflow_e2e-90eaca55d7a6e22f)

running 3 tests
test exported_whisper_workflow_keeps_rows_aligned_across_lengths ... ignored, requires the feature-input Mobius Whisper package (MOBIUS_WHISPER_FEATURES_DIR) and two clips of different length
test exported_whisper_workflow_separates_clips_of_different_length ... ignored, requires a Mobius-exported Whisper workflow package and two clips of different length
test exported_whisper_workflow_transcribes_encoded_audio ... ignored, requires a Mobius-exported Whisper workflow package (MOBIUS_WHISPER_DIR) and 16 kHz mono PCM audio (WHISPER_WAV)

test result: ok. 0 passed; 0 failed; 3 ignored; 0 measured; 0 filtered out; finished in 0.00s

     Running tests/workflow_performance_conformance.rs (target/debug/deps/workflow_performance_conformance-ae2fee665b68ccf4)

running 3 tests
test real_muse_policy_chain_matches_direct_ort ... ignored, requires the local 30B Muse decoder package and an idle H200
test workflow_islands_are_competitive_with_native_composites ... ignored, performance conformance is hardware-sensitive and must run on an idle benchmark host
[0;93m2026-08-24 10:05:16.535046231 [W:onnxruntime:onnx-genai-pipeline, device_discovery.cc:146 GetPciBusId] Skipping pci_bus_id for PCI path at "/sys/devices/LNXSYSTM:00/LNXSYBUS:00/ACPI0004:00/MSFT1000:00/5620e0c7-8062-4dce-aeb7-520c7ef76171" because filename "5620e0c7-8062-4dce-aeb7-520c7ef76171" did not match expected pattern of [0-9a-f]+:[0-9a-f]+:[0-9a-f]+[.][0-9a-f]+[m
test prepared_workflow_refreshes_replaced_input_slots ... ok

test result: ok. 1 passed; 0 failed; 2 ignored; 0 measured; 0 filtered out; finished in 0.39s

     Running tests/workflow_policy_e2e.rs (target/debug/deps/workflow_policy_e2e-5a1d9e71c96976f1)

running 20 tests
test workflow_branch_joins_speculative_values_and_effects ... ok
[0;93m2026-08-24 10:05:16.960680372 [W:onnxruntime:onnx-genai-pipeline, device_discovery.cc:146 GetPciBusId] Skipping pci_bus_id for PCI path at "/sys/devices/LNXSYSTM:00/LNXSYBUS:00/ACPI0004:00/MSFT1000:00/5620e0c7-8062-4dce-aeb7-520c7ef76171" because filename "5620e0c7-8062-4dce-aeb7-520c7ef76171" did not match expected pattern of [0-9a-f]+:[0-9a-f]+:[0-9a-f]+[.][0-9a-f]+[m
test workflow_component_symbols_ignore_package_dynamic_symbol_names ... ok
test decoder_present_kv_is_direct_loop_carry ... ok
test execution_island_references_external_weights_without_inlining ... ok
test workflow_component_symbols_are_scoped_per_invocation ... ok
test workflow_executes_generic_telemetry_adapter ... ok
test optional_media_presence_selects_real_or_empty_features ... ok
test pure_policy_chain_lowers_to_one_execution_island ... ok
test workflow_executes_diffusion_solver_policy_artifact ... ok
test workflow_scalar_literal_materializes_unbound_symbol_as_singleton ... ok
test workflow_nested_loops_materialize_lexical_induction_values ... ok
test execution_island_disambiguates_sanitized_value_names ... ok
test workflow_combines_speculation_grammar_and_adaptive_budget ... ok
test workflow_executes_autoregressive_rng_and_eos_loop ... ok
test workflow_selects_bounded_state_prefix_through_branch_phi ... ok
test workflow_executes_masked_and_speculative_policy_artifacts ... ok
test workflow_threads_loop_branch_effects_and_session_state ... ok
test workflow_executes_real_greedy_policy_artifact ... ok
test workflow_materializes_image_adapter_outputs_as_ssa_values ... ok
test workflow_world_model_checkpoints_and_replays_semantic_state ... ok

test result: ok. 20 passed; 0 failed; 0 ignored; 0 measured; 0 filtered out; finished in 1.82s

     Running tests/workflow_session_continuation.rs (target/debug/deps/workflow_session_continuation-b15cfe738a71ea30)

running 16 tests
test a_busy_session_is_a_retryable_capability_refusal ... ok
test a_session_cell_nothing_carries_is_refused_at_load ... ok
test a_group_lease_is_bound_at_its_port_and_must_have_a_reader ... ok
test a_session_cell_whose_group_does_not_alias_it_is_refused_at_load ... ok
test copy_on_write_session_mutation_is_refused_at_load ... ok
[0;93m2026-08-24 10:05:19.744657652 [W:onnxruntime:onnx-genai-pipeline, device_discovery.cc:146 GetPciBusId] Skipping pci_bus_id for PCI path at "/sys/devices/LNXSYSTM:00/LNXSYBUS:00/ACPI0004:00/MSFT1000:00/5620e0c7-8062-4dce-aeb7-520c7ef76171" because filename "5620e0c7-8062-4dce-aeb7-520c7ef76171" did not match expected pattern of [0-9a-f]+:[0-9a-f]+:[0-9a-f]+[.][0-9a-f]+[m
test a_continued_turn_decodes_against_the_earlier_turns_context ... ok
test a_failed_turn_releases_its_lease_and_its_reservation ... ok
test a_graph_carried_lease_does_not_prepend_a_conversation ... ok
test a_package_with_no_declared_conversation_refuses_a_session ... ok
test a_carrier_decides_what_is_attended_and_what_is_recomputed ... ok
test a_conversation_is_refused_past_the_bound_it_declares ... ok
test a_state_service_group_carries_a_lease_the_validator_blessed ... ok
test independent_sessions_do_not_see_each_other ... ok
test stateless_generation_is_unchanged_by_a_declared_conversation ... ok
test reset_and_close_release_the_conversation ... ok
test third_turn_matches_the_single_shot_conversation ... ok

test result: ok. 16 passed; 0 failed; 0 ignored; 0 measured; 0 filtered out; finished in 11.62s

     Running unittests examples/evidence_probe.rs (target/debug/examples/evidence_probe-02e245fb4c7f8c1f)

running 0 tests

test result: ok. 0 passed; 0 failed; 0 ignored; 0 measured; 0 filtered out; finished in 0.00s

     Running unittests examples/generate_scalar_gqa_fixture.rs (target/debug/examples/generate_scalar_gqa_fixture-2751846862f4b73f)

running 0 tests

test result: ok. 0 passed; 0 failed; 0 ignored; 0 measured; 0 filtered out; finished in 0.00s

     Running unittests examples/greedy_token_dump.rs (target/debug/examples/greedy_token_dump-04e9d8183cd4f3f8)

running 0 tests

test result: ok. 0 passed; 0 failed; 0 ignored; 0 measured; 0 filtered out; finished in 0.00s

     Running unittests examples/run_workflow_package.rs (target/debug/examples/run_workflow_package-429f2cc0bc252ba1)

running 0 tests

test result: ok. 0 passed; 0 failed; 0 ignored; 0 measured; 0 filtered out; finished in 0.00s

hostlock: released (command exit 0)
hostlock: cpu wall=228.604s cpu=1742.290s cores_expected=unspecified efficiency=7.621 verdict=unjudged
