2026-08-22T20:00:36.3777340Z Current runner version: '2.336.0'
2026-08-22T20:00:36.3802516Z ##[group]Runner Image Provisioner
2026-08-22T20:00:36.3803274Z Hosted Compute Agent
2026-08-22T20:00:36.3803735Z Version: 20260729.566
2026-08-22T20:00:36.3804234Z Commit: cf7153fe6e25b664e8693c24944bf2b00355d109
2026-08-22T20:00:36.3804816Z Build Date: 2026-07-29T19:17:02Z
2026-08-22T20:00:36.3805364Z Worker ID: {a0b7fedc-8242-45ac-abda-e911ebd18c08}
2026-08-22T20:00:36.3805937Z Azure Region: westus2
2026-08-22T20:00:36.3806375Z ##[endgroup]
2026-08-22T20:00:36.3807772Z ##[group]Operating System
2026-08-22T20:00:36.3808286Z Microsoft Windows 11
2026-08-22T20:00:36.3808720Z 10.0.26200
2026-08-22T20:00:36.3809124Z Enterprise
2026-08-22T20:00:36.3809520Z ##[endgroup]
2026-08-22T20:00:36.3809936Z ##[group]Runner Image
2026-08-22T20:00:36.3810388Z Image: windows-11-arm64
2026-08-22T20:00:36.3810846Z Version: 20260809.134.1
2026-08-22T20:00:36.3812435Z Included Software: https://github.com/actions/runner-images/blob/win11-arm64/20260809.134/images/windows/Windows11-Arm64-Readme.md
2026-08-22T20:00:36.3813845Z Image Release: https://github.com/actions/runner-images/releases/tag/win11-arm64%2F20260809.134
2026-08-22T20:00:36.3814648Z ##[endgroup]
2026-08-22T20:00:36.3815597Z ##[group]GITHUB_TOKEN Permissions
2026-08-22T20:00:36.3817482Z Contents: read
2026-08-22T20:00:36.3817957Z Metadata: read
2026-08-22T20:00:36.3818377Z ##[endgroup]
2026-08-22T20:00:36.3820410Z Secret source: Actions
2026-08-22T20:00:36.3821356Z Prepare workflow directory
2026-08-22T20:00:36.4281206Z Prepare all required actions
2026-08-22T20:00:36.4338710Z Getting action download info
2026-08-22T20:00:36.7434416Z Download action repository 'actions/checkout@v5' (SHA:fbc6f3992d24b796d5a048ff273f7fcc4a7b6c09)
2026-08-22T20:00:37.0401898Z Download action repository 'actions/cache@v4' (SHA:0057852bfaa89a56745cba8c7296529d2fc39830)
2026-08-22T20:00:37.3963473Z Download action repository 'actions/setup-python@v5' (SHA:a26af69be951a213d495a4c3e4e4022e16d87065)
2026-08-22T20:00:38.0400666Z Complete job name: Rust (Windows ARM64)
2026-08-22T20:00:38.1671547Z ##[group]Run actions/checkout@v5
2026-08-22T20:00:38.1672630Z with:
2026-08-22T20:00:38.1672898Z   submodules: recursive
2026-08-22T20:00:38.1673153Z   repository: justinchuby/onnx-genai
2026-08-22T20:00:38.1676002Z   token: ***
2026-08-22T20:00:38.1676206Z   ssh-strict: true
2026-08-22T20:00:38.1676416Z   ssh-user: git
2026-08-22T20:00:38.1676632Z   persist-credentials: true
2026-08-22T20:00:38.1676869Z   clean: true
2026-08-22T20:00:38.1677083Z   sparse-checkout-cone-mode: true
2026-08-22T20:00:38.1677346Z   fetch-depth: 1
2026-08-22T20:00:38.1677559Z   fetch-tags: false
2026-08-22T20:00:38.1677792Z   show-progress: true
2026-08-22T20:00:38.1678019Z   lfs: false
2026-08-22T20:00:38.1678222Z   set-safe-directory: true
2026-08-22T20:00:38.1678476Z   allow-unsafe-pr-checkout: false
2026-08-22T20:00:38.1679180Z env:
2026-08-22T20:00:38.1679418Z   CARGO_LLVM_COV_VERSION: 0.8.7
2026-08-22T20:00:38.1679723Z   CARGO_TERM_COLOR: always
2026-08-22T20:00:38.1680040Z   RUSTFLAGS: -D warnings
2026-08-22T20:00:38.1680289Z   CMAKE_GENERATOR: Visual Studio 17 2022
2026-08-22T20:00:38.1680552Z ##[endgroup]
2026-08-22T20:00:38.3954781Z Syncing repository: justinchuby/onnx-genai
2026-08-22T20:00:38.3956534Z ##[group]Getting Git version info
2026-08-22T20:00:38.3956931Z Working directory is 'C:\a\onnx-genai\onnx-genai'
2026-08-22T20:00:38.4838900Z [command]"C:\Program Files\Git\bin\git.exe" version
2026-08-22T20:00:38.7644199Z git version 2.55.0.windows.3
2026-08-22T20:00:38.7701289Z ##[endgroup]
2026-08-22T20:00:38.7738318Z Temporarily overriding HOME='C:\a\_temp\fc8de7e6-e37c-4348-aad2-535b0549f56e' before making global git config changes
2026-08-22T20:00:38.7739536Z Adding repository directory to the temporary git global config as a safe directory
2026-08-22T20:00:38.7747975Z [command]"C:\Program Files\Git\bin\git.exe" config --global --add safe.directory C:\a\onnx-genai\onnx-genai
2026-08-22T20:00:38.8440564Z Deleting the contents of 'C:\a\onnx-genai\onnx-genai'
2026-08-22T20:00:38.8448243Z ##[group]Initializing the repository
2026-08-22T20:00:38.8457439Z [command]"C:\Program Files\Git\bin\git.exe" init C:\a\onnx-genai\onnx-genai
2026-08-22T20:00:38.9649429Z Initialized empty Git repository in C:/a/onnx-genai/onnx-genai/.git/
2026-08-22T20:00:38.9706413Z [command]"C:\Program Files\Git\bin\git.exe" remote add origin https://github.com/justinchuby/onnx-genai
2026-08-22T20:00:39.0314994Z ##[endgroup]
2026-08-22T20:00:39.0315473Z ##[group]Disabling automatic garbage collection
2026-08-22T20:00:39.0324799Z [command]"C:\Program Files\Git\bin\git.exe" config --local gc.auto 0
2026-08-22T20:00:39.0845938Z ##[endgroup]
2026-08-22T20:00:39.0846543Z ##[group]Setting up auth
2026-08-22T20:00:39.0858965Z [command]"C:\Program Files\Git\bin\git.exe" config --local --name-only --get-regexp core\.sshCommand
2026-08-22T20:00:39.1429134Z [command]"C:\Program Files\Git\bin\git.exe" submodule foreach --recursive "sh -c \"git config --local --name-only --get-regexp 'core\.sshCommand' && git config --local --unset-all 'core.sshCommand' || :\""
2026-08-22T20:00:41.1448871Z [command]"C:\Program Files\Git\bin\git.exe" config --local --name-only --get-regexp http\.https\:\/\/github\.com\/\.extraheader
2026-08-22T20:00:41.1983896Z [command]"C:\Program Files\Git\bin\git.exe" submodule foreach --recursive "sh -c \"git config --local --name-only --get-regexp 'http\.https\:\/\/github\.com\/\.extraheader' && git config --local --unset-all 'http.https://github.com/.extraheader' || :\""
2026-08-22T20:00:42.3048799Z [command]"C:\Program Files\Git\bin\git.exe" config --local --name-only --get-regexp ^includeIf\.gitdir:
2026-08-22T20:00:42.3531050Z [command]"C:\Program Files\Git\bin\git.exe" submodule foreach --recursive "git config --local --show-origin --name-only --get-regexp remote.origin.url"
2026-08-22T20:00:43.4466066Z [command]"C:\Program Files\Git\bin\git.exe" config --local http.https://github.com/.extraheader "AUTHORIZATION: basic ***"
2026-08-22T20:00:43.4969367Z ##[endgroup]
2026-08-22T20:00:43.4971400Z ##[group]Fetching the repository
2026-08-22T20:00:43.4982404Z [command]"C:\Program Files\Git\bin\git.exe" -c protocol.version=2 fetch --no-tags --prune --no-recurse-submodules --depth=1 origin +d6e4b5f2a6ff1a34709a4395f34599b8fb1c0ed9:refs/remotes/pull/1772/merge
2026-08-22T20:00:45.1808030Z From https://github.com/justinchuby/onnx-genai
2026-08-22T20:00:45.1808572Z  * [new ref]         d6e4b5f2a6ff1a34709a4395f34599b8fb1c0ed9 -> pull/1772/merge
2026-08-22T20:00:45.1860873Z ##[endgroup]
2026-08-22T20:00:45.1861354Z ##[group]Determining the checkout info
2026-08-22T20:00:45.1863368Z ##[endgroup]
2026-08-22T20:00:45.1879263Z [command]"C:\Program Files\Git\bin\git.exe" sparse-checkout disable
2026-08-22T20:00:45.2477873Z [command]"C:\Program Files\Git\bin\git.exe" config --local --unset-all extensions.worktreeConfig
2026-08-22T20:00:45.2954322Z ##[group]Checking out the ref
2026-08-22T20:00:45.2962523Z [command]"C:\Program Files\Git\bin\git.exe" checkout --progress --force refs/remotes/pull/1772/merge
2026-08-22T20:00:46.3765748Z Updating files:  31% (1130/3615)
2026-08-22T20:00:46.4004762Z Updating files:  32% (1157/3615)
2026-08-22T20:00:46.4323315Z Updating files:  33% (1193/3615)
2026-08-22T20:00:46.4614176Z Updating files:  34% (1230/3615)
2026-08-22T20:00:46.4908988Z Updating files:  35% (1266/3615)
2026-08-22T20:00:46.5211352Z Updating files:  36% (1302/3615)
2026-08-22T20:00:46.5444806Z Updating files:  37% (1338/3615)
2026-08-22T20:00:46.5717957Z Updating files:  38% (1374/3615)
2026-08-22T20:00:46.6056546Z Updating files:  39% (1410/3615)
2026-08-22T20:00:47.1036140Z Updating files:  40% (1446/3615)
2026-08-22T20:00:47.1557006Z Updating files:  41% (1483/3615)
2026-08-22T20:00:47.2427623Z Updating files:  42% (1519/3615)
2026-08-22T20:00:47.3005353Z Updating files:  43% (1555/3615)
2026-08-22T20:00:47.3408422Z Updating files:  44% (1591/3615)
2026-08-22T20:00:47.3904125Z Updating files:  45% (1627/3615)
2026-08-22T20:00:47.4128293Z Updating files:  45% (1643/3615)
2026-08-22T20:00:47.4451259Z Updating files:  46% (1663/3615)
2026-08-22T20:00:47.4783182Z Updating files:  47% (1700/3615)
2026-08-22T20:00:47.5159195Z Updating files:  48% (1736/3615)
2026-08-22T20:00:47.5476987Z Updating files:  49% (1772/3615)
2026-08-22T20:00:47.5857528Z Updating files:  50% (1808/3615)
2026-08-22T20:00:47.6239325Z Updating files:  51% (1844/3615)
2026-08-22T20:00:47.6628709Z Updating files:  52% (1880/3615)
2026-08-22T20:00:47.7087874Z Updating files:  53% (1916/3615)
2026-08-22T20:00:47.7410930Z Updating files:  54% (1953/3615)
2026-08-22T20:00:47.7746151Z Updating files:  55% (1989/3615)
2026-08-22T20:00:47.8358122Z Updating files:  56% (2025/3615)
2026-08-22T20:00:47.8877226Z Updating files:  57% (2061/3615)
2026-08-22T20:00:47.9320194Z Updating files:  58% (2097/3615)
2026-08-22T20:00:47.9682778Z Updating files:  59% (2133/3615)
2026-08-22T20:00:48.0096813Z Updating files:  60% (2169/3615)
2026-08-22T20:00:48.0449102Z Updating files:  61% (2206/3615)
2026-08-22T20:00:48.0848060Z Updating files:  62% (2242/3615)
2026-08-22T20:00:48.1238328Z Updating files:  63% (2278/3615)
2026-08-22T20:00:48.1649092Z Updating files:  64% (2314/3615)
2026-08-22T20:00:48.2072851Z Updating files:  65% (2350/3615)
2026-08-22T20:00:48.2501527Z Updating files:  66% (2386/3615)
2026-08-22T20:00:48.2898346Z Updating files:  67% (2423/3615)
2026-08-22T20:00:48.3310596Z Updating files:  68% (2459/3615)
2026-08-22T20:00:48.3846049Z Updating files:  69% (2495/3615)
2026-08-22T20:00:48.4089535Z Updating files:  69% (2523/3615)
2026-08-22T20:00:48.5168312Z Updating files:  70% (2531/3615)
2026-08-22T20:00:48.5985792Z Updating files:  71% (2567/3615)
2026-08-22T20:00:48.6704414Z Updating files:  72% (2603/3615)
2026-08-22T20:00:48.7042617Z Updating files:  73% (2639/3615)
2026-08-22T20:00:48.7267516Z Updating files:  74% (2676/3615)
2026-08-22T20:00:48.7561867Z Updating files:  75% (2712/3615)
2026-08-22T20:00:48.7818199Z Updating files:  76% (2748/3615)
2026-08-22T20:00:48.8046311Z Updating files:  77% (2784/3615)
2026-08-22T20:00:48.8321385Z Updating files:  78% (2820/3615)
2026-08-22T20:00:48.8711513Z Updating files:  79% (2856/3615)
2026-08-22T20:00:48.9115454Z Updating files:  80% (2892/3615)
2026-08-22T20:00:48.9459019Z Updating files:  81% (2929/3615)
2026-08-22T20:00:48.9784348Z Updating files:  82% (2965/3615)
2026-08-22T20:00:49.0212767Z Updating files:  83% (3001/3615)
2026-08-22T20:00:49.0715625Z Updating files:  84% (3037/3615)
2026-08-22T20:00:49.1140117Z Updating files:  85% (3073/3615)
2026-08-22T20:00:49.1703641Z Updating files:  86% (3109/3615)
2026-08-22T20:00:49.2069233Z Updating files:  87% (3146/3615)
2026-08-22T20:00:49.2403200Z Updating files:  88% (3182/3615)
2026-08-22T20:00:49.2673051Z Updating files:  89% (3218/3615)
2026-08-22T20:00:49.3001550Z Updating files:  90% (3254/3615)
2026-08-22T20:00:49.3194654Z Updating files:  91% (3290/3615)
2026-08-22T20:00:49.3670612Z Updating files:  92% (3326/3615)
2026-08-22T20:00:49.3827190Z Updating files:  93% (3362/3615)
2026-08-22T20:00:49.4167224Z Updating files:  93% (3370/3615)
2026-08-22T20:00:49.5345582Z Updating files:  94% (3399/3615)
2026-08-22T20:00:49.6864175Z Updating files:  95% (3435/3615)
2026-08-22T20:00:49.7661097Z Updating files:  96% (3471/3615)
2026-08-22T20:00:49.8987192Z Updating files:  97% (3507/3615)
2026-08-22T20:00:50.0058101Z Updating files:  98% (3543/3615)
2026-08-22T20:00:50.1626780Z Updating files:  99% (3579/3615)
2026-08-22T20:00:50.1627056Z Updating files: 100% (3615/3615)
2026-08-22T20:00:50.1627281Z Updating files: 100% (3615/3615), done.
2026-08-22T20:00:50.1839232Z Note: switching to 'refs/remotes/pull/1772/merge'.
2026-08-22T20:00:50.1839484Z 
2026-08-22T20:00:50.1839657Z You are in 'detached HEAD' state. You can look around, make experimental
2026-08-22T20:00:50.1840100Z changes and commit them, and you can discard any commits you make in this
2026-08-22T20:00:50.1840519Z state without impacting any branches by switching back to a branch.
2026-08-22T20:00:50.1841260Z 
2026-08-22T20:00:50.1841437Z If you want to create a new branch to retain commits you create, you may
2026-08-22T20:00:50.1841835Z do so (now or later) by using -c with the switch command. Example:
2026-08-22T20:00:50.1842070Z 
2026-08-22T20:00:50.1842152Z   git switch -c <new-branch-name>
2026-08-22T20:00:50.1842304Z 
2026-08-22T20:00:50.1842383Z Or undo this operation with:
2026-08-22T20:00:50.1842522Z 
2026-08-22T20:00:50.1842587Z   git switch -
2026-08-22T20:00:50.1842689Z 
2026-08-22T20:00:50.1842878Z Turn off this advice by setting config variable advice.detachedHead to false
2026-08-22T20:00:50.1843155Z 
2026-08-22T20:00:50.1843458Z HEAD is now at d6e4b5f Merge 2a15d7368c335815fe81e54692a78f7d37e2ea84 into 4738086fde4256a9080bbb2a8a4f2ee71a3cbe54
2026-08-22T20:00:50.2038625Z ##[endgroup]
2026-08-22T20:00:50.2039008Z ##[group]Setting up auth for fetching submodules
2026-08-22T20:00:50.2050287Z [command]"C:\Program Files\Git\bin\git.exe" config --global http.https://github.com/.extraheader "AUTHORIZATION: basic ***"
2026-08-22T20:00:50.2561038Z [command]"C:\Program Files\Git\bin\git.exe" config --global --unset-all url.https://github.com/.insteadOf
2026-08-22T20:00:50.3043258Z [command]"C:\Program Files\Git\bin\git.exe" config --global --add url.https://github.com/.insteadOf git@github.com:
2026-08-22T20:00:50.3530695Z [command]"C:\Program Files\Git\bin\git.exe" config --global --add url.https://github.com/.insteadOf org-11205048@github.com:
2026-08-22T20:00:50.4013688Z ##[endgroup]
2026-08-22T20:00:50.4014015Z ##[group]Fetching submodules
2026-08-22T20:00:50.4023513Z [command]"C:\Program Files\Git\bin\git.exe" submodule sync --recursive
2026-08-22T20:00:51.5162262Z [command]"C:\Program Files\Git\bin\git.exe" -c protocol.version=2 submodule update --init --force --depth=1 --recursive
2026-08-22T20:00:53.1374001Z Submodule 'crates/onnx-runtime-cpuinfo/vendor/cpuinfo' (https://github.com/pytorch/cpuinfo.git) registered for path 'crates/onnx-runtime-cpuinfo/vendor/cpuinfo'
2026-08-22T20:00:53.3089645Z Cloning into 'C:/a/onnx-genai/onnx-genai/crates/onnx-runtime-cpuinfo/vendor/cpuinfo'...
2026-08-22T20:00:56.8315103Z From https://github.com/pytorch/cpuinfo
2026-08-22T20:00:56.8315509Z  * branch            b1a5d63f585bdb41c97ed3cb00daa64e06f982cc -> FETCH_HEAD
2026-08-22T20:00:57.5539566Z Submodule path 'crates/onnx-runtime-cpuinfo/vendor/cpuinfo': checked out 'b1a5d63f585bdb41c97ed3cb00daa64e06f982cc'
2026-08-22T20:00:57.5872225Z [command]"C:\Program Files\Git\bin\git.exe" submodule foreach --recursive "git config --local gc.auto 0"
2026-08-22T20:00:58.7057436Z Entering 'crates/onnx-runtime-cpuinfo/vendor/cpuinfo'
2026-08-22T20:00:58.8288954Z ##[endgroup]
2026-08-22T20:00:58.8289332Z ##[group]Persisting credentials for submodules
2026-08-22T20:00:58.8306323Z [command]"C:\Program Files\Git\bin\git.exe" submodule foreach --recursive "sh -c \"git config --local --name-only --get-regexp 'url\.https\:\/\/github\.com\/\.insteadOf' && git config --local --unset-all 'url.https://github.com/.insteadOf' || :\""
2026-08-22T20:00:59.9502383Z Entering 'crates/onnx-runtime-cpuinfo/vendor/cpuinfo'
2026-08-22T20:01:00.1436460Z [command]"C:\Program Files\Git\bin\git.exe" submodule foreach --recursive "sh -c \"git config --local 'http.https://github.com/.extraheader' 'AUTHORIZATION: basic ***' && git config --local --show-origin --name-only --get-regexp remote.origin.url\""
2026-08-22T20:01:01.2722602Z Entering 'crates/onnx-runtime-cpuinfo/vendor/cpuinfo'
2026-08-22T20:01:01.4353773Z file:C:/a/onnx-genai/onnx-genai/.git/modules/crates/onnx-runtime-cpuinfo/vendor/cpuinfo/config	remote.origin.url
2026-08-22T20:01:01.4760503Z [command]"C:\Program Files\Git\bin\git.exe" submodule foreach --recursive "git config --local --add 'url.https://github.com/.insteadOf' 'git@github.com:'"
2026-08-22T20:01:02.6020950Z Entering 'crates/onnx-runtime-cpuinfo/vendor/cpuinfo'
2026-08-22T20:01:02.7048670Z [command]"C:\Program Files\Git\bin\git.exe" submodule foreach --recursive "git config --local --add 'url.https://github.com/.insteadOf' 'org-11205048@github.com:'"
2026-08-22T20:01:03.9562973Z Entering 'crates/onnx-runtime-cpuinfo/vendor/cpuinfo'
2026-08-22T20:01:04.0657122Z ##[endgroup]
2026-08-22T20:01:04.1221479Z [command]"C:\Program Files\Git\bin\git.exe" log -1 --format=%H
2026-08-22T20:01:04.1668196Z d6e4b5f2a6ff1a34709a4395f34599b8fb1c0ed9
2026-08-22T20:01:04.2140795Z ##[group]Run # The toolchain, and its components, come from rust-toolchain.toml so CI
2026-08-22T20:01:04.2141525Z [36;1m# The toolchain, and its components, come from rust-toolchain.toml so CI[0m
2026-08-22T20:01:04.2141981Z [36;1m# and contributors resolve the same rustc. See that file for why.[0m
2026-08-22T20:01:04.2142321Z [36;1mrustup toolchain install[0m
2026-08-22T20:01:04.2142660Z [36;1mecho "version=$(rustc -Vv | sed -n 's/^release: //p')" >> "$GITHUB_OUTPUT"[0m
2026-08-22T20:01:04.2173421Z shell: C:\Program Files\Git\bin\bash.EXE --noprofile --norc -e -o pipefail {0}
2026-08-22T20:01:04.2173811Z env:
2026-08-22T20:01:04.2173979Z   CARGO_LLVM_COV_VERSION: 0.8.7
2026-08-22T20:01:04.2174187Z   CARGO_TERM_COLOR: always
2026-08-22T20:01:04.2174380Z   RUSTFLAGS: -D warnings
2026-08-22T20:01:04.2174579Z   CMAKE_GENERATOR: Visual Studio 17 2022
2026-08-22T20:01:04.2174801Z ##[endgroup]
2026-08-22T20:01:04.9450364Z info: syncing channel updates for 1.98.0-aarch64-pc-windows-msvc
2026-08-22T20:01:05.5214940Z info: latest update on 2026-08-20 for version 1.98.0 (88d9e12ae 2026-08-18)
2026-08-22T20:01:05.5317008Z info: downloading 6 components
2026-08-22T20:01:15.4409707Z info: the active toolchain `1.98.0-aarch64-pc-windows-msvc` has been installed
2026-08-22T20:01:15.4411414Z info: it's active because: overridden by 'C:\a\onnx-genai\onnx-genai\rust-toolchain.toml'
2026-08-22T20:01:17.2700894Z ##[group]Run target="aarch64-pc-windows-msvc"
2026-08-22T20:01:17.2701343Z [36;1mtarget="aarch64-pc-windows-msvc"[0m
2026-08-22T20:01:17.2701628Z [36;1mecho "triple=$target" >> "$GITHUB_OUTPUT"[0m
2026-08-22T20:01:17.2721309Z shell: C:\Program Files\Git\bin\bash.EXE --noprofile --norc -e -o pipefail {0}
2026-08-22T20:01:17.2721673Z env:
2026-08-22T20:01:17.2721843Z   CARGO_LLVM_COV_VERSION: 0.8.7
2026-08-22T20:01:17.2722053Z   CARGO_TERM_COLOR: always
2026-08-22T20:01:17.2722285Z   RUSTFLAGS: -D warnings
2026-08-22T20:01:17.2722486Z   CMAKE_GENERATOR: Visual Studio 17 2022
2026-08-22T20:01:17.2722715Z ##[endgroup]
2026-08-22T20:01:17.5530180Z Node 20 is being deprecated. This workflow is running with Node 24 by default. If you need to temporarily use Node 20, you can set the ACTIONS_ALLOW_USE_UNSECURE_NODE_VERSION=true environment variable. For more information see: https://github.blog/changelog/2025-09-19-deprecation-of-node-20-on-github-actions-runners/
2026-08-22T20:01:17.5532145Z ##[group]Run actions/cache@v4
2026-08-22T20:01:17.5532369Z with:
2026-08-22T20:01:17.5532576Z   path: ~/.cargo/registry
~/.cargo/git
target

2026-08-22T20:01:17.5533262Z   key: Windows-ARM64-aarch64-pc-windows-msvc-platform-test-rust-1.98.0-0d93c91ba589a894a13df03d4b88d1242bcde921f1cd976b62eae9789f5e5460
2026-08-22T20:01:17.5534054Z   restore-keys: Windows-ARM64-aarch64-pc-windows-msvc-platform-test-rust-1.98.0-

2026-08-22T20:01:17.5534456Z   enableCrossOsArchive: false
2026-08-22T20:01:17.5534672Z   fail-on-cache-miss: false
2026-08-22T20:01:17.5534875Z   lookup-only: false
2026-08-22T20:01:17.5535053Z   save-always: false
2026-08-22T20:01:17.5535269Z env:
2026-08-22T20:01:17.5535434Z   CARGO_LLVM_COV_VERSION: 0.8.7
2026-08-22T20:01:17.5535641Z   CARGO_TERM_COLOR: always
2026-08-22T20:01:17.5535837Z   RUSTFLAGS: -D warnings
2026-08-22T20:01:17.5536043Z   CMAKE_GENERATOR: Visual Studio 17 2022
2026-08-22T20:01:17.5536270Z ##[endgroup]
2026-08-22T20:01:17.7476380Z (node:9792) [DEP0040] DeprecationWarning: The `punycode` module is deprecated. Please use a userland alternative instead.
2026-08-22T20:01:17.7477018Z (Use `node --trace-deprecation ...` to show where the warning was created)
2026-08-22T20:01:18.3764768Z Cache not found for input keys: Windows-ARM64-aarch64-pc-windows-msvc-platform-test-rust-1.98.0-0d93c91ba589a894a13df03d4b88d1242bcde921f1cd976b62eae9789f5e5460, Windows-ARM64-aarch64-pc-windows-msvc-platform-test-rust-1.98.0-
2026-08-22T20:01:18.4171081Z Node 20 is being deprecated. This workflow is running with Node 24 by default. If you need to temporarily use Node 20, you can set the ACTIONS_ALLOW_USE_UNSECURE_NODE_VERSION=true environment variable. For more information see: https://github.blog/changelog/2025-09-19-deprecation-of-node-20-on-github-actions-runners/
2026-08-22T20:01:18.4172420Z ##[group]Run actions/setup-python@v5
2026-08-22T20:01:18.4172642Z with:
2026-08-22T20:01:18.4172800Z   python-version: 3.12
2026-08-22T20:01:18.4172984Z   check-latest: false
2026-08-22T20:01:18.4175866Z   token: ***
2026-08-22T20:01:18.4176041Z   update-environment: true
2026-08-22T20:01:18.4176242Z   allow-prereleases: false
2026-08-22T20:01:18.4176459Z   freethreaded: false
2026-08-22T20:01:18.4176625Z env:
2026-08-22T20:01:18.4176777Z   CARGO_LLVM_COV_VERSION: 0.8.7
2026-08-22T20:01:18.4176979Z   CARGO_TERM_COLOR: always
2026-08-22T20:01:18.4177170Z   RUSTFLAGS: -D warnings
2026-08-22T20:01:18.4177398Z   CMAKE_GENERATOR: Visual Studio 17 2022
2026-08-22T20:01:18.4177622Z ##[endgroup]
2026-08-22T20:01:18.6480985Z ##[group]Installed versions
2026-08-22T20:01:18.6743485Z (node:2644) [DEP0040] DeprecationWarning: The `punycode` module is deprecated. Please use a userland alternative instead.
2026-08-22T20:01:18.6744114Z (Use `node --trace-deprecation ...` to show where the warning was created)
2026-08-22T20:01:18.6746114Z Successfully set up CPython (3.12.10)
2026-08-22T20:01:18.6747132Z ##[endgroup]
2026-08-22T20:01:18.7117060Z ##[group]Run python -m pip install --upgrade numpy onnxscript
2026-08-22T20:01:18.7117578Z [36;1mpython -m pip install --upgrade numpy onnxscript[0m
2026-08-22T20:01:18.7234091Z shell: C:\Program Files\PowerShell\7\pwsh.EXE -command ". '{0}'"
2026-08-22T20:01:18.7234430Z env:
2026-08-22T20:01:18.7234599Z   CARGO_LLVM_COV_VERSION: 0.8.7
2026-08-22T20:01:18.7234809Z   CARGO_TERM_COLOR: always
2026-08-22T20:01:18.7235002Z   RUSTFLAGS: -D warnings
2026-08-22T20:01:18.7235200Z   CMAKE_GENERATOR: Visual Studio 17 2022
2026-08-22T20:01:18.7235510Z   pythonLocation: C:\hostedtoolcache\windows\Python\3.12.10\arm64
2026-08-22T20:01:18.7235940Z   PKG_CONFIG_PATH: C:\hostedtoolcache\windows\Python\3.12.10\arm64/lib/pkgconfig
2026-08-22T20:01:18.7236360Z   Python_ROOT_DIR: C:\hostedtoolcache\windows\Python\3.12.10\arm64
2026-08-22T20:01:18.7236740Z   Python2_ROOT_DIR: C:\hostedtoolcache\windows\Python\3.12.10\arm64
2026-08-22T20:01:18.7237154Z   Python3_ROOT_DIR: C:\hostedtoolcache\windows\Python\3.12.10\arm64
2026-08-22T20:01:18.7237457Z ##[endgroup]
2026-08-22T20:01:23.7059450Z Collecting numpy
2026-08-22T20:01:23.9343319Z   Downloading numpy-2.5.2-cp312-cp312-win_arm64.whl.metadata (6.6 kB)
2026-08-22T20:01:24.0489321Z Collecting onnxscript
2026-08-22T20:01:24.0582890Z   Downloading onnxscript-0.7.1-py3-none-any.whl.metadata (13 kB)
2026-08-22T20:01:24.1413197Z Collecting ml_dtypes (from onnxscript)
2026-08-22T20:01:24.1531775Z   Downloading ml_dtypes-0.6.0-cp312-cp312-win_arm64.whl.metadata (8.8 kB)
2026-08-22T20:01:24.2030565Z Collecting onnx_ir<2,>=0.1.16 (from onnxscript)
2026-08-22T20:01:24.2147483Z   Downloading onnx_ir-1.0.0-py3-none-any.whl.metadata (3.3 kB)
2026-08-22T20:01:24.3020269Z Collecting onnx>=1.17 (from onnxscript)
2026-08-22T20:01:24.3123059Z   Downloading onnx-1.22.0-cp312-abi3-win_arm64.whl.metadata (8.5 kB)
2026-08-22T20:01:24.3640443Z Collecting packaging (from onnxscript)
2026-08-22T20:01:24.3722586Z   Downloading packaging-26.3-py3-none-any.whl.metadata (3.5 kB)
2026-08-22T20:01:24.4221854Z Collecting typing_extensions>=4.10 (from onnxscript)
2026-08-22T20:01:24.4311588Z   Downloading typing_extensions-4.16.0-py3-none-any.whl.metadata (3.3 kB)
2026-08-22T20:01:24.4759821Z Collecting sympy>=1.13 (from onnx_ir<2,>=0.1.16->onnxscript)
2026-08-22T20:01:24.4841852Z   Downloading sympy-1.14.0-py3-none-any.whl.metadata (12 kB)
2026-08-22T20:01:24.6721410Z Collecting protobuf>=4.25.1 (from onnx>=1.17->onnxscript)
2026-08-22T20:01:24.6822468Z   Downloading protobuf-7.36.0-py3-none-any.whl.metadata (595 bytes)
2026-08-22T20:01:24.7930427Z Collecting mpmath<1.4,>=1.1.0 (from sympy>=1.13->onnx_ir<2,>=0.1.16->onnxscript)
2026-08-22T20:01:24.8013447Z   Downloading mpmath-1.3.0-py3-none-any.whl.metadata (8.6 kB)
2026-08-22T20:01:24.8294771Z Downloading numpy-2.5.2-cp312-cp312-win_arm64.whl (10.4 MB)
2026-08-22T20:01:24.9904809Z    ---------------------------------------- 10.4/10.4 MB 71.9 MB/s  0:00:00
2026-08-22T20:01:24.9985621Z Downloading onnxscript-0.7.1-py3-none-any.whl (721 kB)
2026-08-22T20:01:25.0243361Z    ---------------------------------------- 722.0/722.0 kB 30.7 MB/s  0:00:00
2026-08-22T20:01:25.0347742Z Downloading onnx_ir-1.0.0-py3-none-any.whl (185 kB)
2026-08-22T20:01:25.0614172Z Downloading ml_dtypes-0.6.0-cp312-cp312-win_arm64.whl (552 kB)
2026-08-22T20:01:25.0876462Z    ---------------------------------------- 552.3/552.3 kB 18.1 MB/s  0:00:00
2026-08-22T20:01:25.0961924Z Downloading onnx-1.22.0-cp312-abi3-win_arm64.whl (17.2 MB)
2026-08-22T20:01:25.3364059Z    ---------------------------------------- 17.2/17.2 MB 72.1 MB/s  0:00:00
2026-08-22T20:01:25.3462636Z Downloading protobuf-7.36.0-py3-none-any.whl (177 kB)
2026-08-22T20:01:25.3704172Z Downloading sympy-1.14.0-py3-none-any.whl (6.3 MB)
2026-08-22T20:01:25.4710436Z    ---------------------------------------- 6.3/6.3 MB 64.9 MB/s  0:00:00
2026-08-22T20:01:25.4788494Z Downloading mpmath-1.3.0-py3-none-any.whl (536 kB)
2026-08-22T20:01:25.5028592Z    ---------------------------------------- 536.2/536.2 kB 17.1 MB/s  0:00:00
2026-08-22T20:01:25.5106986Z Downloading typing_extensions-4.16.0-py3-none-any.whl (45 kB)
2026-08-22T20:01:25.5372978Z Downloading packaging-26.3-py3-none-any.whl (129 kB)
2026-08-22T20:01:25.9731483Z Installing collected packages: mpmath, typing_extensions, sympy, protobuf, packaging, numpy, ml_dtypes, onnx, onnx_ir, onnxscript
2026-08-22T20:01:48.6510933Z 
2026-08-22T20:01:48.6529021Z Successfully installed ml_dtypes-0.6.0 mpmath-1.3.0 numpy-2.5.2 onnx-1.22.0 onnx_ir-1.0.0 onnxscript-0.7.1 packaging-26.3 protobuf-7.36.0 sympy-1.14.0 typing_extensions-4.16.0
2026-08-22T20:01:48.8837034Z ##[group]Run cargo build --locked --target aarch64-pc-windows-msvc -p mlas-sys
2026-08-22T20:01:48.8837664Z [36;1mcargo build --locked --target aarch64-pc-windows-msvc -p mlas-sys[0m
2026-08-22T20:01:48.8890642Z shell: C:\Program Files\PowerShell\7\pwsh.EXE -command ". '{0}'"
2026-08-22T20:01:48.8890955Z env:
2026-08-22T20:01:48.8891123Z   CARGO_LLVM_COV_VERSION: 0.8.7
2026-08-22T20:01:48.8891335Z   CARGO_TERM_COLOR: always
2026-08-22T20:01:48.8891533Z   RUSTFLAGS: -D warnings
2026-08-22T20:01:48.8891781Z   CMAKE_GENERATOR: Visual Studio 17 2022
2026-08-22T20:01:48.8892135Z   pythonLocation: C:\hostedtoolcache\windows\Python\3.12.10\arm64
2026-08-22T20:01:48.8892921Z   PKG_CONFIG_PATH: C:\hostedtoolcache\windows\Python\3.12.10\arm64/lib/pkgconfig
2026-08-22T20:01:48.8893351Z   Python_ROOT_DIR: C:\hostedtoolcache\windows\Python\3.12.10\arm64
2026-08-22T20:01:48.8893732Z   Python2_ROOT_DIR: C:\hostedtoolcache\windows\Python\3.12.10\arm64
2026-08-22T20:01:48.8894152Z   Python3_ROOT_DIR: C:\hostedtoolcache\windows\Python\3.12.10\arm64
2026-08-22T20:01:48.8894511Z ##[endgroup]
2026-08-22T20:01:49.8789053Z [1m[92m    Updating[0m crates.io index
2026-08-22T20:01:51.7578456Z [1m[92m Downloading[0m crates ...
2026-08-22T20:01:51.9296087Z [1m[92m  Downloaded[0m find-msvc-tools v0.1.9
2026-08-22T20:01:51.9479734Z [1m[92m  Downloaded[0m cc v1.4.0
2026-08-22T20:01:52.2448497Z [1m[92m  Downloaded[0m shlex v2.0.1
2026-08-22T20:01:52.4968580Z [1m[92m   Compiling[0m find-msvc-tools v0.1.9
2026-08-22T20:01:52.4969040Z [1m[92m   Compiling[0m shlex v2.0.1
2026-08-22T20:01:52.9712369Z [1m[92m   Compiling[0m cc v1.4.0
2026-08-22T20:01:54.4781703Z [1m[92m   Compiling[0m mlas-sys v0.1.0-dev.5 (C:\a\onnx-genai\onnx-genai\crates\mlas-sys)
2026-08-22T20:03:14.2982060Z [1m[92m    Finished[0m `dev` profile [unoptimized + debuginfo] target(s) in 1m 24s
2026-08-22T20:03:14.4930237Z ##[group]Run cargo build --locked --target aarch64-pc-windows-msvc -p onnx-runtime-ep-cpu-plugin --features mlas
2026-08-22T20:03:14.4931092Z [36;1mcargo build --locked --target aarch64-pc-windows-msvc -p onnx-runtime-ep-cpu-plugin --features mlas[0m
2026-08-22T20:03:14.4985952Z shell: C:\Program Files\PowerShell\7\pwsh.EXE -command ". '{0}'"
2026-08-22T20:03:14.4986266Z env:
2026-08-22T20:03:14.4986436Z   CARGO_LLVM_COV_VERSION: 0.8.7
2026-08-22T20:03:14.4986650Z   CARGO_TERM_COLOR: always
2026-08-22T20:03:14.4986847Z   RUSTFLAGS: -D warnings
2026-08-22T20:03:14.4987054Z   CMAKE_GENERATOR: Visual Studio 17 2022
2026-08-22T20:03:14.4987370Z   pythonLocation: C:\hostedtoolcache\windows\Python\3.12.10\arm64
2026-08-22T20:03:14.4987824Z   PKG_CONFIG_PATH: C:\hostedtoolcache\windows\Python\3.12.10\arm64/lib/pkgconfig
2026-08-22T20:03:14.4988245Z   Python_ROOT_DIR: C:\hostedtoolcache\windows\Python\3.12.10\arm64
2026-08-22T20:03:14.4988868Z   Python2_ROOT_DIR: C:\hostedtoolcache\windows\Python\3.12.10\arm64
2026-08-22T20:03:14.4989269Z   Python3_ROOT_DIR: C:\hostedtoolcache\windows\Python\3.12.10\arm64
2026-08-22T20:03:14.4989569Z ##[endgroup]
2026-08-22T20:03:14.9818532Z [1m[92m Downloading[0m crates ...
2026-08-22T20:03:15.0504067Z [1m[92m  Downloaded[0m atomic-wait v1.1.0
2026-08-22T20:03:15.0638459Z [1m[92m  Downloaded[0m generic-array v0.14.7
2026-08-22T20:03:15.0805193Z [1m[92m  Downloaded[0m equivalent v1.0.2
2026-08-22T20:03:15.0914630Z [1m[92m  Downloaded[0m multimap v0.10.1
2026-08-22T20:03:15.1108102Z [1m[92m  Downloaded[0m rustc-hash v2.1.3
2026-08-22T20:03:15.1218800Z [1m[92m  Downloaded[0m flate2 v1.1.9
2026-08-22T20:03:15.2138326Z [1m[92m  Downloaded[0m beef v0.5.2
2026-08-22T20:03:15.2305164Z [1m[92m  Downloaded[0m logos-derive v0.14.4
2026-08-22T20:03:15.2375967Z [1m[92m  Downloaded[0m sha2 v0.10.9
2026-08-22T20:03:15.2657767Z [1m[92m  Downloaded[0m zopfli v0.8.3
2026-08-22T20:03:15.2845050Z [1m[92m  Downloaded[0m block-buffer v0.10.4
2026-08-22T20:03:15.2986439Z [1m[92m  Downloaded[0m crypto-common v0.1.7
2026-08-22T20:03:15.3065818Z [1m[92m  Downloaded[0m heck v0.5.0
2026-08-22T20:03:15.3198868Z [1m[92m  Downloaded[0m cfg-if v1.0.4
2026-08-22T20:03:15.3328763Z [1m[92m  Downloaded[0m zmij v1.0.23
2026-08-22T20:03:15.3456100Z [1m[92m  Downloaded[0m either v1.17.0
2026-08-22T20:03:15.3626451Z [1m[92m  Downloaded[0m cexpr v0.6.0
2026-08-22T20:03:15.3801451Z [1m[92m  Downloaded[0m digest v0.10.7
2026-08-22T20:03:15.3967134Z [1m[92m  Downloaded[0m itoa v1.0.18
2026-08-22T20:03:15.4086549Z [1m[92m  Downloaded[0m libloading v0.8.9
2026-08-22T20:03:15.4304676Z [1m[92m  Downloaded[0m fixedbitset v0.5.7
2026-08-22T20:03:15.4453708Z [1m[92m  Downloaded[0m lazy_static v1.5.0
2026-08-22T20:03:15.4627863Z [1m[92m  Downloaded[0m anyhow v1.0.104
2026-08-22T20:03:15.4992660Z [1m[92m  Downloaded[0m prost-build v0.13.5
2026-08-22T20:03:15.5349032Z [1m[92m  Downloaded[0m cpufeatures v0.2.17
2026-08-22T20:03:15.5474313Z [1m[92m  Downloaded[0m fastrand v2.5.0
2026-08-22T20:03:15.5568309Z [1m[92m  Downloaded[0m autocfg v1.5.1
2026-08-22T20:03:15.5711005Z [1m[92m  Downloaded[0m half v2.7.1
2026-08-22T20:03:15.5906957Z [1m[92m  Downloaded[0m crc32fast v1.5.0
2026-08-22T20:03:15.6057367Z [1m[92m  Downloaded[0m logos-codegen v0.14.4
2026-08-22T20:03:15.6371328Z [1m[92m  Downloaded[0m clang-sys v1.8.1
2026-08-22T20:03:15.6546721Z [1m[92m  Downloaded[0m crossbeam-deque v0.8.7
2026-08-22T20:03:15.6682329Z [1m[92m  Downloaded[0m memmap2 v0.9.11
2026-08-22T20:03:15.6803023Z [1m[92m  Downloaded[0m version_check v0.9.5
2026-08-22T20:03:15.6945381Z [1m[92m  Downloaded[0m windows-link v0.2.1
2026-08-22T20:03:15.7016710Z [1m[92m  Downloaded[0m ordered-float v2.10.1
2026-08-22T20:03:15.7151913Z [1m[92m  Downloaded[0m fnv v1.0.7
2026-08-22T20:03:15.7238538Z [1m[92m  Downloaded[0m serde-value v0.7.0
2026-08-22T20:03:15.7324697Z [1m[92m  Downloaded[0m crossbeam-utils v0.8.22
2026-08-22T20:03:15.7589879Z [1m[92m  Downloaded[0m crossbeam-epoch v0.9.20
2026-08-22T20:03:15.7804303Z [1m[92m  Downloaded[0m log v0.4.33
2026-08-22T20:03:15.8019913Z [1m[92m  Downloaded[0m glob v0.3.4
2026-08-22T20:03:15.8129344Z [1m[92m  Downloaded[0m prost-derive v0.13.5
2026-08-22T20:03:15.8224701Z [1m[92m  Downloaded[0m quote v1.0.47
2026-08-22T20:03:15.8493286Z [1m[92m  Downloaded[0m shlex v1.3.0
2026-08-22T20:03:15.8590017Z [1m[92m  Downloaded[0m simd-adler32 v0.3.10
2026-08-22T20:03:15.8769009Z [1m[92m  Downloaded[0m thiserror v1.0.69
2026-08-22T20:03:15.9363438Z [1m[92m  Downloaded[0m thiserror v2.0.19
2026-08-22T20:03:16.0105182Z [1m[92m  Downloaded[0m thiserror-impl v1.0.69
2026-08-22T20:03:16.0225558Z [1m[92m  Downloaded[0m thiserror-impl v2.0.19
2026-08-22T20:03:16.0354473Z [1m[92m  Downloaded[0m bitflags v2.13.1
2026-08-22T20:03:16.0762725Z [1m[92m  Downloaded[0m miette-derive v7.6.0
2026-08-22T20:03:16.0902085Z [1m[92m  Downloaded[0m once_cell v1.21.4
2026-08-22T20:03:16.1134186Z [1m[92m  Downloaded[0m prost v0.13.5
2026-08-22T20:03:16.1279754Z [1m[92m  Downloaded[0m prost-types v0.13.5
2026-08-22T20:03:16.1409521Z [1m[92m  Downloaded[0m protox-parse v0.7.0
2026-08-22T20:03:16.1581484Z [1m[92m  Downloaded[0m base64 v0.22.1
2026-08-22T20:03:16.1856398Z [1m[92m  Downloaded[0m indexmap v2.14.0
2026-08-22T20:03:16.2169497Z [1m[92m  Downloaded[0m typed-path v0.12.3
2026-08-22T20:03:16.2735930Z [1m[92m  Downloaded[0m getrandom v0.4.3
2026-08-22T20:03:16.3083675Z [1m[92m  Downloaded[0m num-traits v0.2.19
2026-08-22T20:03:16.3306695Z [1m[92m  Downloaded[0m serde_core v1.0.229
2026-08-22T20:03:16.3527925Z [1m[92m  Downloaded[0m tempfile v3.27.0
2026-08-22T20:03:16.3711012Z [1m[92m  Downloaded[0m unicode-ident v1.0.24
2026-08-22T20:03:16.3935520Z [1m[92m  Downloaded[0m bytes v1.12.1
2026-08-22T20:03:16.4220992Z [1m[92m  Downloaded[0m prettyplease v0.2.37
2026-08-22T20:03:16.4529621Z [1m[92m  Downloaded[0m bumpalo v3.20.3
2026-08-22T20:03:16.4700038Z [1m[92m  Downloaded[0m serde_derive v1.0.229
2026-08-22T20:03:16.5634338Z [1m[92m  Downloaded[0m memchr v2.8.3
2026-08-22T20:03:16.6056332Z [1m[92m  Downloaded[0m minimal-lexical v0.2.1
2026-08-22T20:03:16.6466190Z [1m[92m  Downloaded[0m proc-macro2 v1.0.107
2026-08-22T20:03:16.6766276Z [1m[92m  Downloaded[0m protox v0.7.2
2026-08-22T20:03:16.7011751Z [1m[92m  Downloaded[0m rayon-core v1.13.0
2026-08-22T20:03:16.7328229Z [1m[92m  Downloaded[0m serde v1.0.229
2026-08-22T20:03:16.7577035Z [1m[92m  Downloaded[0m zerocopy-derive v0.8.55
2026-08-22T20:03:16.8589398Z [1m[92m  Downloaded[0m miette v7.6.0
2026-08-22T20:03:16.8932882Z [1m[92m  Downloaded[0m prost-reflect v0.14.7
2026-08-22T20:03:16.9258009Z [1m[92m  Downloaded[0m typenum v1.20.1
2026-08-22T20:03:16.9463099Z [1m[92m  Downloaded[0m aho-corasick v1.1.4
2026-08-22T20:03:16.9818645Z [1m[92m  Downloaded[0m nom v7.1.3
2026-08-22T20:03:17.0228393Z [1m[92m  Downloaded[0m zip v8.6.0
2026-08-22T20:03:17.0622615Z [1m[92m  Downloaded[0m hashbrown v0.17.1
2026-08-22T20:03:17.0981637Z [1m[92m  Downloaded[0m itertools v0.13.0
2026-08-22T20:03:17.1603280Z [1m[92m  Downloaded[0m libm v0.2.16
2026-08-22T20:03:17.2590967Z [1m[92m  Downloaded[0m itertools v0.14.0
2026-08-22T20:03:17.3206319Z [1m[92m  Downloaded[0m regex v1.13.1
2026-08-22T20:03:17.3607522Z [1m[92m  Downloaded[0m serde_json v1.0.151
2026-08-22T20:03:17.4250865Z [1m[92m  Downloaded[0m rayon v1.12.0
2026-08-22T20:03:17.5166025Z [1m[92m  Downloaded[0m zlib-rs v0.6.6
2026-08-22T20:03:17.5596638Z [1m[92m  Downloaded[0m bindgen v0.72.1
2026-08-22T20:03:17.6043415Z [1m[92m  Downloaded[0m zerocopy v0.8.55
2026-08-22T20:03:17.8025407Z [1m[92m  Downloaded[0m unicode-width v0.1.14
2026-08-22T20:03:17.8185297Z [1m[92m  Downloaded[0m syn v2.0.119
2026-08-22T20:03:17.9165460Z [1m[92m  Downloaded[0m syn v3.0.3
2026-08-22T20:03:17.9904467Z [1m[92m  Downloaded[0m regex-syntax v0.8.11
2026-08-22T20:03:18.0232677Z [1m[92m  Downloaded[0m regex-automata v0.4.16
2026-08-22T20:03:18.1015904Z [1m[92m  Downloaded[0m windows_aarch64_msvc v0.42.2
2026-08-22T20:03:18.1187621Z [1m[92m  Downloaded[0m petgraph v0.7.1
2026-08-22T20:03:18.2176180Z [1m[92m  Downloaded[0m libc v0.2.189
2026-08-22T20:03:18.5119221Z [1m[92m  Downloaded[0m logos v0.14.4
2026-08-22T20:03:18.5569027Z [1m[92m  Downloaded[0m windows-sys v0.61.2
2026-08-22T20:03:19.7952010Z [1m[92m  Downloaded[0m windows-sys v0.42.0
2026-08-22T20:03:20.4486187Z [1m[92m   Compiling[0m proc-macro2 v1.0.107
2026-08-22T20:03:20.4486841Z [1m[92m   Compiling[0m unicode-ident v1.0.24
2026-08-22T20:03:20.4487296Z [1m[92m   Compiling[0m quote v1.0.47
2026-08-22T20:03:20.4487593Z [1m[92m   Compiling[0m either v1.17.0
2026-08-22T20:03:20.5685729Z [1m[92m   Compiling[0m regex-syntax v0.8.11
2026-08-22T20:03:20.7754599Z [1m[92m   Compiling[0m cfg-if v1.0.4
2026-08-22T20:03:20.8427468Z [1m[92m   Compiling[0m anyhow v1.0.104
2026-08-22T20:03:20.8768543Z [1m[92m   Compiling[0m itertools v0.14.0
2026-08-22T20:03:22.4207060Z [1m[92m   Compiling[0m windows-link v0.2.1
2026-08-22T20:03:22.4760568Z [1m[92m   Compiling[0m syn v2.0.119
2026-08-22T20:03:22.6829732Z [1m[92m   Compiling[0m syn v3.0.3
2026-08-22T20:03:22.8446879Z [1m[92m   Compiling[0m prettyplease v0.2.37
2026-08-22T20:03:23.1000449Z [1m[92m   Compiling[0m version_check v0.9.5
2026-08-22T20:03:23.8214302Z [1m[92m   Compiling[0m log v0.4.33
2026-08-22T20:03:24.0176848Z [1m[92m   Compiling[0m equivalent v1.0.2
2026-08-22T20:03:24.0798336Z [1m[92m   Compiling[0m hashbrown v0.17.1
2026-08-22T20:03:25.0351288Z [1m[92m   Compiling[0m indexmap v2.14.0
2026-08-22T20:03:25.6111864Z [1m[92m   Compiling[0m generic-array v0.14.7
2026-08-22T20:03:25.8103083Z [1m[92m   Compiling[0m regex-automata v0.4.16
2026-08-22T20:03:25.9278593Z [1m[92m   Compiling[0m lazy_static v1.5.0
2026-08-22T20:03:26.0032245Z [1m[92m   Compiling[0m beef v0.5.2
2026-08-22T20:03:26.3552926Z [1m[92m   Compiling[0m fnv v1.0.7
2026-08-22T20:03:26.4339365Z [1m[92m   Compiling[0m logos-codegen v0.14.4
2026-08-22T20:03:27.7204352Z [1m[92m   Compiling[0m regex v1.13.1
2026-08-22T20:03:29.8424262Z [1m[92m   Compiling[0m glob v0.3.4
2026-08-22T20:03:29.9583094Z [1m[92m   Compiling[0m thiserror v2.0.19
2026-08-22T20:03:30.4420258Z [1m[92m   Compiling[0m typenum v1.20.1
2026-08-22T20:03:30.5126279Z [1m[92m   Compiling[0m clang-sys v1.8.1
2026-08-22T20:03:30.9204055Z [1m[92m   Compiling[0m thiserror-impl v2.0.19
2026-08-22T20:03:30.9801881Z [1m[92m   Compiling[0m serde_core v1.0.229
2026-08-22T20:03:31.3907833Z [1m[92m   Compiling[0m libc v0.2.189
2026-08-22T20:03:31.6653866Z [1m[92m   Compiling[0m prost-derive v0.13.5
2026-08-22T20:03:32.0051455Z [1m[92m   Compiling[0m logos-derive v0.14.4
2026-08-22T20:03:32.1508881Z [1m[92m   Compiling[0m bytes v1.12.1
2026-08-22T20:03:32.5044488Z [1m[92m   Compiling[0m crc32fast v1.5.0
2026-08-22T20:03:32.8167748Z [1m[92m   Compiling[0m memchr v2.8.3
2026-08-22T20:03:33.4205356Z [1m[92m   Compiling[0m minimal-lexical v0.2.1
2026-08-22T20:03:33.5348689Z [1m[92m   Compiling[0m zmij v1.0.23
2026-08-22T20:03:33.7625657Z [1m[92m   Compiling[0m nom v7.1.3
2026-08-22T20:03:34.6316566Z [1m[92m   Compiling[0m prost v0.13.5
2026-08-22T20:03:35.1320996Z [1m[92m   Compiling[0m prost-types v0.13.5
2026-08-22T20:03:35.5177730Z [1m[92m   Compiling[0m crypto-common v0.1.7
2026-08-22T20:03:35.6882020Z [1m[92m   Compiling[0m block-buffer v0.10.4
2026-08-22T20:03:35.8161974Z [1m[92m   Compiling[0m miette-derive v7.6.0
2026-08-22T20:03:35.9529372Z [1m[92m   Compiling[0m libloading v0.8.9
2026-08-22T20:03:36.3749853Z [1m[92m   Compiling[0m serde_json v1.0.151
2026-08-22T20:03:36.9441451Z [1m[92m   Compiling[0m simd-adler32 v0.3.10
2026-08-22T20:03:37.1086016Z [1m[92m   Compiling[0m unicode-width v0.1.14
2026-08-22T20:03:37.2128954Z [1m[92m   Compiling[0m getrandom v0.4.3
2026-08-22T20:03:37.3491311Z [1m[92m   Compiling[0m bindgen v0.72.1
2026-08-22T20:03:37.4120408Z [1m[92m   Compiling[0m zlib-rs v0.6.6
2026-08-22T20:03:37.4912457Z [1m[92m   Compiling[0m serde v1.0.229
2026-08-22T20:03:37.6993053Z [1m[92m   Compiling[0m bumpalo v3.20.3
2026-08-22T20:03:37.9476324Z [1m[92m   Compiling[0m thiserror v1.0.69
2026-08-22T20:03:37.9761030Z [1m[92m   Compiling[0m once_cell v1.21.4
2026-08-22T20:03:38.1064905Z [1m[92m   Compiling[0m zopfli v0.8.3
2026-08-22T20:03:38.2322943Z [1m[92m   Compiling[0m miette v7.6.0
2026-08-22T20:03:39.4125191Z [1m[92m   Compiling[0m digest v0.10.7
2026-08-22T20:03:39.4565249Z [1m[92m   Compiling[0m cexpr v0.6.0
2026-08-22T20:03:40.0131586Z [1m[92m   Compiling[0m logos v0.14.4
2026-08-22T20:03:40.1668518Z [1m[92m   Compiling[0m thiserror-impl v1.0.69
2026-08-22T20:03:40.7099731Z [1m[92m   Compiling[0m serde_derive v1.0.229
2026-08-22T20:03:42.5774000Z [1m[92m   Compiling[0m flate2 v1.1.9
2026-08-22T20:03:43.0216230Z [1m[92m   Compiling[0m itertools v0.13.0
2026-08-22T20:03:43.1606669Z [1m[92m   Compiling[0m cpufeatures v0.2.17
2026-08-22T20:03:43.2171953Z [1m[92m   Compiling[0m itoa v1.0.18
2026-08-22T20:03:43.4211128Z [1m[92m   Compiling[0m rustc-hash v2.1.3
2026-08-22T20:03:44.1627673Z [1m[92m   Compiling[0m crossbeam-utils v0.8.22
2026-08-22T20:03:44.3647069Z [1m[92m   Compiling[0m typed-path v0.12.3
2026-08-22T20:03:44.5470387Z [1m[92m   Compiling[0m bitflags v2.13.1
2026-08-22T20:03:44.8002306Z [1m[92m   Compiling[0m shlex v1.3.0
2026-08-22T20:03:46.4298230Z [1m[92m   Compiling[0m zip v8.6.0
2026-08-22T20:03:48.1255630Z [1m[92m   Compiling[0m sha2 v0.10.9
2026-08-22T20:03:48.5717814Z [1m[92m   Compiling[0m windows-sys v0.61.2
2026-08-22T20:03:48.6371278Z [1m[92m   Compiling[0m onnx-runtime-ir v0.1.0-dev.5 (C:\a\onnx-genai\onnx-genai\crates\onnx-runtime-ir)
2026-08-22T20:03:50.1596531Z [1m[92m   Compiling[0m fastrand v2.5.0
2026-08-22T20:03:50.4187895Z [1m[92m   Compiling[0m crossbeam-epoch v0.9.20
2026-08-22T20:03:50.4703104Z [1m[92m   Compiling[0m fixedbitset v0.5.7
2026-08-22T20:03:50.7307454Z [1m[92m   Compiling[0m petgraph v0.7.1
2026-08-22T20:03:50.9093577Z [1m[92m   Compiling[0m tempfile v3.27.0
2026-08-22T20:03:51.5258815Z [1m[92m   Compiling[0m onnx-runtime-tracer v0.1.0-dev.5 (C:\a\onnx-genai\onnx-genai\crates\onnx-runtime-tracer)
2026-08-22T20:03:52.0644797Z [1m[92m   Compiling[0m protox-parse v0.7.0
2026-08-22T20:03:53.2352175Z [1m[92m   Compiling[0m prost-reflect v0.14.7
2026-08-22T20:03:54.7459807Z [1m[92m   Compiling[0m windows_aarch64_msvc v0.42.2
2026-08-22T20:03:54.7472002Z [1m[92m   Compiling[0m crossbeam-deque v0.8.7
2026-08-22T20:03:54.9797684Z [1m[92m   Compiling[0m multimap v0.10.1
2026-08-22T20:03:55.0244206Z [1m[92m   Compiling[0m heck v0.5.0
2026-08-22T20:03:55.1700681Z [1m[92m   Compiling[0m prost-build v0.13.5
2026-08-22T20:03:55.8271509Z [1m[92m   Compiling[0m protox v0.7.2
2026-08-22T20:03:57.2445640Z [1m[92m   Compiling[0m onnx-genai-ort-sys v0.1.0-dev.5 (C:\a\onnx-genai\onnx-genai\crates\onnx-genai-ort\ort-sys)
2026-08-22T20:03:57.3636507Z [1m[92m   Compiling[0m onnx-runtime-memory-api v0.1.0-dev.5 (C:\a\onnx-genai\onnx-genai\crates\onnx-runtime-memory-api)
2026-08-22T20:03:57.8485573Z [1m[92m   Compiling[0m zerocopy v0.8.55
2026-08-22T20:03:58.4021292Z [1m[92m   Compiling[0m onnx-genai-runtime-config v0.1.0-dev.5 (C:\a\onnx-genai\onnx-genai\crates\onnx-genai-runtime-config)
2026-08-22T20:03:59.6996923Z [1m[92m   Compiling[0m rayon-core v1.13.0
2026-08-22T20:03:59.7157580Z [1m[92m   Compiling[0m memmap2 v0.9.11
2026-08-22T20:03:59.9688965Z [1m[92m   Compiling[0m onnx-runtime-memory-governor v0.1.0-dev.5 (C:\a\onnx-genai\onnx-genai\crates\onnx-runtime-memory-governor)
2026-08-22T20:04:00.3382109Z [1m[92m   Compiling[0m onnx-runtime-optimizer v0.1.0-dev.5 (C:\a\onnx-genai\onnx-genai\crates\onnx-runtime-optimizer)
2026-08-22T20:04:01.9168541Z [1m[92m   Compiling[0m onnx-runtime-loader v0.1.0-dev.5 (C:\a\onnx-genai\onnx-genai\crates\onnx-runtime-loader)
2026-08-22T20:04:03.4571434Z [1m[92m   Compiling[0m zerocopy-derive v0.8.55
2026-08-22T20:04:04.4915608Z [1m[92m   Compiling[0m libm v0.2.16
2026-08-22T20:04:05.2945482Z [1m[92m   Compiling[0m windows-sys v0.42.0
2026-08-22T20:04:07.2040166Z [1m[92m   Compiling[0m onnx-runtime-shape-inference v0.1.0-dev.5 (C:\a\onnx-genai\onnx-genai\crates\onnx-runtime-shape-inference)
2026-08-22T20:04:12.1209253Z [1m[92m   Compiling[0m rayon v1.12.0
2026-08-22T20:04:13.3672944Z [1m[92m   Compiling[0m half v2.7.1
2026-08-22T20:04:14.0554413Z [1m[92m   Compiling[0m atomic-wait v1.1.0
2026-08-22T20:04:14.8779343Z [1m[92m   Compiling[0m onnx-runtime-quantization v0.1.0-dev.5 (C:\a\onnx-genai\onnx-genai\crates\onnx-runtime-quantization)
2026-08-22T20:04:19.6562251Z [1m[92m   Compiling[0m onnx-runtime-ep-api v0.1.0-dev.5 (C:\a\onnx-genai\onnx-genai\crates\onnx-runtime-ep-api)
2026-08-22T20:04:20.9747212Z [1m[92m   Compiling[0m onnx-runtime-ep-plugin v0.1.0-dev.5 (C:\a\onnx-genai\onnx-genai\crates\onnx-runtime-ep-plugin)
2026-08-22T20:04:20.9754207Z [1m[92m   Compiling[0m onnx-runtime-ep-cpu v0.1.0-dev.5 (C:\a\onnx-genai\onnx-genai\crates\onnx-runtime-ep-cpu)
2026-08-22T20:04:42.8962914Z [1m[92m   Compiling[0m onnx-runtime-ep-cpu-plugin v0.1.0-dev.5 (C:\a\onnx-genai\onnx-genai\crates\onnx-runtime-ep-cpu-plugin)
2026-08-22T20:04:46.0656282Z [1m[92m    Finished[0m `dev` profile [unoptimized + debuginfo] target(s) in 1m 31s
2026-08-22T20:04:46.2327033Z ##[group]Run cargo test --locked $(python .github/scripts/workspace_test_packages.py cargo-args offline-cross-platform)
2026-08-22T20:04:46.2327946Z [36;1mcargo test --locked $(python .github/scripts/workspace_test_packages.py cargo-args offline-cross-platform)[0m
2026-08-22T20:04:46.2387705Z shell: C:\Program Files\PowerShell\7\pwsh.EXE -command ". '{0}'"
2026-08-22T20:04:46.2388109Z env:
2026-08-22T20:04:46.2388277Z   CARGO_LLVM_COV_VERSION: 0.8.7
2026-08-22T20:04:46.2388494Z   CARGO_TERM_COLOR: always
2026-08-22T20:04:46.2388688Z   RUSTFLAGS: -D warnings
2026-08-22T20:04:46.2388889Z   CMAKE_GENERATOR: Visual Studio 17 2022
2026-08-22T20:04:46.2389204Z   pythonLocation: C:\hostedtoolcache\windows\Python\3.12.10\arm64
2026-08-22T20:04:46.2389625Z   PKG_CONFIG_PATH: C:\hostedtoolcache\windows\Python\3.12.10\arm64/lib/pkgconfig
2026-08-22T20:04:46.2390049Z   Python_ROOT_DIR: C:\hostedtoolcache\windows\Python\3.12.10\arm64
2026-08-22T20:04:46.2390476Z   Python2_ROOT_DIR: C:\hostedtoolcache\windows\Python\3.12.10\arm64
2026-08-22T20:04:46.2390862Z   Python3_ROOT_DIR: C:\hostedtoolcache\windows\Python\3.12.10\arm64
2026-08-22T20:04:46.2391171Z ##[endgroup]
2026-08-22T20:04:46.9623053Z [1m[92m Downloading[0m crates ...
2026-08-22T20:04:47.0568961Z [1m[92m  Downloaded[0m anstyle-wincon v3.0.11
2026-08-22T20:04:47.0682259Z [1m[92m  Downloaded[0m adler2 v2.0.1
2026-08-22T20:04:47.0782625Z [1m[92m  Downloaded[0m atomic-waker v1.1.2
2026-08-22T20:04:47.0881115Z [1m[92m  Downloaded[0m colorchoice v1.0.5
2026-08-22T20:04:47.0982323Z [1m[92m  Downloaded[0m is-terminal v0.4.17
2026-08-22T20:04:47.1055485Z [1m[92m  Downloaded[0m pyo3-macros v0.29.0
2026-08-22T20:04:47.1132630Z [1m[92m  Downloaded[0m same-file v1.0.6
2026-08-22T20:04:47.1259452Z [1m[92m  Downloaded[0m anstyle v1.0.14
2026-08-22T20:04:47.1364120Z [1m[92m  Downloaded[0m anstyle-query v1.1.5
2026-08-22T20:04:47.1452140Z [1m[92m  Downloaded[0m clap_lex v1.1.0
2026-08-22T20:04:47.1529379Z [1m[92m  Downloaded[0m tinytemplate v1.2.1
2026-08-22T20:04:47.1694479Z [1m[92m  Downloaded[0m form_urlencoded v1.2.2
2026-08-22T20:04:47.1761643Z [1m[92m  Downloaded[0m futures-core v0.3.33
2026-08-22T20:04:47.1864614Z [1m[92m  Downloaded[0m percent-encoding v2.3.2
2026-08-22T20:04:47.1942698Z [1m[92m  Downloaded[0m bit-set v0.8.0
2026-08-22T20:04:47.2039333Z [1m[92m  Downloaded[0m jsonschema-regex v0.48.5
2026-08-22T20:04:47.2131996Z [1m[92m  Downloaded[0m bit-vec v0.8.0
2026-08-22T20:04:47.2250625Z [1m[92m  Downloaded[0m ciborium v0.2.2
2026-08-22T20:04:47.2444884Z [1m[92m  Downloaded[0m dyn-clone v1.0.20
2026-08-22T20:04:47.2609699Z [1m[92m  Downloaded[0m fdeflate v0.3.7
2026-08-22T20:04:47.2757907Z [1m[92m  Downloaded[0m socket2 v0.6.5
2026-08-22T20:04:47.2868973Z [1m[92m  Downloaded[0m potential_utf v0.1.5
2026-08-22T20:04:47.2945698Z [1m[92m  Downloaded[0m try-lock v0.2.5
2026-08-22T20:04:47.3017500Z [1m[92m  Downloaded[0m anstream v1.0.0
2026-08-22T20:04:47.3165481Z [1m[92m  Downloaded[0m num-rational v0.4.2
2026-08-22T20:04:47.3245702Z [1m[92m  Downloaded[0m ref-cast v1.0.26
2026-08-22T20:04:47.3646029Z [1m[92m  Downloaded[0m anstyle-parse v1.0.0
2026-08-22T20:04:47.3840853Z [1m[92m  Downloaded[0m zerofrom v0.1.8
2026-08-22T20:04:47.3913725Z [1m[92m  Downloaded[0m ciborium-ll v0.2.2
2026-08-22T20:04:47.3994780Z [1m[92m  Downloaded[0m once_cell_polyfill v1.70.2
2026-08-22T20:04:47.4074166Z [1m[92m  Downloaded[0m outref v0.5.2
2026-08-22T20:04:47.4192793Z [1m[92m  Downloaded[0m writeable v0.6.3
2026-08-22T20:04:47.4350306Z [1m[92m  Downloaded[0m borrow-or-share v0.2.4
2026-08-22T20:04:47.4427596Z [1m[92m  Downloaded[0m http-body v1.1.0
2026-08-22T20:04:47.4511673Z [1m[92m  Downloaded[0m httpdate v1.0.3
2026-08-22T20:04:47.4608607Z [1m[92m  Downloaded[0m idna_adapter v1.2.2
2026-08-22T20:04:47.4682823Z [1m[92m  Downloaded[0m is_terminal_polyfill v1.70.2
2026-08-22T20:04:47.4753487Z [1m[92m  Downloaded[0m matchers v0.2.0
2026-08-22T20:04:47.4851054Z [1m[92m  Downloaded[0m num-cmp v0.1.0
2026-08-22T20:04:47.4910448Z [1m[92m  Downloaded[0m num-iter v0.1.46
2026-08-22T20:04:47.4988201Z [1m[92m  Downloaded[0m plotters-backend v0.3.7
2026-08-22T20:04:47.5102561Z [1m[92m  Downloaded[0m ppv-lite86 v0.2.21
2026-08-22T20:04:47.5193359Z [1m[92m  Downloaded[0m primal-check v0.3.4
2026-08-22T20:04:47.5260176Z [1m[92m  Downloaded[0m serde_spanned v0.6.9
2026-08-22T20:04:47.5335325Z [1m[92m  Downloaded[0m byteorder-lite v0.1.0
2026-08-22T20:04:47.5411707Z [1m[92m  Downloaded[0m cast v0.3.0
2026-08-22T20:04:47.5518265Z [1m[92m  Downloaded[0m futures-task v0.3.33
2026-08-22T20:04:47.5625043Z [1m[92m  Downloaded[0m mime v0.3.17
2026-08-22T20:04:47.5749729Z [1m[92m  Downloaded[0m num v0.4.3
2026-08-22T20:04:47.5825531Z [1m[92m  Downloaded[0m plotters-svg v0.3.7
2026-08-22T20:04:47.5888064Z [1m[92m  Downloaded[0m ref-cast-impl v1.0.26
2026-08-22T20:04:47.5950868Z [1m[92m  Downloaded[0m anes v0.1.6
2026-08-22T20:04:47.6190498Z [1m[92m  Downloaded[0m async-trait v0.1.91
2026-08-22T20:04:47.6535912Z [1m[92m  Downloaded[0m bytemuck v1.25.2
2026-08-22T20:04:47.6840788Z [1m[92m  Downloaded[0m ciborium-io v0.2.2
2026-08-22T20:04:47.6901771Z [1m[92m  Downloaded[0m criterion-plot v0.5.0
2026-08-22T20:04:47.7070215Z [1m[92m  Downloaded[0m displaydoc v0.2.6
2026-08-22T20:04:47.7286691Z [1m[92m  Downloaded[0m email_address v0.2.9
2026-08-22T20:04:47.7440124Z [1m[92m  Downloaded[0m foldhash v0.2.0
2026-08-22T20:04:47.7532692Z [1m[92m  Downloaded[0m getrandom v0.3.4
2026-08-22T20:04:47.7823539Z [1m[92m  Downloaded[0m http-body-util v0.1.4
2026-08-22T20:04:47.8004708Z [1m[92m  Downloaded[0m jsonschema-value v0.48.5
2026-08-22T20:04:47.8095505Z [1m[92m  Downloaded[0m lock_api v0.4.14
2026-08-22T20:04:47.8223798Z [1m[92m  Downloaded[0m num-complex v0.4.6
2026-08-22T20:04:47.8318347Z [1m[92m  Downloaded[0m oorandom v11.1.5
2026-08-22T20:04:47.8383275Z [1m[92m  Downloaded[0m pin-project-lite v0.2.17
2026-08-22T20:04:48.0395492Z [1m[92m  Downloaded[0m rand_chacha v0.9.0
2026-08-22T20:04:48.0487106Z [1m[92m  Downloaded[0m scopeguard v1.2.0
2026-08-22T20:04:48.0576648Z [1m[92m  Downloaded[0m serde_yaml v0.9.34+deprecated
2026-08-22T20:04:48.0863373Z [1m[92m  Downloaded[0m sharded-slab v0.1.7
2026-08-22T20:04:48.1131911Z [1m[92m  Downloaded[0m slab v0.4.12
2026-08-22T20:04:48.1243259Z [1m[92m  Downloaded[0m strength_reduce v0.2.4
2026-08-22T20:04:48.1344479Z [1m[92m  Downloaded[0m axum-core v0.5.6
2026-08-22T20:04:48.1566719Z [1m[92m  Downloaded[0m bytecount v0.6.9
2026-08-22T20:04:48.1742683Z [1m[92m  Downloaded[0m clap_derive v4.6.4
2026-08-22T20:04:48.1902193Z [1m[92m  Downloaded[0m data-encoding v2.11.0
2026-08-22T20:04:48.1969362Z [1m[92m  Downloaded[0m httparse v1.10.1
2026-08-22T20:04:48.2159793Z [1m[92m  Downloaded[0m icu_locale_core v2.2.0
2026-08-22T20:04:48.4088415Z [1m[92m  Downloaded[0m icu_properties v2.2.0
2026-08-22T20:04:48.4236854Z [1m[92m  Downloaded[0m matchit v0.8.4
2026-08-22T20:04:48.4387193Z [1m[92m  Downloaded[0m nu-ansi-term v0.50.3
2026-08-22T20:04:48.4665708Z [1m[92m  Downloaded[0m num-integer v0.1.46
2026-08-22T20:04:48.4780722Z [1m[92m  Downloaded[0m parking_lot v0.12.5
2026-08-22T20:04:48.4967412Z [1m[92m  Downloaded[0m parking_lot_core v0.9.12
2026-08-22T20:04:48.5160805Z [1m[92m  Downloaded[0m sync_wrapper v1.0.2
2026-08-22T20:04:48.5238680Z [1m[92m  Downloaded[0m tokio-macros v2.7.1
2026-08-22T20:04:48.5314910Z [1m[92m  Downloaded[0m ahash v0.8.12
2026-08-22T20:04:48.5485432Z [1m[92m  Downloaded[0m allocator-api2 v0.2.21
2026-08-22T20:04:48.5676907Z [1m[92m  Downloaded[0m clap v4.6.4
2026-08-22T20:04:48.6633178Z [1m[92m  Downloaded[0m cmake v0.1.58
2026-08-22T20:04:48.6733561Z [1m[92m  Downloaded[0m fluent-uri v0.4.1
2026-08-22T20:04:48.6960137Z [1m[92m  Downloaded[0m futures-channel v0.3.33
2026-08-22T20:04:48.7110297Z [1m[92m  Downloaded[0m hound v3.5.1
2026-08-22T20:04:48.7372839Z [1m[92m  Downloaded[0m libloading v0.9.0
2026-08-22T20:04:48.7634225Z [1m[92m  Downloaded[0m litemap v0.8.2
2026-08-22T20:04:48.7817393Z [1m[92m  Downloaded[0m micromap v0.3.0
2026-08-22T20:04:48.8285959Z [1m[92m  Downloaded[0m icu_normalizer v2.2.0
2026-08-22T20:04:48.8557204Z [1m[92m  Downloaded[0m icu_normalizer_data v2.2.0
2026-08-22T20:04:48.8708024Z [1m[92m  Downloaded[0m icu_provider v2.2.0
2026-08-22T20:04:48.8899141Z [1m[92m  Downloaded[0m miniz_oxide v0.8.9
2026-08-22T20:04:48.9103508Z [1m[92m  Downloaded[0m toml_datetime v0.6.11
2026-08-22T20:04:48.9185178Z [1m[92m  Downloaded[0m tower-layer v0.3.3
2026-08-22T20:04:48.9285554Z [1m[92m  Downloaded[0m http v1.4.2
2026-08-22T20:04:48.9541017Z [1m[92m  Downloaded[0m itertools v0.10.5
2026-08-22T20:04:49.0075410Z [1m[92m  Downloaded[0m mio v1.2.2
2026-08-22T20:04:49.0662066Z [1m[92m  Downloaded[0m num-bigint v0.4.8
2026-08-22T20:04:49.1056071Z [1m[92m  Downloaded[0m utf8_iter v1.0.4
2026-08-22T20:04:49.1181125Z [1m[92m  Downloaded[0m want v0.3.1
2026-08-22T20:04:49.1252515Z [1m[92m  Downloaded[0m winapi-util v0.1.11
2026-08-22T20:04:49.1365714Z [1m[92m  Downloaded[0m zerofrom-derive v0.1.7
2026-08-22T20:04:49.1441934Z [1m[92m  Downloaded[0m criterion v0.5.1
2026-08-22T20:04:49.2111136Z [1m[92m  Downloaded[0m fraction v0.15.4
2026-08-22T20:04:49.2579581Z [1m[92m  Downloaded[0m hyper-util v0.1.20
2026-08-22T20:04:49.2977884Z [1m[92m  Downloaded[0m icu_collections v2.2.0
2026-08-22T20:04:49.3503416Z [1m[92m  Downloaded[0m idna v1.1.0
2026-08-22T20:04:49.3696956Z [1m[92m  Downloaded[0m png v0.18.1
2026-08-22T20:04:49.3988119Z [1m[92m  Downloaded[0m serde_derive_internals v0.29.1
2026-08-22T20:04:49.4108586Z [1m[92m  Downloaded[0m serde_path_to_error v0.1.20
2026-08-22T20:04:49.4227053Z [1m[92m  Downloaded[0m serde_urlencoded v0.7.1
2026-08-22T20:04:49.4353763Z [1m[92m  Downloaded[0m stable_deref_trait v1.2.1
2026-08-22T20:04:49.4442328Z [1m[92m  Downloaded[0m tinystr v0.8.3
2026-08-22T20:04:49.4607187Z [1m[92m  Downloaded[0m transpose v0.2.3
2026-08-22T20:04:49.4704944Z [1m[92m  Downloaded[0m utf8parse v0.2.2
2026-08-22T20:04:49.4784060Z [1m[92m  Downloaded[0m uuid-simd v0.8.0
2026-08-22T20:04:49.4888738Z [1m[92m  Downloaded[0m walkdir v2.5.0
2026-08-22T20:04:49.5021678Z [1m[92m  Downloaded[0m zerovec-derive v0.11.3
2026-08-22T20:04:49.5171039Z [1m[92m  Downloaded[0m zune-core v0.5.1
2026-08-22T20:04:49.5366459Z [1m[92m  Downloaded[0m plotters v0.3.7
2026-08-22T20:04:49.7419758Z [1m[92m  Downloaded[0m rand_core v0.9.5
2026-08-22T20:04:49.7518809Z [1m[92m  Downloaded[0m schemars_derive v1.2.1
2026-08-22T20:04:49.7690865Z [1m[92m  Downloaded[0m strum v0.28.0
2026-08-22T20:04:49.7758220Z [1m[92m  Downloaded[0m tracing-log v0.2.0
2026-08-22T20:04:49.7906854Z [1m[92m  Downloaded[0m moxcms v0.8.1
2026-08-22T20:04:50.8063334Z [1m[92m  Downloaded[0m clap_builder v4.6.2
2026-08-22T20:04:50.8642368Z [1m[92m  Downloaded[0m hyper v1.11.0
2026-08-22T20:04:50.9180194Z [1m[92m  Downloaded[0m axum v0.8.9
2026-08-22T20:04:51.0928009Z [1m[92m  Downloaded[0m fancy-regex v0.18.0
2026-08-22T20:04:51.1271878Z [1m[92m  Downloaded[0m futures-util v0.3.33
2026-08-22T20:04:51.2536956Z [1m[92m  Downloaded[0m icu_properties_data v2.2.0
2026-08-22T20:04:51.3538444Z [1m[92m  Downloaded[0m jsonschema v0.48.5
2026-08-22T20:04:51.4563037Z [1m[92m  Downloaded[0m image v0.25.10
2026-08-22T20:04:51.5268273Z [1m[92m  Downloaded[0m vsimd v0.8.0
2026-08-22T20:04:51.5466768Z [1m[92m  Downloaded[0m yoke v0.8.3
2026-08-22T20:04:51.5653978Z [1m[92m  Downloaded[0m smallvec v1.15.2
2026-08-22T20:04:51.5750358Z [1m[92m  Downloaded[0m strum_macros v0.28.0
2026-08-22T20:04:51.5981955Z [1m[92m  Downloaded[0m synstructure v0.13.2
2026-08-22T20:04:51.6053629Z [1m[92m  Downloaded[0m unicode-general-category v1.1.0
2026-08-22T20:04:51.6155156Z [1m[92m  Downloaded[0m tokio-stream v0.1.19
2026-08-22T20:04:51.6659181Z [1m[92m  Downloaded[0m cudarc v0.19.8
2026-08-22T20:04:51.7601051Z [1m[92m  Downloaded[0m toml_write v0.1.2
2026-08-22T20:04:51.7696475Z [1m[92m  Downloaded[0m tower-service v0.3.3
2026-08-22T20:04:51.7760328Z [1m[92m  Downloaded[0m referencing v0.48.5
2026-08-22T20:04:51.8205844Z [1m[92m  Downloaded[0m toml v0.8.23
2026-08-22T20:04:51.8383547Z [1m[92m  Downloaded[0m tracing-attributes v0.1.31
2026-08-22T20:04:51.8633303Z [1m[92m  Downloaded[0m tracing-core v0.1.36
2026-08-22T20:04:51.8841926Z [1m[92m  Downloaded[0m unsafe-libyaml v0.2.11
2026-08-22T20:04:51.9108159Z [1m[92m  Downloaded[0m zerovec v0.11.6
2026-08-22T20:04:51.9622546Z [1m[92m  Downloaded[0m target-lexicon v0.13.5
2026-08-22T20:04:51.9746120Z [1m[92m  Downloaded[0m pyo3-build-config v0.29.0
2026-08-22T20:04:51.9823402Z [1m[92m  Downloaded[0m rand_distr v0.5.1
2026-08-22T20:04:52.0099217Z [1m[92m  Downloaded[0m ryu v1.0.23
2026-08-22T20:04:52.0375470Z [1m[92m  Downloaded[0m strsim v0.11.1
2026-08-22T20:04:52.0476117Z [1m[92m  Downloaded[0m thread_local v1.1.10
2026-08-22T20:04:52.0582147Z [1m[92m  Downloaded[0m pyo3-ffi v0.29.0
2026-08-22T20:04:52.1297160Z [1m[92m  Downloaded[0m pyo3-macros-backend v0.29.0
2026-08-22T20:04:52.1475260Z [1m[92m  Downloaded[0m rand v0.9.5
2026-08-22T20:04:52.1774006Z [1m[92m  Downloaded[0m schemars v1.2.1
2026-08-22T20:04:52.6399024Z [1m[92m  Downloaded[0m toml_edit v0.22.27
2026-08-22T20:04:52.6765507Z [1m[92m  Downloaded[0m tower v0.5.3
2026-08-22T20:04:52.7636310Z [1m[92m  Downloaded[0m zerotrie v0.2.4
2026-08-22T20:04:52.7937503Z [1m[92m  Downloaded[0m zune-jpeg v0.5.15
2026-08-22T20:04:52.8184759Z [1m[92m  Downloaded[0m tracing-subscriber v0.3.23
2026-08-22T20:04:52.8804254Z [1m[92m  Downloaded[0m yoke-derive v0.8.2
2026-08-22T20:04:52.8887671Z [1m[92m  Downloaded[0m winnow v0.7.15
2026-08-22T20:04:52.9694131Z [1m[92m  Downloaded[0m rustfft v6.4.1
2026-08-22T20:04:53.0428704Z [1m[92m  Downloaded[0m tracing v0.1.44
2026-08-22T20:04:53.1177040Z [1m[92m  Downloaded[0m pxfm v0.1.30
2026-08-22T20:04:53.2901253Z [1m[92m  Downloaded[0m tokio v1.53.1
2026-08-22T20:04:55.2542482Z [1m[92m  Downloaded[0m pyo3 v0.29.0
2026-08-22T20:04:56.1255422Z [1m[92m   Compiling[0m proc-macro2 v1.0.107
2026-08-22T20:04:56.1255836Z [1m[92m   Compiling[0m quote v1.0.47
2026-08-22T20:04:56.1256149Z [1m[92m   Compiling[0m unicode-ident v1.0.24
2026-08-22T20:04:56.1256961Z [1m[92m   Compiling[0m thiserror v2.0.19
2026-08-22T20:04:56.2453220Z [1m[92m   Compiling[0m serde_core v1.0.229
2026-08-22T20:04:56.5186204Z [1m[92m   Compiling[0m windows-link v0.2.1
2026-08-22T20:04:56.5975071Z [1m[92m   Compiling[0m serde v1.0.229
2026-08-22T20:04:56.6716172Z [1m[92m   Compiling[0m cfg-if v1.0.4
2026-08-22T20:04:56.7318497Z [1m[92m   Compiling[0m memchr v2.8.3
2026-08-22T20:04:57.0036370Z [1m[92m   Compiling[0m equivalent v1.0.2
2026-08-22T20:04:57.0745853Z [1m[92m   Compiling[0m itoa v1.0.18
2026-08-22T20:04:57.4239972Z [1m[92m   Compiling[0m allocator-api2 v0.2.21
2026-08-22T20:04:57.6210262Z [1m[92m   Compiling[0m syn v3.0.3
2026-08-22T20:04:57.6344510Z [1m[92m   Compiling[0m syn v2.0.119
2026-08-22T20:04:57.8728309Z [1m[92m   Compiling[0m foldhash v0.2.0
2026-08-22T20:04:58.0739014Z [1m[92m   Compiling[0m hashbrown v0.17.1
2026-08-22T20:04:58.9059744Z [1m[92m   Compiling[0m zmij v1.0.23
2026-08-22T20:04:59.2654591Z [1m[92m   Compiling[0m serde_json v1.0.151
2026-08-22T20:04:59.5358065Z [1m[92m   Compiling[0m indexmap v2.14.0
2026-08-22T20:05:00.1239889Z [1m[92m   Compiling[0m regex-syntax v0.8.11
2026-08-22T20:05:03.0629515Z [1m[92m   Compiling[0m windows-sys v0.61.2
2026-08-22T20:05:03.2740330Z [1m[92m   Compiling[0m thiserror-impl v2.0.19
2026-08-22T20:05:04.3905116Z [1m[92m   Compiling[0m serde_derive v1.0.229
2026-08-22T20:05:04.9787473Z [1m[92m   Compiling[0m bytes v1.12.1
2026-08-22T20:05:05.1093939Z [1m[92m   Compiling[0m either v1.17.0
2026-08-22T20:05:05.3685293Z [1m[92m   Compiling[0m version_check v0.9.5
2026-08-22T20:05:05.7227140Z [1m[92m   Compiling[0m anyhow v1.0.104
2026-08-22T20:05:05.9977637Z [1m[92m   Compiling[0m generic-array v0.14.7
2026-08-22T20:05:06.2349777Z [1m[92m   Compiling[0m typenum v1.20.1
2026-08-22T20:05:06.7120687Z [1m[92m   Compiling[0m cpufeatures v0.2.17
2026-08-22T20:05:06.7666106Z [1m[92m   Compiling[0m once_cell v1.21.4
2026-08-22T20:05:07.0084405Z [1m[92m   Compiling[0m itertools v0.14.0
2026-08-22T20:05:07.7547028Z [1m[92m   Compiling[0m prettyplease v0.2.37
2026-08-22T20:05:07.8533703Z [1m[92m   Compiling[0m block-buffer v0.10.4
2026-08-22T20:05:07.9552452Z [1m[92m   Compiling[0m crypto-common v0.1.7
2026-08-22T20:05:08.0253354Z [1m[92m   Compiling[0m log v0.4.33
2026-08-22T20:05:08.0666962Z [1m[92m   Compiling[0m digest v0.10.7
2026-08-22T20:05:08.2291486Z [1m[92m   Compiling[0m regex-automata v0.4.16
2026-08-22T20:05:08.2979602Z [1m[92m   Compiling[0m sha2 v0.10.9
2026-08-22T20:05:08.9362741Z [1m[92m   Compiling[0m prost-derive v0.13.5
2026-08-22T20:05:09.0561315Z [1m[92m   Compiling[0m onnx-runtime-ir v0.1.0-dev.5 (C:\a\onnx-genai\onnx-genai\crates\onnx-runtime-ir)
2026-08-22T20:05:10.8635997Z [1m[92m   Compiling[0m regex v1.13.1
2026-08-22T20:05:11.1206258Z [1m[92m   Compiling[0m prost v0.13.5
2026-08-22T20:05:11.3350595Z [1m[92m   Compiling[0m autocfg v1.5.1
2026-08-22T20:05:11.8411338Z [1m[92m   Compiling[0m onnx-runtime-memory-api v0.1.0-dev.5 (C:\a\onnx-genai\onnx-genai\crates\onnx-runtime-memory-api)
2026-08-22T20:05:12.1304054Z [1m[92m   Compiling[0m num-traits v0.2.19
2026-08-22T20:05:12.6149614Z [1m[92m   Compiling[0m onnx-runtime-tracer v0.1.0-dev.5 (C:\a\onnx-genai\onnx-genai\crates\onnx-runtime-tracer)
2026-08-22T20:05:13.5061900Z [1m[92m   Compiling[0m onnx-runtime-memory-governor v0.1.0-dev.5 (C:\a\onnx-genai\onnx-genai\crates\onnx-runtime-memory-governor)
2026-08-22T20:05:14.2108707Z [1m[92m   Compiling[0m heck v0.5.0
2026-08-22T20:05:14.4663250Z [1m[92m   Compiling[0m memmap2 v0.9.11
2026-08-22T20:05:14.7044423Z [1m[92m   Compiling[0m lazy_static v1.5.0
2026-08-22T20:05:14.8580790Z [1m[92m   Compiling[0m libloading v0.8.9
2026-08-22T20:05:14.8989540Z [1m[92m   Compiling[0m bitflags v2.13.1
2026-08-22T20:05:15.1360729Z [1m[92m   Compiling[0m crc32fast v1.5.0
2026-08-22T20:05:15.1584537Z [1m[92m   Compiling[0m glob v0.3.4
2026-08-22T20:05:15.9102001Z [1m[92m   Compiling[0m clang-sys v1.8.1
2026-08-22T20:05:15.9932732Z [1m[92m   Compiling[0m libc v0.2.189
2026-08-22T20:05:16.2717757Z [1m[92m   Compiling[0m minimal-lexical v0.2.1
2026-08-22T20:05:16.2874306Z [1m[92m   Compiling[0m bindgen v0.72.1
2026-08-22T20:05:16.5756667Z [1m[92m   Compiling[0m nom v7.1.3
2026-08-22T20:05:16.6107528Z [1m[92m   Compiling[0m itertools v0.13.0
2026-08-22T20:05:17.8470397Z [1m[92m   Compiling[0m shlex v1.3.0
2026-08-22T20:05:17.9973665Z [1m[92m   Compiling[0m rustc-hash v2.1.3
2026-08-22T20:05:18.0564493Z [1m[92m   Compiling[0m bumpalo v3.20.3
2026-08-22T20:05:18.0993337Z [1m[92m   Compiling[0m zlib-rs v0.6.6
2026-08-22T20:05:18.3504031Z [1m[92m   Compiling[0m simd-adler32 v0.3.10
2026-08-22T20:05:18.5684672Z [1m[92m   Compiling[0m cexpr v0.6.0
2026-08-22T20:05:18.5788977Z [1m[92m   Compiling[0m zopfli v0.8.3
2026-08-22T20:05:19.5186111Z [1m[92m   Compiling[0m typed-path v0.12.3
2026-08-22T20:05:21.2397516Z [1m[92m   Compiling[0m onnx-runtime-optimizer v0.1.0-dev.5 (C:\a\onnx-genai\onnx-genai\crates\onnx-runtime-optimizer)
2026-08-22T20:05:22.8135783Z [1m[92m   Compiling[0m flate2 v1.1.9
2026-08-22T20:05:23.1835550Z [1m[92m   Compiling[0m onnx-genai-runtime-config v0.1.0-dev.5 (C:\a\onnx-genai\onnx-genai\crates\onnx-genai-runtime-config)
2026-08-22T20:05:23.3341737Z [1m[92m   Compiling[0m zip v8.6.0
2026-08-22T20:05:23.3665530Z [1m[92m   Compiling[0m getrandom v0.4.3
2026-08-22T20:05:23.7704642Z [1m[92m   Compiling[0m fastrand v2.5.0
2026-08-22T20:05:24.0336818Z [1m[92m   Compiling[0m fnv v1.0.7
2026-08-22T20:05:24.1029333Z [1m[92m   Compiling[0m beef v0.5.2
2026-08-22T20:05:24.2463638Z [1m[92m   Compiling[0m logos-codegen v0.14.4
2026-08-22T20:05:24.2743964Z [1m[92m   Compiling[0m prost-types v0.13.5
2026-08-22T20:05:24.7633659Z [1m[92m   Compiling[0m miette-derive v7.6.0
2026-08-22T20:05:26.1694648Z [1m[92m   Compiling[0m zerocopy v0.8.55
2026-08-22T20:05:26.1764832Z [1m[92m   Compiling[0m unicode-width v0.1.14
2026-08-22T20:05:26.2662453Z [1m[92m   Compiling[0m logos-derive v0.14.4
2026-08-22T20:05:26.4305546Z [1m[92m   Compiling[0m thiserror v1.0.69
2026-08-22T20:05:26.6792512Z [1m[92m   Compiling[0m miette v7.6.0
2026-08-22T20:05:26.6946982Z [1m[92m   Compiling[0m logos v0.14.4
2026-08-22T20:05:26.8525558Z [1m[92m   Compiling[0m thiserror-impl v1.0.69
2026-08-22T20:05:26.8683760Z [1m[92m   Compiling[0m zerocopy-derive v0.8.55
2026-08-22T20:05:27.4230518Z [1m[92m   Compiling[0m onnx-genai-ort-sys v0.1.0-dev.5 (C:\a\onnx-genai\onnx-genai\crates\onnx-genai-ort\ort-sys)
2026-08-22T20:05:28.4141522Z [1m[92m   Compiling[0m fixedbitset v0.5.7
2026-08-22T20:05:28.7893858Z [1m[92m   Compiling[0m petgraph v0.7.1
2026-08-22T20:05:29.2754934Z [1m[92m   Compiling[0m tempfile v3.27.0
2026-08-22T20:05:29.8867359Z [1m[92m   Compiling[0m protox-parse v0.7.0
2026-08-22T20:05:30.6375220Z [1m[92m   Compiling[0m prost-reflect v0.14.7
2026-08-22T20:05:31.9573041Z [1m[92m   Compiling[0m multimap v0.10.1
2026-08-22T20:05:32.1207241Z [1m[92m   Compiling[0m prost-build v0.13.5
2026-08-22T20:05:33.7648009Z [1m[92m   Compiling[0m protox v0.7.2
2026-08-22T20:05:33.9787666Z [1m[92m   Compiling[0m ordered-float v2.10.1
2026-08-22T20:05:34.3106185Z [1m[92m   Compiling[0m serde-value v0.7.0
2026-08-22T20:05:34.6534911Z [1m[92m   Compiling[0m base64 v0.22.1
2026-08-22T20:05:34.8870105Z [1m[92m   Compiling[0m onnx-runtime-shape-inference v0.1.0-dev.5 (C:\a\onnx-genai\onnx-genai\crates\onnx-runtime-shape-inference)
2026-08-22T20:05:36.3041965Z [1m[92m   Compiling[0m onnx-runtime-loader v0.1.0-dev.5 (C:\a\onnx-genai\onnx-genai\crates\onnx-runtime-loader)
2026-08-22T20:05:37.7984803Z [1m[92m   Compiling[0m half v2.7.1
2026-08-22T20:05:42.2151571Z [1m[92m   Compiling[0m crossbeam-utils v0.8.22
2026-08-22T20:05:42.5607268Z [1m[92m   Compiling[0m crossbeam-epoch v0.9.20
2026-08-22T20:05:43.6721603Z [1m[92m   Compiling[0m onnx-runtime-ep-api v0.1.0-dev.5 (C:\a\onnx-genai\onnx-genai\crates\onnx-runtime-ep-api)
2026-08-22T20:05:44.0013068Z [1m[92m   Compiling[0m crossbeam-deque v0.8.7
2026-08-22T20:05:44.8737753Z [1m[92m   Compiling[0m rayon-core v1.13.0
2026-08-22T20:05:45.0949080Z [1m[92m   Compiling[0m ryu v1.0.23
2026-08-22T20:05:45.2975488Z [1m[92m   Compiling[0m unsafe-libyaml v0.2.11
2026-08-22T20:05:45.9608857Z [1m[92m   Compiling[0m rayon v1.12.0
2026-08-22T20:05:46.4633106Z [1m[92m   Compiling[0m windows_aarch64_msvc v0.42.2
2026-08-22T20:05:47.1013816Z [1m[92m   Compiling[0m serde_yaml v0.9.34+deprecated
2026-08-22T20:05:48.2568771Z [1m[92m   Compiling[0m libm v0.2.16
2026-08-22T20:05:48.6034464Z [1m[92m   Compiling[0m windows-sys v0.42.0
2026-08-22T20:05:49.1711019Z [1m[92m   Compiling[0m onnx-runtime-quantization v0.1.0-dev.5 (C:\a\onnx-genai\onnx-genai\crates\onnx-runtime-quantization)
2026-08-22T20:05:49.2548280Z [1m[92m   Compiling[0m atomic-wait v1.1.0
2026-08-22T20:05:49.2880336Z [1m[92m   Compiling[0m cudarc v0.19.8
2026-08-22T20:05:49.3312270Z [1m[92m   Compiling[0m libloading v0.9.0
2026-08-22T20:05:49.6168714Z [1m[92m   Compiling[0m ref-cast v1.0.26
2026-08-22T20:05:49.9664273Z [1m[92m   Compiling[0m ref-cast-impl v1.0.26
2026-08-22T20:05:49.9837202Z [1m[92m   Compiling[0m aho-corasick v1.1.4
2026-08-22T20:05:50.5102998Z [1m[92m   Compiling[0m onnx-runtime-ep-cpu v0.1.0-dev.5 (C:\a\onnx-genai\onnx-genai\crates\onnx-runtime-ep-cpu)
2026-08-22T20:05:52.9518820Z [1m[92m   Compiling[0m serde_derive_internals v0.29.1
2026-08-22T20:05:54.2059088Z [1m[92m   Compiling[0m schemars_derive v1.2.1
2026-08-22T20:05:56.2962028Z [1m[92m   Compiling[0m dyn-clone v1.0.20
2026-08-22T20:05:56.4245469Z [1m[92m   Compiling[0m schemars v1.2.1
2026-08-22T20:05:59.2975692Z [1m[92m   Compiling[0m smallvec v1.15.2
2026-08-22T20:05:59.5417027Z [1m[92m   Compiling[0m onnx-genai-metadata v0.1.0-dev.5 (C:\a\onnx-genai\onnx-genai\crates\onnx-genai-metadata)
2026-08-22T20:05:59.9531913Z [1m[92m   Compiling[0m parking_lot_core v0.9.12
2026-08-22T20:06:00.2187082Z [1m[92m   Compiling[0m scopeguard v1.2.0
2026-08-22T20:06:00.2943218Z [1m[92m   Compiling[0m lock_api v0.4.14
2026-08-22T20:06:00.9584648Z [1m[92m   Compiling[0m parking_lot v0.12.5
2026-08-22T20:06:02.0267007Z [1m[92m   Compiling[0m num-integer v0.1.46
2026-08-22T20:06:02.2737408Z [1m[92m   Compiling[0m synstructure v0.13.2
2026-08-22T20:06:02.4885533Z [1m[92m   Compiling[0m onnx-runtime-memory v0.1.0-dev.5 (C:\a\onnx-genai\onnx-genai\crates\onnx-runtime-memory)
2026-08-22T20:06:03.0546536Z [1m[92m   Compiling[0m zerofrom-derive v0.1.7
2026-08-22T20:06:03.7268238Z [1m[92m   Compiling[0m yoke-derive v0.8.2
2026-08-22T20:06:04.9431389Z [1m[92m   Compiling[0m zerofrom v0.1.8
2026-08-22T20:06:05.0757082Z [1m[92m   Compiling[0m stable_deref_trait v1.2.1
2026-08-22T20:06:05.1640887Z [1m[92m   Compiling[0m num-complex v0.4.6
2026-08-22T20:06:05.2706663Z [1m[92m   Compiling[0m yoke v0.8.3
2026-08-22T20:06:05.4891767Z [1m[92m   Compiling[0m zerovec-derive v0.11.3
2026-08-22T20:06:05.7798429Z [1m[92m   Compiling[0m percent-encoding v2.3.2
2026-08-22T20:06:06.1166234Z [1m[92m   Compiling[0m displaydoc v0.2.6
2026-08-22T20:06:06.7855994Z [1m[92m   Compiling[0m zerovec v0.11.6
2026-08-22T20:06:07.0228973Z [1m[92m   Compiling[0m once_cell_polyfill v1.70.2
2026-08-22T20:06:07.1115985Z [1m[92m   Compiling[0m anstyle v1.0.14
2026-08-22T20:06:07.3697627Z [1m[92m   Compiling[0m utf8parse v0.2.2
2026-08-22T20:06:07.4602728Z [1m[92m   Compiling[0m anstyle-parse v1.0.0
2026-08-22T20:06:07.5945849Z [1m[92m   Compiling[0m anstyle-wincon v3.0.11
2026-08-22T20:06:07.6610987Z [1m[92m   Compiling[0m onnx-runtime-session v0.1.0-dev.5 (C:\a\onnx-genai\onnx-genai\crates\onnx-runtime-session)
2026-08-22T20:06:07.8999504Z [1m[92m   Compiling[0m anstyle-query v1.1.5
2026-08-22T20:06:08.0529932Z [1m[92m   Compiling[0m colorchoice v1.0.5
2026-08-22T20:06:08.1453313Z [1m[92m   Compiling[0m is_terminal_polyfill v1.70.2
2026-08-22T20:06:08.2241871Z [1m[92m   Compiling[0m anstream v1.0.0
2026-08-22T20:06:08.9728340Z [1m[92m   Compiling[0m onnx-runtime-virtual-memory v0.1.0-dev.5 (C:\a\onnx-genai\onnx-genai\crates\onnx-runtime-virtual-memory)
2026-08-22T20:06:09.4685642Z [1m[92m   Compiling[0m strsim v0.11.1
2026-08-22T20:06:10.0237197Z [1m[92m   Compiling[0m clap_lex v1.1.0
2026-08-22T20:06:10.3370796Z [1m[92m   Compiling[0m pin-project-lite v0.2.17
2026-08-22T20:06:10.4137650Z [1m[92m   Compiling[0m clap_builder v4.6.2
2026-08-22T20:06:16.7120566Z [1m[92m   Compiling[0m tinystr v0.8.3
2026-08-22T20:06:17.2575072Z [1m[92m   Compiling[0m clap_derive v4.6.4
2026-08-22T20:06:19.4203956Z [1m[92m   Compiling[0m litemap v0.8.2
2026-08-22T20:06:19.6299463Z [1m[92m   Compiling[0m writeable v0.6.3
2026-08-22T20:06:19.8608360Z [1m[92m   Compiling[0m icu_locale_core v2.2.0
2026-08-22T20:06:21.5725510Z [1m[92m   Compiling[0m clap v4.6.4
2026-08-22T20:06:21.6465854Z [1m[92m   Compiling[0m potential_utf v0.1.5
2026-08-22T20:06:21.8133992Z [1m[92m   Compiling[0m zerotrie v0.2.4
2026-08-22T20:06:22.1874086Z [1m[92m   Compiling[0m onnx-runtime-ep-plugin v0.1.0-dev.5 (C:\a\onnx-genai\onnx-genai\crates\onnx-runtime-ep-plugin)
2026-08-22T20:06:23.0766991Z [1m[92m   Compiling[0m getrandom v0.3.4
2026-08-22T20:06:23.3967626Z [1m[92m   Compiling[0m utf8_iter v1.0.4
2026-08-22T20:06:23.5364200Z [1m[92m   Compiling[0m icu_properties_data v2.2.0
2026-08-22T20:06:23.8315974Z [1m[92m   Compiling[0m icu_normalizer_data v2.2.0
2026-08-22T20:06:24.0876310Z [1m[92m   Compiling[0m icu_collections v2.2.0
2026-08-22T20:06:24.8838163Z [1m[92m   Compiling[0m icu_provider v2.2.0
2026-08-22T20:06:25.3166477Z [1m[92m   Compiling[0m onnx-runtime-cuda-memory v0.1.0-dev.5 (C:\a\onnx-genai\onnx-genai\crates\onnx-runtime-cuda-memory)
2026-08-22T20:06:29.2408510Z [1m[92m   Compiling[0m num-bigint v0.4.8
2026-08-22T20:06:29.9562646Z [1m[92m   Compiling[0m ahash v0.8.12
2026-08-22T20:06:30.7385270Z [1m[92m   Compiling[0m num-rational v0.4.2
2026-08-22T20:06:31.4863534Z [1m[92m   Compiling[0m num-iter v0.1.46
2026-08-22T20:06:31.5903575Z [1m[92m   Compiling[0m tracing-core v0.1.36
2026-08-22T20:06:32.0310644Z [1m[92m   Compiling[0m num v0.4.3
2026-08-22T20:06:32.0922241Z [1m[92m   Compiling[0m icu_normalizer v2.2.0
2026-08-22T20:06:32.4773092Z [1m[92m   Compiling[0m icu_properties v2.2.0
2026-08-22T20:06:33.3186560Z [1m[92m   Compiling[0m tracing-attributes v0.1.31
2026-08-22T20:06:33.7260326Z [1m[92m   Compiling[0m bit-vec v0.8.0
2026-08-22T20:06:34.0160296Z [1m[92m   Compiling[0m unicode-general-category v1.1.0
2026-08-22T20:06:34.4477399Z [1m[92m   Compiling[0m borrow-or-share v0.2.4
2026-08-22T20:06:35.0988734Z [1m[92m   Compiling[0m fluent-uri v0.4.1
2026-08-22T20:06:36.0824028Z [1m[92m   Compiling[0m tracing v0.1.44
2026-08-22T20:06:36.1626733Z [1m[92m   Compiling[0m bit-set v0.8.0
2026-08-22T20:06:36.3194961Z [1m[92m   Compiling[0m idna_adapter v1.2.2
2026-08-22T20:06:36.4068678Z [1m[92m   Compiling[0m fraction v0.15.4
2026-08-22T20:06:36.4123630Z [1m[92m   Compiling[0m strum_macros v0.28.0
2026-08-22T20:06:36.4472168Z [1m[92m   Compiling[0m outref v0.5.2
2026-08-22T20:06:36.5419032Z [1m[92m   Compiling[0m vsimd v0.8.0
2026-08-22T20:06:37.0284894Z [1m[92m   Compiling[0m onnx-runtime-ort-testkit v0.1.0-dev.5 (C:\a\onnx-genai\onnx-genai\crates\onnx-runtime-ort-testkit)
2026-08-22T20:06:37.3107358Z [1m[92m   Compiling[0m bytecount v0.6.9
2026-08-22T20:06:37.4782429Z [1m[92m   Compiling[0m micromap v0.3.0
2026-08-22T20:06:37.7979275Z [1m[92m   Compiling[0m num-cmp v0.1.0
2026-08-22T20:06:38.1953057Z [1m[92m   Compiling[0m jsonschema-value v0.48.5
2026-08-22T20:06:38.3237036Z [1m[92m   Compiling[0m referencing v0.48.5
2026-08-22T20:06:38.7437012Z [1m[92m   Compiling[0m uuid-simd v0.8.0
2026-08-22T20:06:39.0637037Z [1m[92m   Compiling[0m idna v1.1.0
2026-08-22T20:06:39.0919385Z [1m[92m   Compiling[0m strum v0.28.0
2026-08-22T20:06:39.1964862Z [1m[92m   Compiling[0m fancy-regex v0.18.0
2026-08-22T20:06:39.5891409Z [1m[92m   Compiling[0m email_address v0.2.9
2026-08-22T20:06:40.4140442Z [1m[92m   Compiling[0m winapi-util v0.1.11
2026-08-22T20:06:40.7222850Z [1m[92m   Compiling[0m jsonschema-regex v0.48.5
2026-08-22T20:06:40.7405883Z [1m[92m   Compiling[0m ciborium-io v0.2.2
2026-08-22T20:06:40.8146308Z [1m[92m   Compiling[0m data-encoding v2.11.0
2026-08-22T20:06:40.8980352Z [1m[92m   Compiling[0m plotters-backend v0.3.7
2026-08-22T20:06:41.0854362Z [1m[92m   Compiling[0m ciborium-ll v0.2.2
2026-08-22T20:06:41.2251013Z [1m[92m   Compiling[0m jsonschema v0.48.5
2026-08-22T20:06:41.3438804Z [1m[92m   Compiling[0m plotters-svg v0.3.7
2026-08-22T20:06:41.6019402Z [1m[92m   Compiling[0m same-file v1.0.6
2026-08-22T20:06:41.6284205Z [1m[92m   Compiling[0m onnx-std v0.1.0-dev.5 (C:\a\onnx-genai\onnx-genai\crates\onnx-std)
2026-08-22T20:06:41.9043343Z [1m[92m   Compiling[0m itertools v0.10.5
2026-08-22T20:06:42.2142054Z [1m[92m   Compiling[0m cast v0.3.0
2026-08-22T20:06:42.4146941Z [1m[92m   Compiling[0m walkdir v2.5.0
2026-08-22T20:06:42.9302186Z [1m[92m   Compiling[0m plotters v0.3.7
2026-08-22T20:06:43.5049231Z [1m[92m   Compiling[0m criterion-plot v0.5.0
2026-08-22T20:06:44.1385594Z [1m[92m   Compiling[0m ciborium v0.2.2
2026-08-22T20:06:44.3668014Z [1m[92m   Compiling[0m tinytemplate v1.2.1
2026-08-22T20:06:45.1814582Z [1m[92m   Compiling[0m is-terminal v0.4.17
2026-08-22T20:06:45.2493708Z [1m[92m   Compiling[0m anes v0.1.6
2026-08-22T20:06:45.7114551Z [1m[92m   Compiling[0m oorandom v11.1.5
2026-08-22T20:06:45.7244280Z [1m[92m   Compiling[0m mio v1.2.2
2026-08-22T20:06:45.8526755Z [1m[92m   Compiling[0m criterion v0.5.1
2026-08-22T20:06:46.9110580Z [1m[92m   Compiling[0m socket2 v0.6.5
2026-08-22T20:06:47.5967039Z [1m[92m   Compiling[0m tokio-macros v2.7.1
2026-08-22T20:06:48.3957971Z [1m[92m   Compiling[0m tokio v1.53.1
2026-08-22T20:06:52.1351412Z [1m[92m   Compiling[0m onnx-runtime-memory-abi v0.1.0-dev.5 (C:\a\onnx-genai\onnx-genai\crates\onnx-runtime-memory-abi)
2026-08-22T20:06:52.5028050Z [1m[92m   Compiling[0m async-trait v0.1.91
2026-08-22T20:06:53.6923532Z [1m[92m   Compiling[0m futures-core v0.3.33
2026-08-22T20:06:53.8204711Z [1m[92m   Compiling[0m onnx-runtime-operator-selection v0.1.0-dev.5 (C:\a\onnx-genai\onnx-genai\crates\onnx-runtime-operator-selection)
2026-08-22T20:06:53.8382541Z [1m[92m   Compiling[0m http v1.4.2
2026-08-22T20:06:54.2158156Z [1m[92m   Compiling[0m onnx-runtime-memory-testplugin v0.1.0-dev.5 (C:\a\onnx-genai\onnx-genai\crates\onnx-runtime-memory-testplugin)
2026-08-22T20:06:55.1060309Z [1m[92m   Compiling[0m http-body v1.1.0
2026-08-22T20:06:55.2546663Z [1m[92m   Compiling[0m onnx-runtime-ep-cpu-plugin v0.1.0-dev.5 (C:\a\onnx-genai\onnx-genai\crates\onnx-runtime-ep-cpu-plugin)
2026-08-22T20:06:55.3978547Z [1m[92m   Compiling[0m httparse v1.10.1
2026-08-22T20:06:55.7815851Z [1m[92m   Compiling[0m adler2 v2.0.1
2026-08-22T20:06:55.8969234Z [1m[92m   Compiling[0m miniz_oxide v0.8.9
2026-08-22T20:06:55.9808829Z [1m[92m   Compiling[0m onnx-runtime-protocol-trace v0.1.0-dev.5 (C:\a\onnx-genai\onnx-genai\crates\onnx-runtime-protocol-trace)
2026-08-22T20:06:57.0990985Z [1m[92m   Compiling[0m slab v0.4.12
2026-08-22T20:06:57.2084154Z [1m[92m   Compiling[0m tower-service v0.3.3
2026-08-22T20:06:57.3414161Z [1m[92m   Compiling[0m futures-task v0.3.33
2026-08-22T20:06:57.4073074Z [1m[92m   Compiling[0m try-lock v0.2.5
2026-08-22T20:06:57.6006311Z [1m[92m   Compiling[0m target-lexicon v0.13.5
2026-08-22T20:06:57.6137637Z [1m[92m   Compiling[0m futures-util v0.3.33
2026-08-22T20:06:58.3811389Z [1m[92m   Compiling[0m want v0.3.1
2026-08-22T20:06:58.9744587Z [1m[92m   Compiling[0m fdeflate v0.3.7
2026-08-22T20:06:59.1668394Z [1m[92m   Compiling[0m futures-channel v0.3.33
2026-08-22T20:06:59.4198070Z [1m[92m   Compiling[0m onnx-runtime-memory-host v0.1.0-dev.5 (C:\a\onnx-genai\onnx-genai\crates\onnx-runtime-memory-host)
2026-08-22T20:06:59.5533370Z [1m[92m   Compiling[0m sync_wrapper v1.0.2
2026-08-22T20:06:59.6071409Z [1m[92m   Compiling[0m httpdate v1.0.3
2026-08-22T20:06:59.6344122Z [1m[92m   Compiling[0m strength_reduce v0.2.4
2026-08-22T20:06:59.8740462Z [1m[92m   Compiling[0m atomic-waker v1.1.2
2026-08-22T20:06:59.8995435Z [1m[92m   Compiling[0m tower-layer v0.3.3
2026-08-22T20:06:59.9907466Z [1m[92m   Compiling[0m zune-core v0.5.1
2026-08-22T20:07:00.0883196Z [1m[92m   Compiling[0m pxfm v0.1.30
2026-08-22T20:07:00.3291570Z [1m[92m   Compiling[0m zune-jpeg v0.5.15
2026-08-22T20:07:00.3699440Z [1m[92m   Compiling[0m hyper v1.11.0
2026-08-22T20:07:01.3360764Z [1m[92m   Compiling[0m transpose v0.2.3
2026-08-22T20:07:01.4553856Z [1m[92m   Compiling[0m png v0.18.1
2026-08-22T20:07:02.0322099Z [1m[92m   Compiling[0m http-body-util v0.1.4
2026-08-22T20:07:02.3660283Z [1m[92m   Compiling[0m onnx-genai-kv v0.1.0-dev.5 (C:\a\onnx-genai\onnx-genai\crates\onnx-genai-kv)
2026-08-22T20:07:02.7439894Z [1m[92m   Compiling[0m moxcms v0.8.1
2026-08-22T20:07:03.4561378Z [1m[92m   Compiling[0m form_urlencoded v1.2.2
2026-08-22T20:07:03.8920869Z [1m[92m   Compiling[0m primal-check v0.3.4
2026-08-22T20:07:04.0195289Z [1m[92m   Compiling[0m onnx-runtime-ep-nxrt-abi v0.1.0-dev.5 (C:\a\onnx-genai\onnx-genai\crates\onnx-runtime-ep-nxrt-abi)
2026-08-22T20:07:04.4069162Z [1m[92m   Compiling[0m mime v0.3.17
2026-08-22T20:07:04.4379402Z [1m[92m   Compiling[0m bytemuck v1.25.2
2026-08-22T20:07:04.7542693Z [1m[92m   Compiling[0m byteorder-lite v0.1.0
2026-08-22T20:07:04.7816712Z [1m[92m   Compiling[0m axum-core v0.5.6
2026-08-22T20:07:05.0901605Z [1m[92m   Compiling[0m rustfft v6.4.1
2026-08-22T20:07:06.3806212Z [1m[92m   Compiling[0m serde_urlencoded v0.7.1
2026-08-22T20:07:06.6881390Z [1m[92m   Compiling[0m pyo3-build-config v0.29.0
2026-08-22T20:07:06.8735909Z [1m[92m   Compiling[0m image v0.25.10
2026-08-22T20:07:07.9572714Z [1m[92m   Compiling[0m hyper-util v0.1.20
2026-08-22T20:07:08.0583297Z [1m[92m   Compiling[0m tower v0.5.3
2026-08-22T20:07:08.5680163Z [1m[92m   Compiling[0m tracing-log v0.2.0
2026-08-22T20:07:08.8595408Z [1m[92m   Compiling[0m matchers v0.2.0
2026-08-22T20:07:09.0289373Z [1m[92m   Compiling[0m sharded-slab v0.1.7
2026-08-22T20:07:09.6952875Z [1m[92m   Compiling[0m nu-ansi-term v0.50.3
2026-08-22T20:07:10.1465196Z [1m[92m   Compiling[0m serde_path_to_error v0.1.20
2026-08-22T20:07:10.1682844Z [1m[92m   Compiling[0m thread_local v1.1.10
2026-08-22T20:07:10.4753970Z [1m[92m   Compiling[0m shlex v2.0.1
2026-08-22T20:07:10.6707778Z [1m[92m   Compiling[0m matchit v0.8.4
2026-08-22T20:07:10.6763227Z [1m[92m   Compiling[0m find-msvc-tools v0.1.9
2026-08-22T20:07:11.1675963Z [1m[92m   Compiling[0m hound v3.5.1
2026-08-22T20:07:11.5166430Z [1m[92m   Compiling[0m cc v1.4.0
2026-08-22T20:07:11.8524870Z [1m[92m   Compiling[0m axum v0.8.9
2026-08-22T20:07:13.4370244Z [1m[92m   Compiling[0m tracing-subscriber v0.3.23
2026-08-22T20:07:13.6581093Z [1m[92m   Compiling[0m cmake v0.1.58
2026-08-22T20:07:14.2947208Z [1m[92m   Compiling[0m onnx-genai-preprocess v0.1.0-dev.5 (C:\a\onnx-genai\onnx-genai\crates\onnx-genai-preprocess)
2026-08-22T20:07:16.1181258Z [1m[92m   Compiling[0m pyo3-ffi v0.29.0
2026-08-22T20:07:16.6783456Z [1m[92m   Compiling[0m onnx-genai-router v0.1.0-dev.5 (C:\a\onnx-genai\onnx-genai\crates\onnx-genai-router)
2026-08-22T20:07:17.3983017Z [1m[92m   Compiling[0m onnx-runtime-cpuinfo v0.1.0-dev.5 (C:\a\onnx-genai\onnx-genai\crates\onnx-runtime-cpuinfo)
2026-08-22T20:07:17.5042158Z [1m[92m   Compiling[0m onnx-runtime-ep-nxrt-testplugin v0.1.0-dev.5 (C:\a\onnx-genai\onnx-genai\crates\onnx-runtime-ep-nxrt-testplugin)
2026-08-22T20:07:18.4722407Z [1m[92m   Compiling[0m tokio-stream v0.1.19
2026-08-22T20:07:18.7016370Z [1m[92m   Compiling[0m onnx-genai-comfyui-config v0.1.0-dev.5 (C:\a\onnx-genai\onnx-genai\crates\onnx-genai-comfyui-config)
2026-08-22T20:07:26.2499824Z [1m[92m   Compiling[0m pyo3 v0.29.0
2026-08-22T20:07:26.4852334Z [1m[92m   Compiling[0m onnx-runtime-comm v0.1.0-dev.5 (C:\a\onnx-genai\onnx-genai\crates\onnx-runtime-comm)
2026-08-22T20:07:26.8545401Z [1m[92m   Compiling[0m onnx-runtime-eager v0.1.0-dev.5 (C:\a\onnx-genai\onnx-genai\crates\onnx-runtime-eager)
2026-08-22T20:07:29.2353052Z [1m[92m   Compiling[0m pyo3-macros-backend v0.29.0
2026-08-22T20:07:31.4919051Z [1m[92m   Compiling[0m toml_datetime v0.6.11
2026-08-22T20:07:31.8281567Z [1m[92m   Compiling[0m serde_spanned v0.6.9
2026-08-22T20:07:31.9535420Z [1m[92m   Compiling[0m winnow v0.7.15
2026-08-22T20:07:34.0980787Z [1m[92m   Compiling[0m toml_write v0.1.2
2026-08-22T20:07:34.3173453Z [1m[92m   Compiling[0m toml_edit v0.22.27
2026-08-22T20:07:35.0349143Z [1m[92m   Compiling[0m onnx-genai-genai-config v0.1.0-dev.5 (C:\a\onnx-genai\onnx-genai\crates\onnx-genai-genai-config)
2026-08-22T20:07:35.3857217Z [1m[92m   Compiling[0m pyo3-macros v0.29.0
2026-08-22T20:07:36.4976970Z [1m[92m   Compiling[0m onnx-runtime-ep-nxrt-host v0.1.0 (C:\a\onnx-genai\onnx-genai\crates\onnx-runtime-ep-nxrt-host)
2026-08-22T20:07:37.0538695Z [1m[92m   Compiling[0m onnx-genai-scheduler v0.1.0-dev.5 (C:\a\onnx-genai\onnx-genai\crates\onnx-genai-scheduler)
2026-08-22T20:07:40.5494052Z [1m[92m   Compiling[0m onnx-runtime-ep-shared-mock-plugin v0.1.0-dev.5 (C:\a\onnx-genai\onnx-genai\crates\onnx-runtime-ep-shared-mock-plugin)
2026-08-22T20:07:41.1568939Z [1m[92m   Compiling[0m onnx-runtime-ep-cuda-plugin v0.1.0-dev.5 (C:\a\onnx-genai\onnx-genai\crates\onnx-runtime-ep-cuda-plugin)
2026-08-22T20:07:42.8212995Z [1m[92m   Compiling[0m onnx-runtime-capi v0.1.0-dev.5 (C:\a\onnx-genai\onnx-genai\crates\onnx-runtime-capi)
2026-08-22T20:07:43.8802338Z [1m[92m   Compiling[0m onnx-model-package v0.1.0-dev.5 (C:\a\onnx-genai\onnx-genai\crates\onnx-model-package)
2026-08-22T20:07:44.2300933Z [1m[92m   Compiling[0m toml v0.8.23
2026-08-22T20:07:44.9989225Z [1m[92m   Compiling[0m onnx-runtime-cost-model v0.1.0-dev.5 (C:\a\onnx-genai\onnx-genai\crates\onnx-runtime-cost-model)
2026-08-22T20:07:45.4067654Z [1m[92m   Compiling[0m onnx-genai-cuda-version-guard v0.1.0-dev.5 (C:\a\onnx-genai\onnx-genai\crates\onnx-genai-cuda-version-guard)
2026-08-22T20:07:45.5125868Z [1m[92m   Compiling[0m onnx-runtime-dlpack v0.1.0-dev.5 (C:\a\onnx-genai\onnx-genai\crates\onnx-runtime-dlpack)
2026-08-22T20:07:46.4384507Z [1m[92m   Compiling[0m xtask v0.1.0-dev.5 (C:\a\onnx-genai\onnx-genai\xtask)
2026-08-22T20:07:52.5189358Z [1m[92m   Compiling[0m onnx-std-python v0.1.0-dev.5 (C:\a\onnx-genai\onnx-genai\crates\onnx-std-python)
2026-08-22T20:11:17.4806096Z [1m[92m    Finished[0m `test` profile [unoptimized + debuginfo] target(s) in 6m 30s
2026-08-22T20:11:17.9160980Z [1m[92m     Running[0m unittests src\lib.rs (target\debug\deps\onnx_genai_comfyui_config-7a621d70c355947e.exe)
2026-08-22T20:11:17.9375453Z 
2026-08-22T20:11:17.9375813Z running 42 tests
2026-08-22T20:11:17.9376425Z test tests::a_dangling_link_fails_closed ... ok
2026-08-22T20:11:17.9376826Z test tests::a_lora_the_package_does_not_declare_fails_closed ... ok
2026-08-22T20:11:17.9377395Z test tests::a_patched_denoiser_fails_closed ... ok
2026-08-22T20:11:17.9383622Z test tests::a_preprocessed_hint_image_fails_closed ... ok
2026-08-22T20:11:17.9384626Z test tests::a_qwen_image_specific_node_fails_closed_by_name ... ok
2026-08-22T20:11:17.9389850Z test tests::a_workflow_with_no_image_sink_fails_closed ... ok
2026-08-22T20:11:17.9390333Z test tests::a_truncated_clip_fails_closed ... ok
2026-08-22T20:11:17.9469969Z test tests::a_no_op_clip_set_last_layer_is_accepted ... ok
2026-08-22T20:11:17.9470685Z test tests::an_unknown_node_off_the_output_path_is_reported_and_ignored ... ok
2026-08-22T20:11:17.9471212Z test tests::advanced_controlnet_patches_both_conditioning_branches ... ok
2026-08-22T20:11:17.9476288Z test tests::an_unknown_node_on_the_output_path_fails_closed ... ok
2026-08-22T20:11:17.9496304Z test tests::chained_controlnets_fail_closed ... ok
2026-08-22T20:11:17.9513710Z test tests::cfg_of_one_emits_a_single_unguided_denoiser_pass ... ok
2026-08-22T20:11:17.9525295Z test tests::ancestral_solver_draws_fresh_noise_each_step ... ok
2026-08-22T20:11:17.9531377Z test tests::ddim_over_a_flow_matching_model_fails_closed ... ok
2026-08-22T20:11:17.9564114Z test tests::converts_core_txt2img_into_canonical_workflow ... ok
2026-08-22T20:11:17.9582069Z test tests::flow_matching_reaches_the_solver_contract ... ok
2026-08-22T20:11:17.9583173Z test tests::a_changed_run_parameter_changes_the_identity ... ok
2026-08-22T20:11:17.9620389Z test tests::full_strength_img2img_runs_every_step_without_an_offset ... ok
2026-08-22T20:11:17.9633089Z test tests::guidance_becomes_two_encoder_passes_and_a_combine ... ok
2026-08-22T20:11:17.9642386Z test tests::img2img_encodes_the_source_and_renoises_at_the_start_step ... ok
2026-08-22T20:11:17.9648303Z test tests::lora_without_a_package_adapter_contract_fails_closed ... ok
2026-08-22T20:11:17.9653676Z test tests::merged_conditioning_fails_closed ... ok
2026-08-22T20:11:17.9659284Z test tests::mismatched_encoder_families_fail_closed ... ok
2026-08-22T20:11:17.9681617Z test tests::inpainting_keeps_the_mask_as_a_per_step_blend ... ok
2026-08-22T20:11:17.9688049Z test tests::lora_routes_through_canonical_adapter_selection ... ok
2026-08-22T20:11:17.9701131Z test tests::conversion_is_deterministic ... ok
2026-08-22T20:11:17.9710111Z test tests::multistep_solver_carries_a_history_cell ... ok
2026-08-22T20:11:17.9744862Z test tests::sdxl_emits_dual_encoders_and_routes_time_ids ... ok
2026-08-22T20:11:17.9772846Z test tests::set_latent_noise_mask_is_recognized_as_inpainting ... ok
2026-08-22T20:11:17.9794194Z test tests::step_windowed_controlnet_fails_closed ... ok
2026-08-22T20:11:17.9797157Z test tests::strength_maps_to_the_diffusers_start_step ... ok
2026-08-22T20:11:17.9804016Z test tests::single_controlnet_becomes_a_component_invocation_with_runtime_strength ... ok
2026-08-22T20:11:17.9846259Z test tests::the_artifact_layout_is_overridable ... ok
2026-08-22T20:11:17.9855655Z test tests::semantically_identical_workflows_convert_to_one_identity ... ok
2026-08-22T20:11:17.9860810Z test tests::two_image_sinks_are_ambiguous ... ok
2026-08-22T20:11:17.9865787Z test tests::unsupported_sampler_fails_closed_with_a_remedy ... ok
2026-08-22T20:11:17.9866360Z test tests::scheduler_choice_reaches_the_solver_contract ... ok
2026-08-22T20:11:17.9870784Z test tests::unsupported_spacing_fails_closed_rather_than_falling_back ... ok
2026-08-22T20:11:17.9871302Z test tests::zero_strength_fails_closed_instead_of_emitting_an_empty_loop ... ok
2026-08-22T20:11:17.9936005Z test tests::the_prompt_wrapper_form_converts_identically ... ok
2026-08-22T20:11:17.9977712Z test tests::the_emitted_document_is_valid_inference_metadata ... ok
2026-08-22T20:11:17.9977986Z 
2026-08-22T20:11:17.9978213Z test result: ok. 42 passed; 0 failed; 0 ignored; 0 measured; 0 filtered out; finished in 0.06s
2026-08-22T20:11:17.9978534Z 
2026-08-22T20:11:18.0007555Z [1m[92m     Running[0m unittests src\bin\comfyui_to_metadata.rs (target\debug\deps\comfyui_to_metadata-f0e2665af2cc1645.exe)
2026-08-22T20:11:18.0261410Z 
2026-08-22T20:11:18.0261754Z running 0 tests
2026-08-22T20:11:18.0262260Z 
2026-08-22T20:11:18.0264450Z test result: ok. 0 passed; 0 failed; 0 ignored; 0 measured; 0 filtered out; finished in 0.00s
2026-08-22T20:11:18.0264799Z 
2026-08-22T20:11:18.0283620Z [1m[92m     Running[0m tests\golden_workflow.rs (target\debug\deps\golden_workflow-c23a985722700809.exe)
2026-08-22T20:11:18.0556314Z 
2026-08-22T20:11:18.0556520Z running 6 tests
2026-08-22T20:11:18.0757304Z test golden_comparison_normalizes_only_platform_line_endings ... ok
2026-08-22T20:11:18.1138380Z test the_golden_document_carries_the_workflows_run_parameters ... ok
2026-08-22T20:11:18.1528505Z test the_golden_document_is_valid_inference_metadata ... ok
2026-08-22T20:11:18.1687822Z test every_referenced_artifact_exists_in_the_package ... ok
2026-08-22T20:11:18.1694531Z test golden_metadata_matches_a_fresh_conversion ... ok
2026-08-22T20:11:18.1785605Z test regeneration_is_byte_stable_across_runs ... ok
2026-08-22T20:11:18.1785873Z 
2026-08-22T20:11:18.1786106Z test result: ok. 6 passed; 0 failed; 0 ignored; 0 measured; 0 filtered out; finished in 0.12s
2026-08-22T20:11:18.1786450Z 
2026-08-22T20:11:18.1818984Z [1m[92m     Running[0m unittests src\lib.rs (target\debug\deps\onnx_genai_cuda_version_guard-2aa2871f8e0ab377.exe)
2026-08-22T20:11:18.1995999Z 
2026-08-22T20:11:18.1996266Z running 4 tests
2026-08-22T20:11:18.1999898Z test tests::current_target_candidates_are_nonempty_on_supported_hosts ... ok
2026-08-22T20:11:18.2000365Z test tests::linux_lists_cuda_13_and_12 ... ok
2026-08-22T20:11:18.2000662Z test tests::unsupported_os_has_no_candidates ... ok
2026-08-22T20:11:18.2000961Z test tests::windows_lists_cuda_13_and_12 ... ok
2026-08-22T20:11:18.2001150Z 
2026-08-22T20:11:18.2001373Z test result: ok. 4 passed; 0 failed; 0 ignored; 0 measured; 0 filtered out; finished in 0.00s
2026-08-22T20:11:18.2001686Z 
2026-08-22T20:11:18.2021964Z [1m[92m     Running[0m unittests src\lib.rs (target\debug\deps\onnx_genai_genai_config-dcc534d613b2e5c0.exe)
2026-08-22T20:11:18.2320930Z 
2026-08-22T20:11:18.2321233Z running 18 tests
2026-08-22T20:11:18.2455341Z test import::tests::a_fully_representable_config_drops_nothing ... ok
2026-08-22T20:11:18.2573916Z test import::tests::a_config_that_declares_nothing_gets_no_generation_section ... ok
2026-08-22T20:11:18.2580753Z test import::tests::a_classified_drop_is_still_lossy ... ok
2026-08-22T20:11:18.2582066Z test import::tests::allow_lossy_records_every_dropped_key ... ok
2026-08-22T20:11:18.2582737Z test import::tests::a_faithful_import_reports_no_loss ... ok
2026-08-22T20:11:18.2588364Z test import::tests::declared_search_defaults_reach_the_generation_contract ... ok
2026-08-22T20:11:18.2591486Z test import::tests::deployment_policy_keys_are_reported_as_dropped ... ok
2026-08-22T20:11:18.2593804Z test import::tests::import_fails_closed_by_default ... ok
2026-08-22T20:11:18.2597425Z test import::tests::dynamic_pipeline_stage_names_are_claimed_by_wildcards ... ok
2026-08-22T20:11:18.2598834Z test import::tests::the_structural_size_keys_real_packages_carry_all_state_their_reason ... ok
2026-08-22T20:11:18.2606276Z test import::tests::shared_buffer_declaration_becomes_permitted_aliasing ... ok
2026-08-22T20:11:18.2611346Z test import::tests::undeclared_sampling_policy_is_not_invented ... ok
2026-08-22T20:11:18.2614352Z test import::tests::there_is_no_reverse_synthesizer ... ok
2026-08-22T20:11:18.2614876Z test import::tests::silence_about_sharing_stays_forbidden ... ok
2026-08-22T20:11:18.2615300Z test import::tests::unrecognized_keys_are_reported_without_a_reason ... ok
2026-08-22T20:11:18.2617444Z test tests::composite_compatibility_synthesis_is_rejected ... ok
2026-08-22T20:11:18.2661397Z test tests::derive_decoder_io_from_graph_dense_has_no_state_pairs ... ok
2026-08-22T20:11:18.2664184Z test tests::derive_model_io_spec_from_graph_dense_binds_kv_ports ... ok
2026-08-22T20:11:18.2664777Z 
2026-08-22T20:11:18.2668342Z test result: ok. 18 passed; 0 failed; 0 ignored; 0 measured; 0 filtered out; finished in 0.04s
2026-08-22T20:11:18.2669079Z 
2026-08-22T20:11:18.2692953Z [1m[92m     Running[0m unittests src\bin\import_genai_config.rs (target\debug\deps\import_genai_config-7bfae961535927c8.exe)
2026-08-22T20:11:18.2942528Z 
2026-08-22T20:11:18.2943074Z running 0 tests
2026-08-22T20:11:18.2943231Z 
2026-08-22T20:11:18.2945508Z test result: ok. 0 passed; 0 failed; 0 ignored; 0 measured; 0 filtered out; finished in 0.00s
2026-08-22T20:11:18.2945855Z 
2026-08-22T20:11:18.2965631Z [1m[92m     Running[0m unittests src\lib.rs (target\debug\deps\onnx_genai_kv-63af392e9eac25a3.exe)
2026-08-22T20:11:18.3260659Z 
2026-08-22T20:11:18.3260952Z running 144 tests
2026-08-22T20:11:18.3347363Z test connector::tests::chunk_hash_shared_prefix_still_collides ... ok
2026-08-22T20:11:18.3349111Z test connector::tests::chunk_hash_is_prefix_dependent ... ok
2026-08-22T20:11:18.3349630Z test connector::tests::chunk_tokens_cumulative_hash_is_stable_against_hardcoded_values ... ok
2026-08-22T20:11:18.3350129Z test connector::tests::chunk_tokens_empty_input_is_empty ... ok
2026-08-22T20:11:18.3351042Z test connector::tests::chunk_tokens_index_ordering_is_monotonic ... ok
2026-08-22T20:11:18.3352181Z test connector::tests::chunk_tokens_num_tokens_via_to_key ... ok
2026-08-22T20:11:18.3353760Z test connector::tests::chunk_tokens_splits_with_final_partial_chunk ... ok
2026-08-22T20:11:18.3355010Z test connector::tests::hash_tokens_different_tokens_differ ... ok
2026-08-22T20:11:18.3355476Z test connector::tests::hash_tokens_is_stable_against_hardcoded_values ... ok
2026-08-22T20:11:18.3357489Z test connector::tests::hash_tokens_same_tokens_same_hash ... ok
2026-08-22T20:11:18.3361671Z test connector::tests::kvcachekey_differing_fields_differ ... ok
2026-08-22T20:11:18.3377625Z test connector::tests::kv_payload_byte_size_and_well_formed ... ok
2026-08-22T20:11:18.3379683Z test connector::tests::null_connector_capabilities_as_specified ... ok
2026-08-22T20:11:18.3389306Z test connector::tests::kvcachekey_equal_keys_collide ... ok
2026-08-22T20:11:18.3510914Z test backing_store::tests::disk_store_round_trips_every_f32_bit_and_cleans_scratch_directory ... ok
2026-08-22T20:11:18.3512944Z test connector::tests::null_connector_is_object_safe ... ok
2026-08-22T20:11:18.3669069Z test connector::tests::null_connector_lookup_batch_all_not_found ... ok
2026-08-22T20:11:18.3669562Z test connector::tests::null_connector_health_is_healthy ... ok
2026-08-22T20:11:18.3670544Z test connector::tests::null_connector_fetch_errors_not_found ... ok
2026-08-22T20:11:18.3671070Z test connector::tests::chunk_tokens_zero_chunk_size_panics - should panic ... ok
2026-08-22T20:11:18.3673920Z test connector::tests::null_connector_pin_unpin_evict_are_ok ... ok
2026-08-22T20:11:18.3674366Z test connector::tests::null_connector_lookup_is_not_found ... ok
2026-08-22T20:11:18.3675776Z test connector::tests::null_connector_prefetch_is_noop ... ok
2026-08-22T20:11:18.3676698Z test connector::tests::null_connector_store_is_ok ... ok
2026-08-22T20:11:18.3677055Z test fp8::tests::e4m3fn_known_encodings ... ok
2026-08-22T20:11:18.3678280Z test fp8::tests::conversion_rounds_ties_to_even ... ok
2026-08-22T20:11:18.3679270Z test fp8::tests::e5m2_known_encodings ... ok
2026-08-22T20:11:18.3679711Z test fp8::tests::every_finite_encoding_round_trips_canonically ... ok
2026-08-22T20:11:18.3699335Z test local_tiered::tests::cpu_load_ms_scales_by_configured_rate ... ok
2026-08-22T20:11:18.3699814Z test local_tiered::tests::compression_none_and_fp8_round_trip ... ok
2026-08-22T20:11:18.3704039Z test local_tiered::tests::expired_entry_is_treated_as_miss_and_removed ... ok
2026-08-22T20:11:18.3709360Z test local_tiered::tests::fetch_expires_entry_lazily ... ok
2026-08-22T20:11:18.3710447Z test local_tiered::tests::eviction_drops_the_payload_so_fetch_is_not_found ... ok
2026-08-22T20:11:18.3713081Z test local_tiered::tests::capabilities_and_health_are_reported ... ok
2026-08-22T20:11:18.3716070Z test local_tiered::tests::identical_content_shares_the_same_pages_via_prefix_cache ... ok
2026-08-22T20:11:18.3717658Z test local_tiered::tests::fetch_promotes_cpu_resident_chunk_and_missing_errors ... ok
2026-08-22T20:11:18.3718228Z test local_tiered::tests::lookup_batch_resolves_all_keys ... ok
2026-08-22T20:11:18.3720928Z test local_tiered::tests::multi_layer_store_fetch_preserves_exact_per_layer_kv_ordering ... ok
2026-08-22T20:11:18.3722385Z test local_tiered::tests::none_ttl_never_expires ... ok
2026-08-22T20:11:18.3723362Z test local_tiered::tests::opportunistic_is_evicted_before_session_and_system_prompt ... ok
2026-08-22T20:11:18.3726155Z test local_tiered::tests::overflowing_hot_capacity_offloads_to_cpu_tier ... ok
2026-08-22T20:11:18.3728115Z test local_tiered::tests::pin_prevents_eviction_and_unpin_allows_it_and_evict_drops_mapping ... ok
2026-08-22T20:11:18.3730879Z test local_tiered::tests::prefetch_aborts_promotion_when_required_demotion_fails ... ok
2026-08-22T20:11:18.3733241Z test local_tiered::tests::prefetch_is_non_blocking_and_promotes_when_possible ... ok
2026-08-22T20:11:18.3733827Z test local_tiered::tests::store_rejects_malformed_payload ... ok
2026-08-22T20:11:18.3736684Z test local_tiered::tests::store_then_fetch_round_trips_the_exact_payload ... ok
2026-08-22T20:11:18.3737279Z test local_tiered::tests::store_then_lookup_reports_local_gpu_and_unknown_is_not_found ... ok
2026-08-22T20:11:18.3739292Z test local_tiered::tests::unsupported_compression_is_rejected ... ok
2026-08-22T20:11:18.3814754Z test page_table::migration_tests::device_only_store_has_no_implicit_host_view_or_materialization ... ok
2026-08-22T20:11:18.3815896Z test page_table::migration_tests::migration_copies_every_component_and_preserves_logical_metadata ... ok
2026-08-22T20:11:18.3817364Z test page_table::migration_tests::migration_failures_leave_source_unchanged_and_retry_succeeds ... ok
2026-08-22T20:11:18.3818751Z test page_table::page_stats_tests::a_full_hot_pool_evicts_rather_than_failing ... ok
2026-08-22T20:11:18.3821518Z test page_table::page_stats_tests::allocations_and_frees_are_counted ... ok
2026-08-22T20:11:18.3822513Z test page_table::page_stats_tests::an_exhausted_pool_records_the_failure ... ok
2026-08-22T20:11:18.3825041Z test page_table::pool_accounting_tests::a_bookkeeping_only_pool_occupies_no_memory ... ok
2026-08-22T20:11:18.3826990Z test page_table::pool_accounting_tests::planning_handles_layers_with_different_geometry ... ok
2026-08-22T20:11:18.3828106Z test page_table::pool_accounting_tests::pool_size_scales_linearly_with_page_count ... ok
2026-08-22T20:11:18.3831999Z test page_table::pool_accounting_tests::the_planned_pool_size_equals_what_the_pool_actually_allocates ... ok
2026-08-22T20:11:18.3950112Z test local_tiered::tests::poisoned_lock_yields_backend_error_not_panic ... ok
2026-08-22T20:11:18.3968606Z test page_table::pool_lease_tests::a_host_backed_pool_is_charged_to_the_host_tier ... ok
2026-08-22T20:11:18.3970453Z test page_table::pool_lease_tests::a_governed_pool_leases_exactly_what_it_allocates ... ok
2026-08-22T20:11:18.3971049Z test page_table::pool_lease_tests::a_cloned_pool_reports_no_lease ... ok
2026-08-22T20:11:18.3971605Z test page_table::pool_lease_tests::an_insufficient_budget_refuses_the_pool_instead_of_shrinking_it ... ok
2026-08-22T20:11:18.3972185Z test page_table::pool_lease_tests::a_tier_that_fits_one_pool_refuses_the_second ... ok
2026-08-22T20:11:18.3978950Z test page_table::pool_lease_tests::dropping_a_governed_pool_returns_its_bytes ... ok
2026-08-22T20:11:18.3979976Z test page_table::pool_lease_tests::full_budget_refuses_migration_before_target_allocation ... ok
2026-08-22T20:11:18.3980624Z test page_table::pool_lease_tests::transient_migration_lease_covers_success_and_failure_then_releases ... ok
2026-08-22T20:11:18.3981290Z test paged_cache::accounting_contract_tests::a_paged_store_does_not_claim_contiguity_it_cannot_provide ... ok
2026-08-22T20:11:18.3981923Z test paged_cache::accounting_contract_tests::removing_a_sequence_frees_its_resident_bytes ... ok
2026-08-22T20:11:18.3982933Z test paged_cache::accounting_contract_tests::sharing_makes_attributed_bytes_exceed_what_is_actually_resident ... ok
2026-08-22T20:11:18.3984978Z test paged_cache::materialize_to_tests::a_read_below_the_pinned_sink_prefix_says_why_it_cannot_be_answered ... ok
2026-08-22T20:11:18.3986787Z test paged_cache::materialize_to_tests::a_refused_read_does_not_disturb_the_sequence ... ok
2026-08-22T20:11:18.3989784Z test paged_cache::materialize_to_tests::materializing_a_whole_sequence_is_never_refused_by_the_new_bounds ... ok
2026-08-22T20:11:18.3992579Z test paged_cache::materialize_to_tests::materializing_beyond_the_sequence_is_refused ... ok
2026-08-22T20:11:18.3997188Z test paged_cache::materialize_to_tests::materializing_at_a_target_equals_rewinding_first_then_materializing ... ok
2026-08-22T20:11:18.4025203Z test local_tiered::tests::disk_offload_forced_spill_restores_interleaved_multi_page_payloads ... ok
2026-08-22T20:11:18.4108279Z test paged_cache::accounting_contract_tests::resident_bytes_never_exceed_the_pool ... ok
2026-08-22T20:11:18.4113835Z test paged_cache::tests::count_append_len_and_rewind_still_work ... ok
2026-08-22T20:11:18.4121194Z test paged_cache::tests::append_after_fork_copies_shared_partial_page ... ok
2026-08-22T20:11:18.4121709Z test paged_cache::tests::append_across_page_boundaries_materializes_in_order ... ok
2026-08-22T20:11:18.4122269Z test paged_cache::tests::cow_failure_keeps_lease_until_snapshots_drop_then_returns_to_baseline ... ok
2026-08-22T20:11:18.4122831Z test paged_cache::tests::cache_without_sliding_window_retains_full_sequence ... ok
2026-08-22T20:11:18.4123312Z test paged_cache::tests::cow_persistent_growth_is_absorbed_into_pool_lease ... ok
2026-08-22T20:11:18.4123839Z test paged_cache::tests::cow_pressure_refusal_happens_before_tracked_snapshot_clone ... ok
2026-08-22T20:11:18.4124364Z test paged_cache::tests::eviction_and_prefetch_cover_empty_and_invalid_ranges ... ok
2026-08-22T20:11:18.4126880Z test paged_cache::tests::failed_cow_growth_releases_persistent_preflight_after_page_drop ... ok
2026-08-22T20:11:18.4127582Z test paged_cache::tests::cow_lease_covers_both_snapshots_and_outlives_them_on_success ... ok
2026-08-22T20:11:18.4128570Z test paged_cache::tests::fp8_e4m3fn_round_trip_uses_per_component_head_scales ... ok
2026-08-22T20:11:18.4130635Z test paged_cache::tests::failed_cow_copy_rolls_back_allocation_without_capacity_loss ... ok
2026-08-22T20:11:18.4131273Z test paged_cache::tests::fp8_e5m2_round_trip_is_within_format_error_bound ... ok
2026-08-22T20:11:18.4131753Z test paged_cache::tests::full_budget_refuses_cow_snapshot_before_allocation ... ok
2026-08-22T20:11:18.4134270Z test paged_cache::tests::fp8_full_page_never_requantizes_previously_stored_tokens ... ok
2026-08-22T20:11:18.4135382Z test paged_cache::tests::full_budget_with_free_page_refuses_cow_before_snapshot_clone ... ok
2026-08-22T20:11:18.4135943Z test paged_cache::tests::head_token_row_borrows_pages_in_place_across_boundaries ... ok
2026-08-22T20:11:18.4136471Z test paged_cache::tests::head_token_row_rejects_out_of_range_and_quantized ... ok
2026-08-22T20:11:18.4138557Z test paged_cache::tests::heterogeneous_per_layer_geometry_round_trips_within_a_page ... ok
2026-08-22T20:11:18.4139243Z test paged_cache::tests::heterogeneous_per_layer_geometry_round_trips_across_page_boundaries ... ok
2026-08-22T20:11:18.4141256Z test paged_cache::tests::heterogeneous_write_rejects_wrong_per_layer_length ... ok
2026-08-22T20:11:18.4142438Z test paged_cache::tests::heterogeneous_quantized_per_layer_geometry_round_trips_within_tolerance ... ok
2026-08-22T20:11:18.4144011Z test paged_cache::tests::high_precision_layer_storage_bypasses_fp8_quantization ... ok
2026-08-22T20:11:18.4144558Z test paged_cache::tests::int8_full_page_error_is_bounded_and_stable ... ok
2026-08-22T20:11:18.4145594Z test paged_cache::tests::int8_quantize_dequantize_round_trip_is_within_tolerance ... ok
2026-08-22T20:11:18.4146838Z test paged_cache::tests::int8_quantized_append_materialize_across_pages ... ok
2026-08-22T20:11:18.4147735Z test paged_cache::tests::int8_rewrite_after_fork_is_copy_on_write ... ok
2026-08-22T20:11:18.4148523Z test paged_cache::tests::page_tensor_write_read_round_trip ... ok
2026-08-22T20:11:18.4149686Z test paged_cache::tests::preempt_and_restore_are_noops_for_empty_sequence ... ok
2026-08-22T20:11:18.4150653Z test paged_cache::tests::preempt_leaves_shared_prefix_pages_resident ... ok
2026-08-22T20:11:18.4151116Z test paged_cache::tests::preempt_unknown_sequence_errors ... ok
2026-08-22T20:11:18.4152867Z test paged_cache::tests::repeated_cow_growth_accumulates_exact_persistent_pool_bytes ... ok
2026-08-22T20:11:18.4153416Z test paged_cache::tests::preempt_then_restore_keeps_kv_bit_identical ... ok
2026-08-22T20:11:18.4153870Z test paged_cache::tests::rewind_truncates_pages_and_sequence_length ... ok
2026-08-22T20:11:18.4155428Z test paged_cache::tests::runtime_policy_rejects_per_channel_quantization_axis ... ok
2026-08-22T20:11:18.4156166Z test paged_cache::tests::runtime_precision_policy_honors_overrides_and_high_precision_layers ... ok
2026-08-22T20:11:18.4157476Z test paged_cache::tests::rewind_into_sink_discards_window_and_resets_gap_bookkeeping ... ok
2026-08-22T20:11:18.4158478Z test paged_cache::tests::sliding_window_evicts_leading_pages_and_preserves_absolute_positions ... ok
2026-08-22T20:11:18.4161507Z test paged_cache::tests::sliding_window_with_sinks_no_gap_when_window_covers_sequence ... ok
2026-08-22T20:11:18.4162631Z test paged_cache::tests::sliding_window_with_zero_window_is_rejected ... ok
2026-08-22T20:11:18.4163148Z test paged_cache::tests::sliding_window_with_sinks_pins_prefix_and_evicts_middle ... ok
2026-08-22T20:11:18.4164710Z test paged_cache::tests::tensor_write_rejects_unconfigured_invalid_shape_and_position ... ok
2026-08-22T20:11:18.4165410Z test paged_cache::tests::sliding_window_with_zero_sinks_matches_plain_window ... ok
2026-08-22T20:11:18.4167989Z test paged_cache::tests::tiered_lru_evicts_least_recently_accessed_hot_page ... ok
2026-08-22T20:11:18.4169224Z test paged_cache::tests::tiered_eviction_moves_lru_hot_page_to_cold_and_preserves_f32_data ... ok
2026-08-22T20:11:18.4170027Z test prefix_cache::eviction_stats_tests::reclaiming_a_cached_prefix_is_counted_as_an_eviction ... ok
2026-08-22T20:11:18.4170694Z test paged_cache::tests::tiered_prefetch_promotes_cold_page_and_evicts_another_lru_hot_page ... ok
2026-08-22T20:11:18.4171575Z test prefix_cache::tests::eviction_skips_active_refs_and_releases_lru_pages ... ok
2026-08-22T20:11:18.4173701Z test prefix_cache::tests::prefix_insert_lookup_partial_and_full_match ... ok
2026-08-22T20:11:18.4174911Z test prefix_cache::tests::lookup_shared_increments_and_release_decrements_page_refs ... ok
2026-08-22T20:11:18.4176606Z test prefix_cache::tests::snapshots_are_looked_up_at_the_longest_semantic_prefix ... ok
2026-08-22T20:11:18.4177293Z test prefix_cache::tests::release_and_eviction_are_safe_for_missing_or_active_entries ... ok
2026-08-22T20:11:18.4179049Z test telemetry::tests::applicability_starts_unknown_not_not_applicable ... ok
2026-08-22T20:11:18.4179608Z test telemetry::tests::applicable_reports_no_reason ... ok
2026-08-22T20:11:18.4180052Z test telemetry::tests::each_not_applicable_reason_has_distinct_wording_and_code ... ok
2026-08-22T20:11:18.4180536Z test telemetry::tests::gauges_saturate_instead_of_underflowing ... ok
2026-08-22T20:11:18.4182463Z test telemetry::tests::geometry_and_live_gauges_are_published ... ok
2026-08-22T20:11:18.4183512Z test telemetry::tests::not_applicable_carries_its_reason ... ok
2026-08-22T20:11:18.4185161Z test telemetry::tests::ref_count_transitions_drive_both_gauges ... ok
2026-08-22T20:11:18.4186166Z test tests::ensure_kv_capacity_does_not_invalidate_or_commit_after_prepare_failure ... ok
2026-08-22T20:11:18.4186820Z test tests::ensure_kv_capacity_orders_fallible_work_before_invalidation ... ok
2026-08-22T20:11:18.4187969Z test tests::injected_allocate_failure_is_actionable_transactional_and_retryable ... ok
2026-08-22T20:11:18.4188548Z test tests::injected_mid_sequence_failures_do_not_commit_or_invalidate_capture ... ok
2026-08-22T20:11:18.4190431Z test tests::kv_capacity_bucket_caps_at_hard_max ... ok
2026-08-22T20:11:18.4190840Z test tests::kv_capacity_bucket_rounds_to_power_of_two_min_256 ... ok
2026-08-22T20:11:18.4214310Z test tests::kv_capacity_bucket_is_monotonic_and_within_bounds ... ok
2026-08-22T20:11:19.6597028Z test prefix_cache::tests::interleaved_prefix_borrow_release_and_eviction_stress ... ok
2026-08-22T20:11:19.6597412Z 
2026-08-22T20:11:19.6602248Z test result: ok. 144 passed; 0 failed; 0 ignored; 0 measured; 0 filtered out; finished in 1.33s
2026-08-22T20:11:19.6602600Z 
2026-08-22T20:11:19.6633481Z [1m[92m     Running[0m tests\fork_cow.rs (target\debug\deps\fork_cow-8bd72c739ae7c025.exe)
2026-08-22T20:11:19.6892445Z 
2026-08-22T20:11:19.6892707Z running 2 tests
2026-08-22T20:11:19.6926165Z test forked_tensor_sequences_share_then_diverge_with_copy_on_write ... ok
2026-08-22T20:11:19.6927072Z test rewinding_one_sequence_does_not_disturb_a_fork_sharing_its_last_page ... ok
2026-08-22T20:11:19.6927682Z 
2026-08-22T20:11:19.6930736Z test result: ok. 2 passed; 0 failed; 0 ignored; 0 measured; 0 filtered out; finished in 0.00s
2026-08-22T20:11:19.6931081Z 
2026-08-22T20:11:19.6952098Z [1m[92m     Running[0m tests\send_probe.rs (target\debug\deps\send_probe-936c4b5600e4795b.exe)
2026-08-22T20:11:19.7193234Z 
2026-08-22T20:11:19.7193567Z running 2 tests
2026-08-22T20:11:19.7196080Z test page_table_is_send_and_sync ... ok
2026-08-22T20:11:19.7196396Z test paged_kv_cache_is_send_and_sync ... ok
2026-08-22T20:11:19.7196584Z 
2026-08-22T20:11:19.7196808Z test result: ok. 2 passed; 0 failed; 0 ignored; 0 measured; 0 filtered out; finished in 0.00s
2026-08-22T20:11:19.7197121Z 
2026-08-22T20:11:19.7217272Z [1m[92m     Running[0m tests\telemetry_gauges.rs (target\debug\deps\telemetry_gauges-41e44f240d3b4e9a.exe)
2026-08-22T20:11:19.7485976Z 
2026-08-22T20:11:19.7487331Z running 7 tests
2026-08-22T20:11:19.7499375Z test a_refused_allocation_is_published_as_a_failure ... ok
2026-08-22T20:11:19.7500056Z test counters_and_geometry_reach_the_snapshot ... ok
2026-08-22T20:11:19.7500976Z test attaching_to_a_warm_pool_seeds_from_its_real_state ... ok
2026-08-22T20:11:19.7501704Z test gauges_survive_interleaved_traffic ... ok
2026-08-22T20:11:19.7502731Z test gauges_track_allocate_retain_and_free ... ok
2026-08-22T20:11:19.7503109Z test over_capacity_pressure_publishes_evictions_not_failures ... ok
2026-08-22T20:11:19.7503488Z test two_pools_do_not_move_each_other_s_gauges ... ok
2026-08-22T20:11:19.7503695Z 
2026-08-22T20:11:19.7506779Z test result: ok. 7 passed; 0 failed; 0 ignored; 0 measured; 0 filtered out; finished in 0.00s
2026-08-22T20:11:19.7507105Z 
2026-08-22T20:11:19.7527757Z [1m[92m     Running[0m unittests src\lib.rs (target\debug\deps\onnx_genai_metadata-3d507387efad3937.exe)
2026-08-22T20:11:19.7690949Z 
2026-08-22T20:11:19.7691328Z running 29 tests
2026-08-22T20:11:19.7695795Z test component::tests::data_type_sizes ... ok
2026-08-22T20:11:19.7696690Z test component::tests::from_raw_rejects_byte_length_mismatch ... ok
2026-08-22T20:11:19.7697610Z test component::tests::from_raw_accepts_matching_byte_length ... ok
2026-08-22T20:11:19.7699144Z test component::tests::from_raw_rejects_dynamic_shape ... ok
2026-08-22T20:11:19.7699577Z test component::tests::io_rank_matches_shape_len ... ok
2026-08-22T20:11:19.7710724Z test identity::tests::identity_declares_its_scheme ... ok
2026-08-22T20:11:19.7711140Z test identity::tests::identity_changes_with_semantics ... ok
2026-08-22T20:11:19.7712139Z test identity::tests::identity_ignores_skippable_profiles ... ok
2026-08-22T20:11:19.7715307Z test identity::tests::identity_is_independent_of_yaml_or_json_encoding ... ok
2026-08-22T20:11:19.7716024Z test identity::tests::identity_tracks_required_profiles ... ok
2026-08-22T20:11:19.7716678Z test identity::tests::identity_is_stable_across_key_order_and_absent_optionals ... ok
2026-08-22T20:11:19.7725944Z test parser::tests::shared_kv_defaults_output_names ... ok
2026-08-22T20:11:19.7726779Z test parser::tests::legacy_gemma4_assistant_proposal_type_degrades_to_unknown ... ok
2026-08-22T20:11:19.7727731Z test parser::tests::a_directory_without_a_sidecar_has_no_metadata ... ok
2026-08-22T20:11:19.7730930Z test parser::tests::shared_kv_empty_binding_groups_degrade_to_unknown ... ok
2026-08-22T20:11:19.7732200Z test parser::tests::shared_kv_empty_target_layers_degrade_to_unknown ... ok
2026-08-22T20:11:19.7736370Z test parser::tests::shared_kv_missing_required_field_is_unknown ... ok
2026-08-22T20:11:19.7737660Z test parser::tests::a_sidecar_that_cannot_be_parsed_is_an_error_not_an_absence ... ok
2026-08-22T20:11:19.7739097Z test parser::tests::shared_kv_explicit_execution_contract_and_ports_are_preserved ... ok
2026-08-22T20:11:19.7739782Z test parser::tests::shared_kv_metadata_round_trips_into_supported_descriptor ... ok
2026-08-22T20:11:19.7742821Z test schema::model_io::kv_layout_tests::head_major_bnsh_strides_match_legacy_enum ... ok
2026-08-22T20:11:19.7743373Z test schema::model_io::kv_layout_tests::named_layout_deserializes_from_string_alias ... ok
2026-08-22T20:11:19.7745020Z test schema::model_io::kv_layout_tests::explicit_descriptor_round_trips ... ok
2026-08-22T20:11:19.7745722Z test schema::model_io::kv_layout_tests::reservation_view_has_no_wire_attribute ... ok
2026-08-22T20:11:19.7746438Z test schema::model_io::kv_layout_tests::seq_major_bsnh_strides_match_legacy_enum ... ok
2026-08-22T20:11:19.7749876Z test schema::tests::attention_config_defaults_sink_tokens_to_none ... ok
2026-08-22T20:11:19.7750489Z test schema::tests::attention_config_parses_sliding_window_and_sink_tokens ... ok
2026-08-22T20:11:19.7757233Z test schema::tests::optional_modality_schema_round_trips ... ok
2026-08-22T20:11:19.7773547Z test parser::tests::yaml_wins_over_the_other_spellings_of_the_same_sidecar ... ok
2026-08-22T20:11:19.7773867Z 
2026-08-22T20:11:19.7774358Z test result: ok. 29 passed; 0 failed; 0 ignored; 0 measured; 0 filtered out; finished in 0.01s
2026-08-22T20:11:19.7774736Z 
2026-08-22T20:11:19.7798981Z [1m[92m     Running[0m unittests src\bin\gen_schema.rs (target\debug\deps\gen_schema-1d020b170d475fa6.exe)
2026-08-22T20:11:19.7956365Z 
2026-08-22T20:11:19.7956719Z running 0 tests
2026-08-22T20:11:19.7956879Z 
2026-08-22T20:11:19.7957107Z test result: ok. 0 passed; 0 failed; 0 ignored; 0 measured; 0 filtered out; finished in 0.00s
2026-08-22T20:11:19.7957425Z 
2026-08-22T20:11:19.7976049Z [1m[92m     Running[0m unittests src\bin\validate_metadata.rs (target\debug\deps\validate_metadata-a2536c1987ef998e.exe)
2026-08-22T20:11:19.8147858Z 
2026-08-22T20:11:19.8148217Z running 0 tests
2026-08-22T20:11:19.8148374Z 
2026-08-22T20:11:19.8148608Z test result: ok. 0 passed; 0 failed; 0 ignored; 0 measured; 0 filtered out; finished in 0.00s
2026-08-22T20:11:19.8148956Z 
2026-08-22T20:11:19.8168200Z [1m[92m     Running[0m tests\adapter_artifact_compat.rs (target\debug\deps\adapter_artifact_compat-f5ff6ef97dc863af.exe)
2026-08-22T20:11:19.8336357Z 
2026-08-22T20:11:19.8336559Z running 1 test
2026-08-22T20:11:19.8418435Z test phase1_peft_and_phase2_ort_artifacts_load_through_one_manifest ... ok
2026-08-22T20:11:19.8418738Z 
2026-08-22T20:11:19.8418968Z test result: ok. 1 passed; 0 failed; 0 ignored; 0 measured; 0 filtered out; finished in 0.01s
2026-08-22T20:11:19.8419284Z 
2026-08-22T20:11:19.8443348Z [1m[92m     Running[0m tests\canonical_graph_abi.rs (target\debug\deps\canonical_graph_abi-0ca9db8cf35f25f1.exe)
2026-08-22T20:11:19.8608694Z 
2026-08-22T20:11:19.8608892Z running 7 tests
2026-08-22T20:11:19.8926382Z test a_legacy_bare_package_resolves_through_the_same_call_and_says_it_is_legacy ... ok
2026-08-22T20:11:19.9073313Z test a_bare_single_onnx_decoder_declares_its_abi_only_in_the_workflow ... ok
2026-08-22T20:11:19.9075801Z test a_split_cache_resolves_keys_before_values_within_a_layer ... ok
2026-08-22T20:11:19.9076615Z test a_composite_package_resolves_its_decoder_abi_through_the_same_call ... ok
2026-08-22T20:11:19.9205081Z test declared_port_roles_name_declared_ports ... ok
2026-08-22T20:11:19.9319681Z test the_bare_and_composite_packages_share_one_representation ... ok
2026-08-22T20:11:19.9325738Z test the_decoder_is_recognized_by_structure_not_by_component_name ... ok
2026-08-22T20:11:19.9326064Z 
2026-08-22T20:11:19.9326621Z test result: ok. 7 passed; 0 failed; 0 ignored; 0 measured; 0 filtered out; finished in 0.07s
2026-08-22T20:11:19.9327017Z 
2026-08-22T20:11:19.9351268Z [1m[92m     Running[0m tests\capability_catalogue.rs (target\debug\deps\capability_catalogue-a0add06fa21b8888.exe)
2026-08-22T20:11:19.9523349Z 
2026-08-22T20:11:19.9523590Z running 3 tests
2026-08-22T20:11:19.9531534Z test normative_document_catalogues_every_builtin_capability ... ok
2026-08-22T20:11:19.9545643Z test validation_cannot_bypass_the_builtin_capability_source ... ok
2026-08-22T20:11:20.8352484Z test canonical_metadata_uses_the_builtin_or_an_explicit_extension_vocabulary ... ok
2026-08-22T20:11:20.8352852Z 
2026-08-22T20:11:20.8353094Z test result: ok. 3 passed; 0 failed; 0 ignored; 0 measured; 0 filtered out; finished in 0.88s
2026-08-22T20:11:20.8353416Z 
2026-08-22T20:11:20.8380637Z [1m[92m     Running[0m tests\catalogue.rs (target\debug\deps\catalogue-208360ef87607fdd.exe)
2026-08-22T20:11:20.8558785Z 
2026-08-22T20:11:20.8559068Z running 1 test
2026-08-22T20:11:20.9279093Z test every_catalogue_example_parses_and_validates ... ok
2026-08-22T20:11:20.9279362Z 
2026-08-22T20:11:20.9279597Z test result: ok. 1 passed; 0 failed; 0 ignored; 0 measured; 0 filtered out; finished in 0.07s
2026-08-22T20:11:20.9279913Z 
2026-08-22T20:11:20.9308336Z [1m[92m     Running[0m tests\ctc_asr_profile.rs (target\debug\deps\ctc_asr_profile-9efa44a5f7e6aa91.exe)
2026-08-22T20:11:20.9478797Z 
2026-08-22T20:11:20.9479028Z running 15 tests
2026-08-22T20:11:20.9508433Z test blank_id_outside_inline_vocabulary_is_rejected ... ok
2026-08-22T20:11:20.9513898Z test ctc_decoding_without_blank_id_is_rejected ... ok
2026-08-22T20:11:20.9518079Z test audio_adapter_without_preprocessing_audio_metadata_is_rejected ... ok
2026-08-22T20:11:20.9519201Z test audio_output_not_produced_by_adapter_is_rejected ... ok
2026-08-22T20:11:20.9519559Z test ctc_asr_document_validates ... ok
2026-08-22T20:11:20.9520938Z test decoding_lengths_role_must_be_a_declared_profile_output ... ok
2026-08-22T20:11:20.9523732Z test decoding_time_axis_equal_to_class_axis_is_rejected ... ok
2026-08-22T20:11:20.9525759Z test inline_vocabulary_with_empty_tokens_is_rejected ... ok
2026-08-22T20:11:20.9526369Z test padding_sensitive_profile_without_lengths_binding_is_rejected ... ok
2026-08-22T20:11:20.9527054Z test ignored_token_absent_from_inline_tokens_is_rejected ... ok
2026-08-22T20:11:20.9530275Z test row_independent_profile_without_lengths_binding_is_accepted ... ok
2026-08-22T20:11:20.9531549Z test transcription_profile_without_decoding_is_rejected ... ok
2026-08-22T20:11:20.9532028Z test unknown_profile_kind_with_ignorable_requirement_still_validates ... ok
2026-08-22T20:11:20.9532499Z test vocabulary_size_disagreeing_with_tokens_length_is_rejected ... ok
2026-08-22T20:11:20.9535609Z test word_delimiter_absent_from_inline_tokens_is_rejected ... ok
2026-08-22T20:11:20.9535867Z 
2026-08-22T20:11:20.9536100Z test result: ok. 15 passed; 0 failed; 0 ignored; 0 measured; 0 filtered out; finished in 0.01s
2026-08-22T20:11:20.9536414Z 
2026-08-22T20:11:20.9560804Z [1m[92m     Running[0m tests\gemma4_e2b_workflow.rs (target\debug\deps\gemma4_e2b_workflow-6a9e2812b2465914.exe)
2026-08-22T20:11:20.9729973Z 
2026-08-22T20:11:20.9730233Z running 20 tests
2026-08-22T20:11:20.9870785Z test a_chained_proposal_needs_a_recurrent_or_folded_carry ... ok
2026-08-22T20:11:20.9871877Z test a_folded_carry_output_must_be_a_proposer_output ... ok
2026-08-22T20:11:20.9872428Z test a_folded_carry_requires_an_explicit_seed ... ok
2026-08-22T20:11:20.9872826Z test a_folded_carry_requires_a_target_hidden_context_binding ... ok
2026-08-22T20:11:20.9929760Z test a_folded_carry_requires_an_explicit_token_embedding ... ok
2026-08-22T20:11:20.9931607Z test a_folded_carry_seed_must_come_from_the_target ... ok
2026-08-22T20:11:20.9933866Z test a_folded_carry_target_hidden_context_must_equal_token_embedding_input ... ok
2026-08-22T20:11:20.9970122Z test a_recurrence_alias_must_be_read_write ... ok
2026-08-22T20:11:20.9991130Z test a_read_write_alias_still_requires_an_output ... ok
2026-08-22T20:11:20.9991658Z test a_folded_carry_seed_must_name_a_real_target_output ... ok
2026-08-22T20:11:21.0005223Z test a_recurrence_needs_a_proposer_state_service_alias ... ok
2026-08-22T20:11:21.0025948Z test a_recurrence_output_must_match_its_alias ... ok
2026-08-22T20:11:21.0046380Z test a_folded_carry_token_embedding_must_resolve_to_a_real_target_initializer ... ok
2026-08-22T20:11:21.0050847Z test a_target_hidden_context_must_be_a_proposer_input ... ok
2026-08-22T20:11:21.0063942Z test a_token_embedding_must_name_a_real_component ... ok
2026-08-22T20:11:21.0085368Z test assistant_is_cacheless_read_only_reader ... ok
2026-08-22T20:11:21.0099699Z test recurrent_chained_form_remains_valid ... ok
2026-08-22T20:11:21.0104493Z test assistant_speculative_contract_is_chained_pruned_and_rewindable ... ok
2026-08-22T20:11:21.0129333Z test target_owns_hybrid_dense_decoder ... ok
2026-08-22T20:11:21.0148694Z test both_packages_lower_to_an_executable_plan ... ok
2026-08-22T20:11:21.0149111Z 
2026-08-22T20:11:21.0149780Z test result: ok. 20 passed; 0 failed; 0 ignored; 0 measured; 0 filtered out; finished in 0.04s
2026-08-22T20:11:21.0150129Z 
2026-08-22T20:11:21.0176343Z [1m[92m     Running[0m tests\metadata_fixtures.rs (target\debug\deps\metadata_fixtures-2d1e58cc21743159.exe)
2026-08-22T20:11:21.0342565Z 
2026-08-22T20:11:21.0342775Z running 24 tests
2026-08-22T20:11:21.0426555Z test adapter_service_contract_is_valid_and_derives_capabilities ... ok
2026-08-22T20:11:21.0427357Z test adapter_service_rejects_incompatible_or_unsafe_artifacts ... ok
2026-08-22T20:11:21.0428739Z test adapter_wire_contract_rejects_ambiguous_selection_and_indices ... ok
2026-08-22T20:11:21.0433547Z test legacy_pipeline_control_fields_are_rejected ... ok
2026-08-22T20:11:21.0436524Z test advisory_state_may_be_session_scoped_but_is_not_semantic ... ok
2026-08-22T20:11:21.0439497Z test minimal_workflow_document_is_valid ... ok
2026-08-22T20:11:21.0442243Z test emit_valid_length_requires_integer_scalar_or_vector ... ok
2026-08-22T20:11:21.0449268Z test optional_input_presence_is_an_explicit_branch_predicate ... ok
2026-08-22T20:11:21.0450695Z test optional_tensor_must_only_be_read_in_its_presence_branch ... ok
2026-08-22T20:11:21.0452732Z test adapter_manifest_and_source_contracts_fail_loud ... ok
2026-08-22T20:11:21.0457379Z test optional_tensor_without_default_or_presence_is_rejected ... ok
2026-08-22T20:11:21.0458612Z test removed_legacy_kv_selection_surfaces_are_rejected ... ok
2026-08-22T20:11:21.0463299Z test nested_control_loops_preserve_the_request_aligned_emit ... ok
2026-08-22T20:11:21.0465643Z test removed_top_level_execution_surfaces_are_rejected ... ok
2026-08-22T20:11:21.0466113Z test request_presence_rejects_roles_with_implicit_defaults ... ok
2026-08-22T20:11:21.0469533Z test removed_row_identity_fields_are_rejected_fail_closed ... ok
2026-08-22T20:11:21.0471750Z test serialized_compiler_bookkeeping_is_rejected ... ok
2026-08-22T20:11:21.0486651Z test row_wise_emit_requires_a_request_aligned_batch_layout ... ok
2026-08-22T20:11:21.0491039Z test unsupported_capabilities_are_reported_apart_from_structural_defects ... ok
2026-08-22T20:11:21.0494228Z test retired_artifact_hash_fields_are_rejected_as_unknown ... ok
2026-08-22T20:11:21.0497350Z test versioned_adapter_contract_rejects_unknown_action ... ok
2026-08-22T20:11:21.0502929Z test state_service_declares_semantics_not_allocator_policy ... ok
2026-08-22T20:11:21.0515579Z test workflow_custom_op_admission_fields_are_rejected ... ok
2026-08-22T20:11:21.0757717Z test structurally_derived_capability_omissions_fail_closed ... ok
2026-08-22T20:11:21.0758442Z 
2026-08-22T20:11:21.0758694Z test result: ok. 24 passed; 0 failed; 0 ignored; 0 measured; 0 filtered out; finished in 0.04s
2026-08-22T20:11:21.0759018Z 
2026-08-22T20:11:21.0786375Z [1m[92m     Running[0m tests\read_only_state_abi.rs (target\debug\deps\read_only_state_abi-36371cc71aa05905.exe)
2026-08-22T20:11:21.0958388Z 
2026-08-22T20:11:21.0958633Z running 2 tests
2026-08-22T20:11:21.1103371Z test read_only_static_cache_aliases_are_dropped ... ok
2026-08-22T20:11:21.1174585Z test read_only_kv_aliases_create_no_decode_transitions ... ok
2026-08-22T20:11:21.1174844Z 
2026-08-22T20:11:21.1175080Z test result: ok. 2 passed; 0 failed; 0 ignored; 0 measured; 0 filtered out; finished in 0.02s
2026-08-22T20:11:21.1175396Z 
2026-08-22T20:11:21.1199723Z [1m[92m     Running[0m tests\recurrent_state.rs (target\debug\deps\recurrent_state-282a1012e91f325e.exe)
2026-08-22T20:11:21.1375429Z 
2026-08-22T20:11:21.1375668Z running 5 tests
2026-08-22T20:11:21.1396746Z test read_only_borrow_may_omit_its_output ... ok
2026-08-22T20:11:21.1397320Z test sequence_state_keeps_an_explicit_axis ... ok
2026-08-22T20:11:21.1397803Z test recurrent_replace_group_needs_no_sequence_axis ... ok
2026-08-22T20:11:21.1400562Z test state_alias_access_is_explicit_and_backward_compatible ... ok
2026-08-22T20:11:21.1415368Z test replace_state_rejects_a_sequence_axis ... ok
2026-08-22T20:11:21.1415766Z 
2026-08-22T20:11:21.1416190Z test result: ok. 5 passed; 0 failed; 0 ignored; 0 measured; 0 filtered out; finished in 0.00s
2026-08-22T20:11:21.1416509Z 
2026-08-22T20:11:21.1442530Z [1m[92m     Running[0m tests\redesign_invariants.rs (target\debug\deps\redesign_invariants-afae98817225240d.exe)
2026-08-22T20:11:21.1613991Z 
2026-08-22T20:11:21.1614230Z running 29 tests
2026-08-22T20:11:21.1680283Z test a_declarative_audio_program_is_expressible_in_a_workflow ... ok
2026-08-22T20:11:21.1681143Z test an_audio_output_that_no_invocation_produces_is_rejected ... ok
2026-08-22T20:11:21.1681601Z test an_audio_adapter_without_a_program_is_rejected ... ok
2026-08-22T20:11:21.1682374Z test an_audio_feature_tensor_must_stay_request_aligned ... ok
2026-08-22T20:11:21.1696462Z test an_audio_output_without_a_contract_is_rejected ... ok
2026-08-22T20:11:21.1711721Z test constraint_dialect_and_tokenizer_artifact_are_representable ... ok
2026-08-22T20:11:21.1718165Z test cache_dependencies_cannot_omit_lora_multimodal_or_profile_facts ... ok
2026-08-22T20:11:21.1721015Z test cache_dependencies_shrink_when_a_contributing_fact_is_removed ... ok
2026-08-22T20:11:21.1735503Z test generation_overrides_are_structural_and_fail_loud ... ok
2026-08-22T20:11:21.1742329Z test chained_proposer_requires_typed_ports_and_rollbackable_recurrence ... ok
2026-08-22T20:11:21.1746077Z test every_row_scoped_carrier_survives_batch_compaction ... ok
2026-08-22T20:11:21.1753825Z test graph_visible_state_representation_is_separate_from_runtime_storage ... ok
2026-08-22T20:11:21.1767212Z test image_outputs_require_an_explicit_value_range ... ok
2026-08-22T20:11:21.1773014Z test image_value_range_is_rejected_on_non_image_outputs ... ok
2026-08-22T20:11:21.1796234Z test past_present_alias_legality_survives_the_removal_of_storage_policy ... ok
2026-08-22T20:11:21.1820756Z test equivalence_class_gates_automatic_implementation_substitution ... ok
2026-08-22T20:11:21.1821780Z test row_scoped_native_components_declare_their_row_axis ... ok
2026-08-22T20:11:21.1824535Z test portable_checkpoints_are_distinct_from_private_state_transfer ... ok
2026-08-22T20:11:21.1832941Z test semantic_identity_tracks_meaning_not_formatting ... ok
2026-08-22T20:11:21.1833491Z test runtime_owned_state_cannot_be_exported_under_an_alias ... ok
2026-08-22T20:11:21.1845378Z test session_scope_and_release_boundaries_remain_normative ... ok
2026-08-22T20:11:21.1859414Z test speculative_rollback_bounds_must_cover_the_maximum_proposal_width ... ok
2026-08-22T20:11:21.1862441Z test runtime_owned_storage_policy_cannot_reenter_the_document ... ok
2026-08-22T20:11:21.1882145Z test speculative_rollback_reads_speculation_safety_not_the_retry_class ... ok
2026-08-22T20:11:21.1889234Z test unknown_optional_profiles_are_skippable_and_unknown_core_fields_are_not ... ok
2026-08-22T20:11:21.1894093Z test workflow_manifest_rejects_facts_owned_by_schema_and_onnx_artifacts ... ok
2026-08-22T20:11:21.1895582Z test the_speculative_region_covers_every_component_in_the_loop_body ... ok
2026-08-22T20:11:21.1910002Z test semantic_identity_ignores_how_a_number_was_spelled ... ok
2026-08-22T20:11:21.1923529Z test the_row_axis_is_derivable_without_any_serialized_row_identity ... ok
2026-08-22T20:11:21.1924046Z 
2026-08-22T20:11:21.1924617Z test result: ok. 29 passed; 0 failed; 0 ignored; 0 measured; 0 filtered out; finished in 0.03s
2026-08-22T20:11:21.1924955Z 
2026-08-22T20:11:21.1954816Z [1m[92m     Running[0m tests\schema_sync.rs (target\debug\deps\schema_sync-eb3317d6e764da21.exe)
2026-08-22T20:11:21.2122681Z 
2026-08-22T20:11:21.2122886Z running 2 tests
2026-08-22T20:11:21.2499748Z test committed_inference_metadata_schema_is_current ... ok
2026-08-22T20:11:21.2696190Z test generated_schema_preserves_all_root_constraints ... ok
2026-08-22T20:11:21.2696589Z 
2026-08-22T20:11:21.2696978Z test result: ok. 2 passed; 0 failed; 0 ignored; 0 measured; 0 filtered out; finished in 0.06s
2026-08-22T20:11:21.2697636Z 
2026-08-22T20:11:21.2725937Z [1m[92m     Running[0m tests\state_port_access.rs (target\debug\deps\state_port_access-bdf36731aec09178.exe)
2026-08-22T20:11:21.2892184Z 
2026-08-22T20:11:21.2892458Z running 1 test
2026-08-22T20:11:21.2898763Z test state_port_access_defaults_to_read_write_and_parses_read_only ... ok
2026-08-22T20:11:21.2899337Z 
2026-08-22T20:11:21.2899616Z test result: ok. 1 passed; 0 failed; 0 ignored; 0 measured; 0 filtered out; finished in 0.00s
2026-08-22T20:11:21.2899946Z 
2026-08-22T20:11:21.2921294Z [1m[92m     Running[0m tests\static_cache_and_fp8_state.rs (target\debug\deps\static_cache_and_fp8_state-b64a9abaa8894af4.exe)
2026-08-22T20:11:21.3093826Z 
2026-08-22T20:11:21.3094052Z running 22 tests
2026-08-22T20:11:21.3197011Z test a_cache_abi_missing_its_length_port_is_refused ... ok
2026-08-22T20:11:21.3235534Z test fp8_state_group_validates ... ok
2026-08-22T20:11:21.3241790Z test indexed_scatter_group_validates ... ok
2026-08-22T20:11:21.3279252Z test indexed_scatter_rejects_a_varying_buffer ... ok
2026-08-22T20:11:21.3285102Z test indexed_scatter_requires_a_declared_write_cursor ... ok
2026-08-22T20:11:21.3321673Z test indexed_scatter_requires_a_destination_port_for_every_bound_component ... ok
2026-08-22T20:11:21.3328231Z test indexed_scatter_requires_logical_lengths ... ok
2026-08-22T20:11:21.3359320Z test indexed_scatter_group_round_trips ... ok
2026-08-22T20:11:21.3385032Z test matching_layers_allow_heterogeneous_key_and_value_geometry ... ok
2026-08-22T20:11:21.3412592Z test model_io_beside_a_workflow_is_refused ... ok
2026-08-22T20:11:21.3427582Z test per_layer_cache_order_follows_the_declared_layer_index ... ok
2026-08-22T20:11:21.3460178Z test several_ports_of_one_role_must_declare_their_layers ... ok
2026-08-22T20:11:21.3464900Z test loading_a_package_rejects_a_second_serialized_abi ... ok
2026-08-22T20:11:21.3475355Z test split_attention_cache_rejects_different_key_and_value_counts ... ok
2026-08-22T20:11:21.3505031Z test split_attention_cache_rejects_mismatched_layer_sets ... ok
2026-08-22T20:11:21.3511905Z test the_canonical_static_cache_package_needs_no_model_io ... ok
2026-08-22T20:11:21.3534534Z test the_canonical_static_cache_package_validates_on_disk ... ok
2026-08-22T20:11:21.3546680Z test the_decode_abi_is_recognized_from_the_workflow_alone ... ok
2026-08-22T20:11:21.3553622Z test the_recognized_abi_equals_the_block_it_replaced ... ok
2026-08-22T20:11:21.3574478Z test the_write_cursor_and_the_valid_length_may_be_one_cell ... ok
2026-08-22T20:11:21.3591570Z test two_ports_may_not_claim_the_same_layer ... ok
2026-08-22T20:11:21.3595053Z test fp8_state_group_round_trips_without_widening ... ok
2026-08-22T20:11:21.3595709Z 
2026-08-22T20:11:21.3595948Z test result: ok. 22 passed; 0 failed; 0 ignored; 0 measured; 0 filtered out; finished in 0.05s
2026-08-22T20:11:21.3596276Z 
2026-08-22T20:11:21.3624696Z [1m[92m     Running[0m tests\textproto_fixtures.rs (target\debug\deps\textproto_fixtures-21cfbdd2a6b2f17a.exe)
2026-08-22T20:11:21.3795202Z 
2026-08-22T20:11:21.3795409Z running 1 test
2026-08-22T20:11:21.4927189Z test checked_in_graph_fixtures_are_not_binary_onnx ... ok
2026-08-22T20:11:21.4927469Z 
2026-08-22T20:11:21.4927699Z test result: ok. 1 passed; 0 failed; 0 ignored; 0 measured; 0 filtered out; finished in 0.11s
2026-08-22T20:11:21.4928354Z 
2026-08-22T20:11:21.4950654Z [1m[92m     Running[0m tests\validator_cli.rs (target\debug\deps\validator_cli-286890bc6593ea1d.exe)
2026-08-22T20:11:21.5118418Z 
2026-08-22T20:11:21.5118691Z running 2 tests
2026-08-22T20:11:21.5338235Z test validator_cli_accepts_checked_in_conformance_package ... ok
2026-08-22T20:11:21.5374969Z test validator_cli_fails_closed ... ok
2026-08-22T20:11:21.5375206Z 
2026-08-22T20:11:21.5375434Z test result: ok. 2 passed; 0 failed; 0 ignored; 0 measured; 0 filtered out; finished in 0.03s
2026-08-22T20:11:21.5375755Z 
2026-08-22T20:11:21.5397064Z [1m[92m     Running[0m unittests src\lib.rs (target\debug\deps\onnx_genai_preprocess-4279906bfd8a6596.exe)
2026-08-22T20:11:21.5849000Z 
2026-08-22T20:11:21.5849335Z running 72 tests
2026-08-22T20:11:21.7485589Z test audio::audio_program_tests::a_program_without_decode_is_rejected ... ok
2026-08-22T20:11:21.7495423Z test audio::audio_program_tests::an_output_with_no_producing_transform_is_rejected ... ok
2026-08-22T20:11:21.7501641Z test audio::audio_program_tests::an_unsupported_hop_length_is_rejected ... ok
2026-08-22T20:11:21.7508673Z test audio::audio_program_tests::an_unsupported_mel_scale_is_rejected ... ok
2026-08-22T20:11:21.7566740Z test audio::audio_program_tests::an_empty_batch_is_rejected ... ok
2026-08-22T20:11:21.7811290Z test audio::audio_program_tests::batching_without_a_declared_window_is_rejected ... ok
2026-08-22T20:11:21.7826544Z test audio::segmenter_tests::a_stream_is_cut_at_the_model_window ... ok
2026-08-22T20:11:21.7840393Z test audio::segmenter_tests::a_sub_minimum_burst_is_dropped_at_its_silence_boundary ... ok
2026-08-22T20:11:21.7843408Z test audio::segmenter_tests::a_zero_length_window_is_rejected ... ok
2026-08-22T20:11:21.7850144Z test audio::segmenter_tests::pushing_in_arbitrary_chunks_gives_the_same_result ... ok
2026-08-22T20:11:21.7855599Z test audio::segmenter_tests::segments_report_their_position_in_the_stream ... ok
2026-08-22T20:11:21.7859138Z test audio::segmenter_tests::segments_shorter_than_the_minimum_are_held_back ... ok
2026-08-22T20:11:21.7864076Z test audio::segmenter_tests::silence_cuts_a_segment_early_and_is_not_transcribed ... ok
2026-08-22T20:11:21.7874254Z test audio::segmenter_tests::unbroken_silence_is_discarded_rather_than_buffered ... ok
2026-08-22T20:11:21.8104631Z test audio::audio_program_tests::a_short_clip_is_padded_to_the_declared_window ... ok
2026-08-22T20:11:21.8111616Z test audio::tests::resampling_changes_rate_and_preserves_finite_values ... ok
2026-08-22T20:11:21.8218316Z test audio::audio_program_tests::a_long_clip_is_trimmed_to_the_declared_window ... ok
2026-08-22T20:11:21.8226393Z test audio::tests::slaney_mel_filterbank_matches_reference_spots ... ok
2026-08-22T20:11:21.8229987Z test audio::tests::wav_pcm16_decodes_and_mixes_to_mono ... ok
2026-08-22T20:11:21.8253706Z test image::packed::tests::allocation_products_reject_arithmetic_overflow ... ok
2026-08-22T20:11:21.8257063Z test image::packed::tests::allocation_products_reject_the_explicit_element_limit ... ok
2026-08-22T20:11:21.8260529Z test image::packed::tests::output_bundle_rejects_an_aggregate_above_the_element_limit ... ok
2026-08-22T20:11:21.8263888Z test image::packed::tests::temporal_patches_repeat_the_complete_spatial_tile ... ok
2026-08-22T20:11:21.8266964Z test image::program::tests::a_patch_grid_sizes_its_image_token_run ... ok
2026-08-22T20:11:21.8275406Z test image::program::tests::a_patch_grid_that_does_not_divide_by_the_merge_edge_is_refused ... ok
2026-08-22T20:11:21.8283076Z test image::program::tests::a_tiled_image_reports_no_derivable_token_count ... ok
2026-08-22T20:11:21.8290359Z test image::program::tests::an_unmerged_patch_grid_keeps_every_patch_as_a_token ... ok
2026-08-22T20:11:21.8303736Z test image::program::tests::bicubic_shortest_edge_resize_center_crops_to_target_dimensions ... ok
2026-08-22T20:11:21.8654606Z test audio::tests::sine_wave_produces_finite_whisper_features ... ok
2026-08-22T20:11:21.8658950Z test image::program::tests::clip_mean_std_normalization_matches_known_pixel ... ok
2026-08-22T20:11:21.9701481Z test audio::audio_program_tests::batched_rows_match_their_standalone_runs ... ok
2026-08-22T20:11:21.9705199Z test image::program::tests::dynamic_anyres_selects_expected_representative_grids ... ok
2026-08-22T20:11:22.5045171Z test image::program::tests::dynamic_anyres_respects_max_tiles_and_adds_thumbnail ... ok
2026-08-22T20:11:22.7187655Z test image::program::tests::checked_in_wp0_named_program_executes_without_identity_dispatch ... ok
2026-08-22T20:11:22.7191316Z test image::program::tests::expands_single_image_local_tiles_in_row_major_order ... ok
2026-08-22T20:11:22.7194504Z test image::program::tests::expands_single_untiled_image_placeholder ... ok
2026-08-22T20:11:22.7197777Z test image::program::tests::expands_tiles_with_appended_global_thumbnail ... ok
2026-08-22T20:11:22.7201951Z test image::program::tests::fixed_grid_produces_grid_tiles_and_global_thumbnail ... ok
2026-08-22T20:11:22.7209681Z test image::program::tests::gemma4_shaped_padded_patches_and_sentinel_coordinates_match_fixture ... ok
2026-08-22T20:11:22.9939044Z test image::program::tests::dynamic_pixel_output_keeps_source_image_dimensions_unbound ... ok
2026-08-22T20:11:22.9942937Z test image::program::tests::inserts_column_and_row_separators_between_local_tiles ... ok
2026-08-22T20:11:22.9947472Z test image::program::tests::legacy_zero_to_one_is_bit_exact_for_every_u8 ... ok
2026-08-22T20:11:22.9951085Z test image::program::tests::matches_multiple_placeholders_to_images_in_prompt_order ... ok
2026-08-22T20:11:23.0775043Z test image::program::tests::metadata_selects_dynamic_anyres_tiling ... ok
2026-08-22T20:11:23.0779695Z test image::program::tests::metadata_selects_fixed_grid_tiling ... ok
2026-08-22T20:11:23.0790098Z test image::program::tests::metadata_selects_target_resize_and_normalization ... ok
2026-08-22T20:11:23.0793357Z test image::program::tests::mismatched_thumbnail_position_config_vs_tiling_is_rejected ... ok
2026-08-22T20:11:23.0796498Z test image::program::tests::missing_metadata_uses_bicubic_center_crop_and_zero_to_one ... ok
2026-08-22T20:11:23.0801314Z test image::program::tests::named_operation_descriptors_reject_unknown_output_source ... ok
2026-08-22T20:11:23.0812967Z test image::program::tests::named_operation_descriptors_select_declared_output_sources ... ok
2026-08-22T20:11:23.0819204Z test image::program::tests::named_rescale_branches_execute_independently ... ok
2026-08-22T20:11:23.0824605Z test image::program::tests::named_structural_branches_are_rejected_instead_of_misexecuted ... ok
2026-08-22T20:11:23.0828202Z test image::program::tests::none_tiling_preserves_one_output_per_image ... ok
2026-08-22T20:11:23.0835863Z test image::program::tests::patchify_patch_order_is_independent_of_merge_size ... ok
2026-08-22T20:11:23.0840710Z test image::program::tests::patchify_rejects_an_unknown_patch_order ... ok
2026-08-22T20:11:23.0845938Z test image::program::tests::patchify_rejects_an_unknown_temporal_order ... ok
2026-08-22T20:11:23.0861244Z test image::program::tests::patchify_temporal_order_selects_the_frame_or_channel_nesting ... ok
2026-08-22T20:11:23.0869538Z test image::program::tests::phi_shaped_outputs_include_original_sizes_and_patch_validity ... ok
2026-08-22T20:11:23.0872693Z test image::program::tests::pixel_area_rounding_matches_python_ties_to_even ... ok
2026-08-22T20:11:23.0876298Z test image::program::tests::prepend_thumbnail_token_order_matches_tensor_tile_order ... ok
2026-08-22T20:11:23.4209170Z test image::program::tests::qwen_area_resize_and_temporal_patch_packing_are_executable ... ok
2026-08-22T20:11:23.4216731Z test image::program::tests::qwen_shaped_concatenated_patches_emit_per_image_grid ... ok
2026-08-22T20:11:23.4220272Z test image::program::tests::rank4_nchw_values_remain_unchanged_in_bundle ... ok
2026-08-22T20:11:23.4223588Z test image::program::tests::rejects_degenerate_source_images_before_resize ... ok
2026-08-22T20:11:23.4232735Z test image::program::tests::rejects_inconsistent_token_expansion_inputs ... ok
2026-08-22T20:11:23.4242764Z test image::program::tests::rejects_metadata_dimensions_above_the_pixel_limit ... ok
2026-08-22T20:11:23.4246957Z test image::program::tests::rejects_oversized_center_crop_intermediates_before_allocation ... ok
2026-08-22T20:11:23.4250897Z test image::program::tests::tiling_summary_reports_prepend_thumbnail_position_matching_tensor_layout ... ok
2026-08-22T20:11:23.4254619Z test image::program::tests::token_expansion_from_real_tensor_summary_matches_tile_layout ... ok
2026-08-22T20:11:23.5005860Z test image::program::tests::dynamic_hd_emits_transformed_size_and_patch_validity_masks ... ok
2026-08-22T20:11:23.7557931Z test image::program::tests::gemma_patch_budget_resize_pads_to_declared_2520_patches ... ok
2026-08-22T20:11:23.8665090Z test audio::tests::padded_large_v3_features_have_fixed_shape ... ok
2026-08-22T20:11:23.8665399Z 
2026-08-22T20:11:23.8665633Z test result: ok. 72 passed; 0 failed; 0 ignored; 0 measured; 0 filtered out; finished in 2.28s
2026-08-22T20:11:23.8665954Z 
2026-08-22T20:11:23.8696049Z [1m[92m     Running[0m unittests src\lib.rs (target\debug\deps\onnx_genai_router-2b88950ac2aa11f5.exe)
2026-08-22T20:11:23.9012726Z 
2026-08-22T20:11:23.9012917Z running 79 tests
2026-08-22T20:11:23.9448819Z test api::tests::drain_marks_node_and_reroutes_new_sessions ... ok
2026-08-22T20:11:23.9449577Z test api::tests::rebalance_returns_migrated_count ... ok
2026-08-22T20:11:23.9449925Z test api::tests::metrics_returns_200_prometheus_text ... ok
2026-08-22T20:11:23.9450257Z test api::tests::drain_unknown_node_returns_404 ... ok
2026-08-22T20:11:23.9455830Z test api::tests::sessions_reflects_affinity_table ... ok
2026-08-22T20:11:23.9466505Z test api::tests::status_returns_200_with_node_shape ... ok
2026-08-22T20:11:23.9495366Z test config::tests::applies_defaults_for_omitted_sections ... ok
2026-08-22T20:11:23.9495765Z test config::tests::rejects_duplicate_node_names ... ok
2026-08-22T20:11:23.9498185Z test config::tests::rejects_empty_nodes ... ok
2026-08-22T20:11:23.9499713Z test config::tests::parses_valid_config ... ok
2026-08-22T20:11:23.9500739Z test config::tests::rejects_out_of_range_threshold ... ok
2026-08-22T20:11:23.9502868Z test config::tests::rejects_persist_without_path ... ok
2026-08-22T20:11:23.9503243Z test config::tests::parses_weighted_policy ... ok
2026-08-22T20:11:23.9504433Z test metrics::tests::decision_labels_match_design ... ok
2026-08-22T20:11:23.9505138Z test config::tests::rejects_zero_unhealthy_after_misses ... ok
2026-08-22T20:11:23.9506564Z test metrics::tests::derives_migration_counts_from_session_map ... ok
2026-08-22T20:11:23.9507305Z test metrics::tests::encodes_expected_metric_families ... ok
2026-08-22T20:11:23.9509359Z test node::tests::apply_status_refreshes_and_clears_misses ... ok
2026-08-22T20:11:23.9509781Z test metrics::tests::label_values_are_escaped ... ok
2026-08-22T20:11:23.9510669Z test node::tests::record_miss_marks_unhealthy_after_n ... ok
2026-08-22T20:11:23.9512110Z test node::tests::record_miss_reports_flip_only_once ... ok
2026-08-22T20:11:23.9515111Z test node::tests::deserializes_minimal_status_with_defaults ... ok
2026-08-22T20:11:23.9515972Z test node::tests::deserializes_full_status_contract ... ok
2026-08-22T20:11:23.9516903Z test node_poller::tests::a_complete_body_still_parses ... ok
2026-08-22T20:11:23.9519248Z test node_poller::tests::a_null_load_bearing_field_is_also_missing ... ok
2026-08-22T20:11:23.9520257Z test node_poller::tests::a_status_missing_only_observability_fields_is_still_accepted ... ok
2026-08-22T20:11:23.9520845Z test node_poller::tests::a_body_omitting_kv_usage_is_refused_by_the_parser ... ok
2026-08-22T20:11:23.9521314Z test node_poller::tests::an_explicit_zero_is_a_measurement_not_a_miss ... ok
2026-08-22T20:11:23.9524486Z test node_poller::tests::an_omitted_load_bearing_field_is_not_a_zero_reading ... ok
2026-08-22T20:11:23.9526267Z test node_poller::tests::poll_once_applies_status ... ok
2026-08-22T20:11:23.9526717Z test node_poller::tests::repeated_misses_mark_node_unhealthy ... ok
2026-08-22T20:11:23.9529191Z test node_poller::tests::poll_once_fans_out_concurrently ... ok
2026-08-22T20:11:23.9529765Z test prefix_map::tests::assign_and_get_roundtrip ... ok
2026-08-22T20:11:23.9530429Z test node_poller::tests::successful_poll_recovers_after_misses ... ok
2026-08-22T20:11:23.9532172Z test node_poller::tests::unrecognized_id_response_records_miss ... ok
2026-08-22T20:11:23.9532899Z test prefix_map::tests::different_prompts_hash_differently ... ok
2026-08-22T20:11:23.9533362Z test prefix_map::tests::forget_node_drops_its_prefixes ... ok
2026-08-22T20:11:23.9534444Z test prefix_map::tests::hash_is_stable_and_deterministic ... ok
2026-08-22T20:11:23.9535738Z test proxy::tests::content_length_parses_valid_header ... ok
2026-08-22T20:11:23.9536153Z test proxy::tests::empty_session_id_is_ignored ... ok
2026-08-22T20:11:23.9536502Z test proxy::tests::extracts_session_id_from_session_field ... ok
2026-08-22T20:11:23.9540630Z test proxy::tests::extracts_session_id_from_session_id_field ... ok
2026-08-22T20:11:23.9541347Z test proxy::tests::hashes_prompt_field_for_completions ... ok
2026-08-22T20:11:23.9541802Z test proxy::tests::hashes_first_message_when_no_system_role ... ok
2026-08-22T20:11:23.9542857Z test proxy::tests::flattens_array_content_parts ... ok
2026-08-22T20:11:23.9543300Z test proxy::tests::hashes_system_message_from_chat_body ... ok
2026-08-22T20:11:23.9543665Z test proxy::tests::hop_by_hop_headers_are_recognized ... ok
2026-08-22T20:11:23.9546027Z test proxy::tests::non_json_body_yields_empty_route_request ... ok
2026-08-22T20:11:23.9547080Z test proxy::tests::oversize_content_length_exceeds_cap ... ok
2026-08-22T20:11:23.9547718Z test router::tests::affinity_breaks_when_node_overloaded ... ok
2026-08-22T20:11:23.9549156Z test proxy::tests::oversize_session_response_streams_through_without_capturing ... ok
2026-08-22T20:11:23.9549667Z test router::tests::affinity_breaks_when_node_unhealthy ... ok
2026-08-22T20:11:23.9550029Z test router::tests::affinity_hit_returns_pinned_node ... ok
2026-08-22T20:11:23.9551009Z test router::tests::draining_all_nodes_yields_no_route_for_new_session ... ok
2026-08-22T20:11:23.9553202Z test router::tests::draining_node_excluded_from_new_sessions_but_keeps_affinity ... ok
2026-08-22T20:11:23.9553755Z test router::tests::least_kv_usage_policy_ignores_queue ... ok
2026-08-22T20:11:23.9554495Z test router::tests::from_config_builds_nodes_and_thresholds ... ok
2026-08-22T20:11:23.9555196Z test router::tests::least_loaded_default_scoring_prefers_lower_kv_and_queue ... ok
2026-08-22T20:11:23.9562433Z test router::tests::no_healthy_nodes_returns_none ... ok
2026-08-22T20:11:23.9562831Z test router::tests::prefix_colocation_routes_to_shared_node ... ok
2026-08-22T20:11:23.9564090Z test router::tests::prefix_skipped_when_target_overloaded ... ok
2026-08-22T20:11:23.9564613Z test router::tests::rebalance_migrates_when_below_threshold_target_exists ... ok
2026-08-22T20:11:23.9565627Z test router::tests::rebalance_moves_sessions_off_draining_node ... ok
2026-08-22T20:11:23.9566338Z test router::tests::rebalance_noop_when_nodes_healthy_and_unloaded ... ok
2026-08-22T20:11:23.9567440Z test router::tests::rebalance_skips_when_all_targets_overloaded ... ok
2026-08-22T20:11:23.9569315Z test router::tests::record_node_miss_demotes_after_threshold ... ok
2026-08-22T20:11:23.9570128Z test router::tests::set_draining_unknown_node_is_false ... ok
2026-08-22T20:11:23.9570670Z test router::tests::update_node_applies_status_by_id ... ok
2026-08-22T20:11:23.9571515Z test router::tests::weighted_affinity_bonus_changes_decision ... ok
2026-08-22T20:11:23.9571968Z test router::tests::weighted_affinity_bonus_skipped_for_overloaded_node ... ok
2026-08-22T20:11:23.9572434Z test router::tests::weighted_affinity_bonus_skipped_for_unhealthy_node ... ok
2026-08-22T20:11:23.9573605Z test router::tests::weighted_policy_scoring_selects_expected_node ... ok
2026-08-22T20:11:23.9573973Z test session_map::tests::assign_and_get ... ok
2026-08-22T20:11:23.9574305Z test session_map::tests::migrate_new_session_does_not_record ... ok
2026-08-22T20:11:23.9574700Z test session_map::tests::json_roundtrip_preserves_affinity ... ok
2026-08-22T20:11:23.9575077Z test session_map::tests::migrate_to_same_node_is_noop ... ok
2026-08-22T20:11:23.9575599Z test session_map::tests::migrate_records_event_on_node_change ... ok
2026-08-22T20:11:23.9576008Z test session_map::tests::migration_reason_serializes_snake_case ... ok
2026-08-22T20:11:23.9583059Z test session_map::tests::file_persist_roundtrip ... ok
2026-08-22T20:11:23.9583277Z 
2026-08-22T20:11:23.9587374Z test result: ok. 79 passed; 0 failed; 0 ignored; 0 measured; 0 filtered out; finished in 0.06s
2026-08-22T20:11:23.9587714Z 
2026-08-22T20:11:23.9614769Z [1m[92m     Running[0m unittests src\main.rs (target\debug\deps\onnx_genai_router-b273c4020b7c277b.exe)
2026-08-22T20:11:23.9862993Z 
2026-08-22T20:11:23.9891609Z [1m[92m     Running[0m tests\proxy_integration.rs (target\debug\deps\proxy_integration-81005fc6390e143a.exe)
2026-08-22T20:11:23.9901537Z running 0 tests
2026-08-22T20:11:23.9901684Z 
2026-08-22T20:11:23.9902223Z test result: ok. 0 passed; 0 failed; 0 ignored; 0 measured; 0 filtered out; finished in 0.00s
2026-08-22T20:11:23.9902624Z 
2026-08-22T20:11:24.0180650Z 
2026-08-22T20:11:24.0180947Z running 4 tests
2026-08-22T20:11:24.0613106Z test returns_503_when_no_healthy_nodes ... ok
2026-08-22T20:11:24.0672861Z test records_affinity_on_create_session ... ok
2026-08-22T20:11:24.0673188Z test proxies_chat_request_and_forwards_body ... ok
2026-08-22T20:11:24.0677922Z test streams_sse_response_through_proxy ... ok
2026-08-22T20:11:24.0678154Z 
2026-08-22T20:11:24.0678384Z test result: ok. 4 passed; 0 failed; 0 ignored; 0 measured; 0 filtered out; finished in 0.05s
2026-08-22T20:11:24.0678705Z 
2026-08-22T20:11:24.0707371Z [1m[92m     Running[0m unittests src\lib.rs (target\debug\deps\onnx_genai_runtime_config-959549de77d90583.exe)
2026-08-22T20:11:24.0887739Z 
2026-08-22T20:11:24.0887942Z running 19 tests
2026-08-22T20:11:24.0894125Z test freeze_guard::tests::clearing_a_variable_that_was_set_when_frozen_trips ... ok
2026-08-22T20:11:24.0895316Z test freeze_guard::tests::newly_set_variable_that_was_unset_when_frozen_trips ... ok
2026-08-22T20:11:24.0896241Z test freeze_guard::tests::unchanged_environment_does_not_trip ... ok
2026-08-22T20:11:24.0897178Z test freeze_guard::tests::a_changed_value_trips_with_both_readings ... ok
2026-08-22T20:11:24.0897623Z test tests::cuda_attention_mode_preserves_invalid_value ... ok
2026-08-22T20:11:24.0899748Z test tests::cuda_attention_mode_parses_valid_values ... ok
2026-08-22T20:11:24.0900519Z test tests::every_flag_has_its_existing_default ... ok
2026-08-22T20:11:24.0901065Z test tests::execution_provider_list_parses_ordered_priority_entries ... ok
2026-08-22T20:11:24.0901601Z test tests::execution_provider_list_parses_inline_plugins_with_attributes ... ok
2026-08-22T20:11:24.0904288Z test tests::execution_provider_list_skips_empty_tokens_but_keeps_bare_empty_as_cpu ... ok
2026-08-22T20:11:24.0905450Z test tests::metal_ep_lib_accepts_the_mlx_library_alias ... ok
2026-08-22T20:11:24.0906653Z test tests::integer_flags_preserve_validation_and_fallback_rules ... ok
2026-08-22T20:11:24.0907100Z test tests::execution_provider_normalizes_and_retains_generic_names ... ok
2026-08-22T20:11:24.0908545Z test tests::paths_strings_and_presence_flags_preserve_existing_rules ... ok
2026-08-22T20:11:24.0908971Z test tests::plugin_ep_library_name_and_options_parse ... ok
2026-08-22T20:11:24.0909864Z test tests::plugin_ep_library_and_name_reject_empty ... ok
2026-08-22T20:11:24.0911336Z test tests::profile_preserves_its_narrow_case_sensitive_truthy_semantics ... ok
2026-08-22T20:11:24.0911822Z test tests::qnn_env_vars_parse_as_paths_options_and_session_entries ... ok
2026-08-22T20:11:24.0913846Z test tests::standard_boolean_flags_accept_existing_truthy_variants ... ok
2026-08-22T20:11:24.0914127Z 
2026-08-22T20:11:24.0914357Z test result: ok. 19 passed; 0 failed; 0 ignored; 0 measured; 0 filtered out; finished in 0.00s
2026-08-22T20:11:24.0914677Z 
2026-08-22T20:11:24.0934733Z [1m[92m     Running[0m unittests src\lib.rs (target\debug\deps\onnx_genai_scheduler-8d515d0987634063.exe)
2026-08-22T20:11:24.1212541Z 
2026-08-22T20:11:24.1212743Z running 66 tests
2026-08-22T20:11:24.1255246Z test byte_budget::tests::a_configured_limit_below_the_ceiling_still_binds ... ok
2026-08-22T20:11:24.1255886Z test byte_budget::tests::an_ungoverned_budget_is_unchanged ... ok
2026-08-22T20:11:24.1256416Z test byte_budget::tests::admission_shrinks_when_another_holder_takes_device_memory ... ok
2026-08-22T20:11:24.1256980Z test byte_budget::tests::a_governor_ceiling_tightens_admission_below_the_configured_limit ... ok
2026-08-22T20:11:24.1259031Z test byte_budget::tests::reconfigure_lower_reports_overage_without_evicting ... ok
2026-08-22T20:11:24.1260782Z test byte_budget::tests::reconfigure_raise_adds_headroom ... ok
2026-08-22T20:11:24.1261354Z test byte_budget::tests::reconfigure_reports_overage_against_the_ceiling_that_binds ... ok
2026-08-22T20:11:24.1261882Z test byte_budget::tests::reserve_at_most_caps_and_reserves_under_one_lock ... ok
2026-08-22T20:11:24.1264036Z test byte_budget::tests::reserve_within_limit_then_release_restores_headroom ... ok
2026-08-22T20:11:24.1264605Z test byte_budget::tests::shared_handle_accounts_across_sessions ... ok
2026-08-22T20:11:24.1269319Z test governor::tests::a_ceiling_below_the_fixed_reservation_drops_it_rather_than_failing ... ok
2026-08-22T20:11:24.1271191Z test governor::tests::derive_accepts_ceiling_exactly_large_enough_for_one_page ... ok
2026-08-22T20:11:24.1289869Z test governor::tests::default_limits_match_design ... ok
2026-08-22T20:11:24.1295462Z test governor::tests::derive_rejects_budget_too_small_for_one_page ... ok
2026-08-22T20:11:24.1297553Z test governor::tests::derives_kv_pages_and_tokens_after_fixed_reservations ... ok
2026-08-22T20:11:24.1298506Z test governor::tests::a_fraction_of_unmeasured_capacity_is_unknown_not_a_number ... ok
2026-08-22T20:11:24.1300784Z test byte_budget::tests::over_budget_reservation_is_rejected_with_actionable_shortfall ... ok
2026-08-22T20:11:24.1301419Z test governor::tests::disk_limit_requires_an_injected_capacity_provider ... ok
2026-08-22T20:11:24.1302882Z test governor::tests::impossible_lowering_is_atomic_and_preserves_previous_ceiling ... ok
2026-08-22T20:11:24.1304171Z test governor::tests::lower_below_usage_reports_overage_and_engine_eviction_order ... ok
2026-08-22T20:11:24.1305117Z test governor::tests::overflowing_max_ceiling_is_atomic_and_preserves_previous_budget ... ok
2026-08-22T20:11:24.1306967Z test governor::tests::derive_rejects_overflowing_fixed_reservations ... ok
2026-08-22T20:11:24.1307439Z test governor::tests::raising_limit_increases_hot_tier_budget ... ok
2026-08-22T20:11:24.1313651Z test governor::tests::unknown_device_capacity_yields_no_device_kv_budget_without_advice ... ok
2026-08-22T20:11:24.1314124Z test governor::tests::rejects_invalid_fraction ... ok
2026-08-22T20:11:24.1314530Z test governor::tests::resolves_bytes_fraction_and_auto_against_total_capacity ... ok
2026-08-22T20:11:24.1315042Z test governor::tests::unknown_kv_geometry_does_not_synthesize_one_byte_tokens ... ok
2026-08-22T20:11:24.1317296Z test host_lease::tests::adapters_over_one_host_governor_share_its_authority_identity ... ok
2026-08-22T20:11:24.1318543Z test host_lease::tests::a_lease_is_charged_to_the_host_governors_own_ledger ... ok
2026-08-22T20:11:24.1319540Z test host_lease::tests::a_partial_shrink_holds_credit_instead_of_over_releasing ... ok
2026-08-22T20:11:24.1320839Z test host_lease::tests::a_grown_lease_returns_every_allocation_it_accumulated ... ok
2026-08-22T20:11:24.1321767Z test host_lease::tests::an_oversized_request_is_refused_without_charging_anything ... ok
2026-08-22T20:11:24.1322292Z test host_lease::tests::credit_is_spent_before_charging_the_machine_again ... ok
2026-08-22T20:11:24.1326267Z test host_lease::tests::device_and_disk_tiers_are_refused_rather_than_served_from_host_ram ... ok
2026-08-22T20:11:24.1328268Z test policy::tests::equal_weights_split_saturating_demand_evenly ... ok
2026-08-22T20:11:24.1329063Z test policy::tests::low_weight_class_has_a_bounded_wait ... ok
2026-08-22T20:11:24.1329563Z test policy::tests::reweighting_resets_all_classes_to_a_fair_baseline ... ok
2026-08-22T20:11:24.1333524Z test policy::tests::three_to_one_weights_split_saturating_demand_proportionally ... ok
2026-08-22T20:11:24.1335822Z test pressure::tests::cancellation_mailbox_applies_bounded_backpressure ... ok
2026-08-22T20:11:24.1339294Z test policy::tests::maximum_weights_do_not_overflow_deficit_updates ... ok
2026-08-22T20:11:24.1342381Z test pressure::tests::forged_release_cannot_refund_or_double_release_authoritative_charge ... ok
2026-08-22T20:11:24.1344371Z test pressure::tests::ledger_credit_accounting_returns_exact_charge ... ok
2026-08-22T20:11:24.1348113Z test pressure::tests::matured_low_priority_ticket_accumulates_capacity_despite_recurring_high_priority_arrivals ... ok
2026-08-22T20:11:24.1350652Z test pressure::tests::snapshot_is_a_consistent_point_in_time_view ... ok
2026-08-22T20:11:24.1354747Z test pressure::tests::tickets_grant_queue_and_deny_under_pressure ... ok
2026-08-22T20:11:24.1355589Z test tests::admission_failure_names_cause_and_actionable_budget_numbers ... ok
2026-08-22T20:11:24.1357716Z test policy::tests::idle_class_cannot_hoard_credit_for_a_return_burst ... ok
2026-08-22T20:11:24.1358210Z test tests::batch_full_failure_names_running_count_and_limit ... ok
2026-08-22T20:11:24.1359909Z test tests::budget_cap_survives_swap_out_and_swap_in ... ok
2026-08-22T20:11:24.1360474Z test tests::byte_budget_gates_admission_below_token_and_batch_budget ... ok
2026-08-22T20:11:24.1362274Z test pressure::tests::envelope_stream_round_trips_and_replays ... ok
2026-08-22T20:11:24.1362907Z test tests::cancel_request_clears_failed_or_running_turn_state ... ok
2026-08-22T20:11:24.1364284Z test tests::capped_reservation_uses_current_shared_budget_atomically ... ok
2026-08-22T20:11:24.1365242Z test tests::completion_releases_bytes_and_admits_waiting_sequence ... ok
2026-08-22T20:11:24.1365801Z test tests::disabled_byte_accounting_preserves_token_only_behaviour ... ok
2026-08-22T20:11:24.1367060Z test tests::full_context_ceiling_is_capped_to_budget_preserving_conservative_reservation ... ok
2026-08-22T20:11:24.1367953Z test tests::higher_priority_arrival_preempts_lower_priority_running_sequence ... ok
2026-08-22T20:11:24.1369816Z test tests::higher_priority_request_runs_before_earlier_lower_priority_request ... ok
2026-08-22T20:11:24.1370538Z test tests::long_multi_turn_session_is_not_rejected_purely_because_ceiling_grew ... ok
2026-08-22T20:11:24.1371904Z test tests::mismatched_admission_cleanup_clears_admitted_and_original_requests ... ok
2026-08-22T20:11:24.1373298Z test tests::preemption_releases_hot_bytes_and_swap_in_re_reserves ... ok
2026-08-22T20:11:24.1374777Z test tests::fair_share_policy_is_used_for_scheduler_admission ... ok
2026-08-22T20:11:24.1375815Z test tests::reconfigure_lower_reports_overage_and_blocks_new_admissions ... ok
2026-08-22T20:11:24.1376708Z test tests::repeated_turns_release_capped_reservations_without_leaking ... ok
2026-08-22T20:11:24.1377159Z test tests::shared_budget_is_accounted_across_two_schedulers ... ok
2026-08-22T20:11:24.1989958Z test pressure::tests::cancellation_delivery_waits_for_its_mailbox_send_envelope ... ok
2026-08-22T20:11:24.1990307Z 
2026-08-22T20:11:24.1995351Z test result: ok. 66 passed; 0 failed; 0 ignored; 0 measured; 0 filtered out; finished in 0.08s
2026-08-22T20:11:24.1995689Z 
2026-08-22T20:11:24.2018598Z [1m[92m     Running[0m tests\pressure_conformance.rs (target\debug\deps\pressure_conformance-e6ad9ee312fbe61b.exe)
2026-08-22T20:11:24.2288594Z 
2026-08-22T20:11:24.2288841Z running 15 tests
2026-08-22T20:11:24.2333167Z test campaign_arithmetic_boundaries ... ok
2026-08-22T20:11:24.2333885Z test campaign_grant_claim_release ... ok
2026-08-22T20:11:24.2334607Z test campaign_cancel_pending_and_granted ... ok
2026-08-22T20:11:24.2337343Z test campaign_reconfigure_invalidates_pending ... ok
2026-08-22T20:11:24.2337771Z test campaign_multiple_variable_sized_tickets ... ok
2026-08-22T20:11:24.2340480Z test campaign_timeout_pending_and_granted ... ok
2026-08-22T20:11:24.2344263Z test campaign_two_devices_under_pressure ... ok
2026-08-22T20:11:24.2346697Z test checker_rejects_duplicate_source_sequence ... ok
2026-08-22T20:11:24.2349164Z test checker_rejects_leftover_active_ticket ... ok
2026-08-22T20:11:24.2351490Z test checker_rejects_lossy_trace ... ok
2026-08-22T20:11:24.2353798Z test checker_rejects_reordered_event ... ok
2026-08-22T20:11:24.2356238Z test checker_rejects_unknown_contract_revision ... ok
2026-08-22T20:11:24.2368526Z test campaign_mailbox_saturation ... ok
2026-08-22T20:11:24.2406312Z test campaign_seeded_is_reproducible ... ok
2026-08-22T20:11:24.2531744Z test blocking_wait_wakes_on_reclaim ... ok
2026-08-22T20:11:24.2532391Z 
2026-08-22T20:11:24.2539436Z test result: ok. 15 passed; 0 failed; 0 ignored; 0 measured; 0 filtered out; finished in 0.03s
2026-08-22T20:11:24.2539778Z 
2026-08-22T20:11:24.2561921Z [1m[92m     Running[0m unittests src\lib.rs (target\debug\deps\onnx_model_package-d53e9a3a5a7ab5a1.exe)
2026-08-22T20:11:24.2727972Z 
2026-08-22T20:11:24.2728197Z running 0 tests
2026-08-22T20:11:24.2728339Z 
2026-08-22T20:11:24.2728575Z test result: ok. 0 passed; 0 failed; 0 ignored; 0 measured; 0 filtered out; finished in 0.00s
2026-08-22T20:11:24.2728891Z 
2026-08-22T20:11:24.2748799Z [1m[92m     Running[0m tests\model_package.rs (target\debug\deps\model_package-e900fdc72da2d418.exe)
2026-08-22T20:11:24.3012597Z 
2026-08-22T20:11:24.3012821Z running 14 tests
2026-08-22T20:11:24.3947113Z test execution_provider_boundary_does_not_fall_back_to_wrong_provider ... ok
2026-08-22T20:11:24.3947666Z test installed_layout_absolute_model_file_is_rejected_by_default ... ok
2026-08-22T20:11:24.3953415Z test confined_package_built_at_runtime_still_loads ... ok
2026-08-22T20:11:24.3954036Z test missing_required_field_is_an_error ... ok
2026-08-22T20:11:24.3954394Z test installed_layout_escape_requires_explicit_host_trust ... ok
2026-08-22T20:11:24.3975458Z test installed_layout_parent_traversal_is_rejected_by_default ... ok
2026-08-22T20:11:24.3976092Z test portable_absolute_reference_is_rejected ... ok
2026-08-22T20:11:24.3985164Z test portable_parent_traversal_is_rejected ... ok
2026-08-22T20:11:24.3985678Z test unknown_named_variant_is_an_error ... ok
2026-08-22T20:11:24.3990720Z test unsupported_major_version_is_an_error ... ok
2026-08-22T20:11:24.3998752Z test validation_rejects_missing_referenced_file ... ok
2026-08-22T20:11:24.4024739Z test selection_matches_execution_provider_and_precision_in_manifest_order ... ok
2026-08-22T20:11:24.4034949Z test resolves_shared_tokenizer_directory ... ok
2026-08-22T20:11:24.4040231Z test parses_valid_manifest_and_accepts_newer_minor_version ... ok
2026-08-22T20:11:24.4040520Z 
2026-08-22T20:11:24.4043918Z test result: ok. 14 passed; 0 failed; 0 ignored; 0 measured; 0 filtered out; finished in 0.10s
2026-08-22T20:11:24.4044247Z 
2026-08-22T20:11:24.4071322Z [1m[92m     Running[0m unittests src\lib.rs (target\debug\deps\onnx_runtime_capi-bd13526b144dc71e.exe)
2026-08-22T20:11:24.4239914Z 
2026-08-22T20:11:24.4240155Z running 4 tests
2026-08-22T20:11:24.4244542Z test tests::null_status_accessors_are_ok ... ok
2026-08-22T20:11:24.4245069Z test tests::status_codes_match_ort ... ok
2026-08-22T20:11:24.4245516Z test tests::session_error_mapping_covers_structural_and_shape_variants ... ok
2026-08-22T20:11:24.4245898Z test tests::version_is_nul_terminated ... ok
2026-08-22T20:11:24.4246115Z 
2026-08-22T20:11:24.4246336Z test result: ok. 4 passed; 0 failed; 0 ignored; 0 measured; 0 filtered out; finished in 0.00s
2026-08-22T20:11:24.4246655Z 
2026-08-22T20:11:24.4265656Z [1m[92m     Running[0m tests\capi.rs (target\debug\deps\capi-c65f94813bd2bce6.exe)
2026-08-22T20:11:24.4546276Z 
2026-08-22T20:11:24.4546494Z running 13 tests
2026-08-22T20:11:24.4591004Z test accessors_reject_null_value_handle ... ok
2026-08-22T20:11:24.4925353Z test create_session_with_invalid_embed_mode_is_invalid_argument ... ok
2026-08-22T20:11:24.4925814Z test create_session_with_unknown_option_is_invalid_argument ... ok
2026-08-22T20:11:24.4970243Z test create_tensor_wrong_byte_len_is_rejected ... ok
2026-08-22T20:11:24.6019593Z test nonexistent_model_path_is_no_such_file ... ok
2026-08-22T20:11:24.6027046Z test null_out_pointers_are_rejected ... ok
2026-08-22T20:11:24.6029250Z test null_session_handle_is_invalid_argument_not_crash ... ok
2026-08-22T20:11:24.6031358Z test release_is_null_tolerant ... ok
2026-08-22T20:11:24.6684636Z test create_session_with_ep_context_options_succeeds ... ok
2026-08-22T20:11:24.6685136Z test create_session_with_null_options_is_like_plain_create ... ok
2026-08-22T20:11:24.6691921Z test shape_mismatch_input_is_rejected_at_run ... ok
2026-08-22T20:11:24.6725856Z test unknown_output_name_is_rejected ... ok
2026-08-22T20:11:24.6877975Z test full_roundtrip_matches_reference ... ok
2026-08-22T20:11:24.6878235Z 
2026-08-22T20:11:24.6882598Z test result: ok. 13 passed; 0 failed; 0 ignored; 0 measured; 0 filtered out; finished in 0.23s
2026-08-22T20:11:24.6882996Z 
2026-08-22T20:11:24.6915537Z [1m[92m     Running[0m unittests src\lib.rs (target\debug\deps\onnx_runtime_comm-a72d41c0ee5a07e0.exe)
2026-08-22T20:11:24.7210174Z 
2026-08-22T20:11:24.7210401Z running 33 tests
2026-08-22T20:11:24.7339109Z test inprocess::tests::abort_wakes_barrier_waiter ... ok
2026-08-22T20:11:24.7344949Z test inprocess::tests::all_reduce_sum_is_fixed_rank_order ... ok
2026-08-22T20:11:24.7345472Z test inprocess::tests::all_gather_concatenates_in_member_order ... ok
2026-08-22T20:11:24.7347106Z test inprocess::tests::all_to_all_supports_pairwise_chunk_sizes ... ok
2026-08-22T20:11:24.7353949Z test inprocess::tests::all_to_all_v_uses_exchanged_counts_and_offsets ... ok
2026-08-22T20:11:24.7354469Z test inprocess::tests::broadcast_copies_root_bytes ... ok
2026-08-22T20:11:24.7355308Z test inprocess::tests::barrier_synchronizes_and_reaps_generation ... ok
2026-08-22T20:11:24.7363661Z test inprocess::tests::distributed_all_gather_matches_single_device_bitwise ... ok
2026-08-22T20:11:24.7364679Z test inprocess::tests::distributed_all_reduce_matches_single_device_bitwise ... ok
2026-08-22T20:11:24.7365936Z test inprocess::tests::distributed_all_to_all_matches_single_device_bitwise ... ok
2026-08-22T20:11:24.7373256Z test inprocess::tests::distributed_all_to_all_v_matches_single_device_bitwise ... ok
2026-08-22T20:11:24.7374078Z test inprocess::tests::distributed_reduce_scatter_matches_single_device_bitwise ... ok
2026-08-22T20:11:24.7374599Z test inprocess::tests::distributed_broadcast_matches_single_device_bitwise ... ok
2026-08-22T20:11:24.7375852Z test inprocess::tests::identity_and_topology ... ok
2026-08-22T20:11:24.7379665Z test inprocess::tests::send_recv_roundtrip_single_thread ... ok
2026-08-22T20:11:24.7380620Z test inprocess::tests::mismatched_collective_order_is_rejected ... ok
2026-08-22T20:11:24.7381534Z test inprocess::tests::reduce_scatter_reduces_then_slices_by_rank ... ok
2026-08-22T20:11:24.7382904Z test inprocess::tests::subgroup_orders_are_independent ... ok
2026-08-22T20:11:24.7383743Z test reduction::tests::half_reduction_rounds_at_each_rank_in_fixed_order ... ok
2026-08-22T20:11:24.7384247Z test reduction::tests::integer_ops_are_checked_and_deterministic ... ok
2026-08-22T20:11:24.7385514Z test registry::tests::allocator_epoch_reclaims_exact_tombstones_without_allowing_reuse ... ok
2026-08-22T20:11:24.7385993Z test registry::tests::abort_path_quiesces_and_reaps ... ok
2026-08-22T20:11:24.7387426Z test registry::tests::complete_wrong_state_is_not_enabled ... ok
2026-08-22T20:11:24.7388477Z test registry::tests::detach_does_not_release_lease ... ok
2026-08-22T20:11:24.7388932Z test registry::tests::free_of_leased_allocation_is_rejected ... ok
2026-08-22T20:11:24.7390424Z test registry::tests::in_place_op_holds_allocation_exclusively ... ok
2026-08-22T20:11:24.7391262Z test registry::tests::read_conflicts_with_active_write ... ok
2026-08-22T20:11:24.7392849Z test registry::tests::read_read_aliasing_is_allowed ... ok
2026-08-22T20:11:24.7393505Z test registry::tests::submit_after_free_is_rejected_and_double_free_errors ... ok
2026-08-22T20:11:24.7395282Z test registry::tests::submit_then_complete_success_releases_and_reaps ... ok
2026-08-22T20:11:24.7395781Z test registry::tests::write_conflicts_with_any_active_lease ... ok
2026-08-22T20:11:24.7475153Z test registry::tests::freed_tombstone_window_is_bounded ... ok
2026-08-22T20:11:25.2476027Z test inprocess::tests::abort_serializes_notify_with_waiter_park ... ok
2026-08-22T20:11:25.2476341Z 
2026-08-22T20:11:25.2476568Z test result: ok. 33 passed; 0 failed; 0 ignored; 0 measured; 0 filtered out; finished in 0.53s
2026-08-22T20:11:25.2476890Z 
2026-08-22T20:11:25.2508329Z [1m[92m     Running[0m tests\buffer_ownership_conformance.rs (target\debug\deps\buffer_ownership_conformance-6bdbab7707d86276.exe)
2026-08-22T20:11:25.2797437Z 
2026-08-22T20:11:25.2797777Z running 15 tests
2026-08-22T20:11:25.2857153Z test campaign_allocator_free_boundaries ... ok
2026-08-22T20:11:25.2857510Z test campaign_abort_quiesce ... ok
2026-08-22T20:11:25.2857824Z test campaign_acquire_transfer_release ... ok
2026-08-22T20:11:25.2858334Z test campaign_cross_rank_send_recv ... ok
2026-08-22T20:11:25.2861243Z test campaign_generation_advances_on_write ... ok
2026-08-22T20:11:25.2862342Z test campaign_in_place_is_exclusive ... ok
2026-08-22T20:11:25.2862744Z test campaign_read_read_alias ... ok
2026-08-22T20:11:25.2869202Z test campaign_read_write_conflict_then_serialize ... ok
2026-08-22T20:11:25.2869546Z test checker_rejects_free_of_leased_allocation ... ok
2026-08-22T20:11:25.2869871Z test checker_rejects_duplicate_source_sequence ... ok
2026-08-22T20:11:25.2870155Z test checker_rejects_lossy_trace ... ok
2026-08-22T20:11:25.2870431Z test checker_rejects_leftover_active_operation ... ok
2026-08-22T20:11:25.2870723Z test checker_rejects_reordered_event ... ok
2026-08-22T20:11:25.2871025Z test checker_rejects_unknown_contract_revision ... ok
2026-08-22T20:11:25.2879947Z test campaign_seeded_is_reproducible ... ok
2026-08-22T20:11:25.2880152Z 
2026-08-22T20:11:25.2888935Z test result: ok. 15 passed; 0 failed; 0 ignored; 0 measured; 0 filtered out; finished in 0.01s
2026-08-22T20:11:25.2889278Z 
2026-08-22T20:11:25.2915145Z [1m[92m     Running[0m tests\collective_ordering_conformance.rs (target\debug\deps\collective_ordering_conformance-806cd3c55429e107.exe)
2026-08-22T20:11:25.3203959Z 
2026-08-22T20:11:25.3204430Z running 13 tests
2026-08-22T20:11:25.3299207Z test campaign_coordinator_skip_advances_without_transport ... ok
2026-08-22T20:11:25.3299619Z test campaign_abort_mid_flight_freezes_and_quiesces ... ok
2026-08-22T20:11:25.3300422Z test campaign_mixed_overlapping_groups ... ok
2026-08-22T20:11:25.3301373Z test campaign_concurrent_multi_rank_collectives ... ok
2026-08-22T20:11:25.3303226Z test checker_allows_rank_local_completion_skew ... ok
2026-08-22T20:11:25.3303660Z test campaign_seeded_schedule_is_byte_identical ... ok
2026-08-22T20:11:25.3309932Z test checker_rejects_lossy_trace ... ok
2026-08-22T20:11:25.3312748Z test checker_rejects_duplicate_source_sequence ... ok
2026-08-22T20:11:25.3316541Z test checker_rejects_cross_rank_divergence ... ok
2026-08-22T20:11:25.3317880Z test checker_rejects_submission_after_abort ... ok
2026-08-22T20:11:25.3318558Z test checker_rejects_leftover_active_collective ... ok
2026-08-22T20:11:25.3322295Z test checker_rejects_reordered_rank_events ... ok
2026-08-22T20:11:25.3325225Z test checker_rejects_unknown_revision ... ok
2026-08-22T20:11:25.3325425Z 
2026-08-22T20:11:25.3331681Z test result: ok. 13 passed; 0 failed; 0 ignored; 0 measured; 0 filtered out; finished in 0.01s
2026-08-22T20:11:25.3332010Z 
2026-08-22T20:11:25.3357905Z [1m[92m     Running[0m unittests src\lib.rs (target\debug\deps\onnx_runtime_cost_model-e47cfd4457be29bd.exe)
2026-08-22T20:11:25.3537283Z 
2026-08-22T20:11:25.3537576Z running 25 tests
2026-08-22T20:11:25.3544937Z test calibration::tests::parses_transfer_fit_block_and_ignores_sweep ... ok
2026-08-22T20:11:25.3545672Z test calibration::tests::parses_memory_bandwidth_csv ... ok
2026-08-22T20:11:25.3546560Z test calibration::tests::transfer_fits_populate_both_directions ... ok
2026-08-22T20:11:25.3548114Z test calibration::tests::memory_bandwidth_from_probe_samples ... ok
2026-08-22T20:11:25.3548728Z test device::tests::round_trips_through_device_id ... ok
2026-08-22T20:11:25.3550230Z test device::tests::unknown_kind_yields_no_device_id ... ok
2026-08-22T20:11:25.3551162Z test device::tests::round_trips_through_json ... ok
2026-08-22T20:11:25.3552561Z test model::tests::op_cost_is_lower_bound_when_compute_term_omitted ... ok
2026-08-22T20:11:25.3554126Z test model::tests::op_cost_is_point_estimate_when_fully_known ... ok
2026-08-22T20:11:25.3554531Z test model::tests::op_cost_memory_bound_when_flops_unknown ... ok
2026-08-22T20:11:25.3555931Z test integration_tests::calibrate_save_load_roundtrip ... ok
2026-08-22T20:11:25.3558119Z test model::tests::op_cost_none_when_bandwidth_unknown ... ok
2026-08-22T20:11:25.3558985Z test model::tests::op_cost_takes_roofline_max ... ok
2026-08-22T20:11:25.3559379Z test model::tests::transfer_cost_is_lower_bound_when_latency_unmeasured ... ok
2026-08-22T20:11:25.3559842Z test model::tests::transfer_cost_is_point_estimate_when_latency_measured ... ok
2026-08-22T20:11:25.3561076Z test model::tests::transfer_none_when_link_unknown ... ok
2026-08-22T20:11:25.3562010Z test model::tests::transfer_respects_host_kind ... ok
2026-08-22T20:11:25.3562339Z test model::tests::transfer_same_device_is_free ... ok
2026-08-22T20:11:25.3562666Z test profile::tests::bad_samples_are_rejected ... ok
2026-08-22T20:11:25.3563003Z test profile::tests::bandwidth_interpolates_and_clamps ... ok
2026-08-22T20:11:25.3564298Z test profile::tests::compute_throughput_unknown_dtype_is_none ... ok
2026-08-22T20:11:25.3565258Z test profile::tests::unknown_bandwidth_returns_none ... ok
2026-08-22T20:11:25.3565765Z test transfer::tests::direction_and_host_kind_are_distinct ... ok
2026-08-22T20:11:25.3566205Z test transfer::tests::measured_link_state_gates_decode_trust ... ok
2026-08-22T20:11:25.3566553Z test transfer::tests::unknown_link_is_none ... ok
2026-08-22T20:11:25.3566747Z 
2026-08-22T20:11:25.3566965Z test result: ok. 25 passed; 0 failed; 0 ignored; 0 measured; 0 filtered out; finished in 0.00s
2026-08-22T20:11:25.3567284Z 
2026-08-22T20:11:25.3589394Z [1m[92m     Running[0m unittests src\lib.rs (target\debug\deps\onnx_runtime_cpuinfo-4f1f9ec8f0e3470b.exe)
2026-08-22T20:11:25.3834042Z 
2026-08-22T20:11:25.3834434Z running 0 tests
2026-08-22T20:11:25.3834585Z 
2026-08-22T20:11:25.3837679Z test result: ok. 0 passed; 0 failed; 0 ignored; 0 measured; 0 filtered out; finished in 0.00s
2026-08-22T20:11:25.3838024Z 
2026-08-22T20:11:25.3858264Z [1m[92m     Running[0m unittests src\lib.rs (target\debug\deps\onnx_runtime_cuda_memory-1aece28a56e84ceb.exe)
2026-08-22T20:11:25.4025931Z 
2026-08-22T20:11:25.4026144Z running 39 tests
2026-08-22T20:11:25.4535698Z test capture_gate::tests::a_nested_synchronizing_section_does_not_queue_behind_a_waiting_capture ... ok
2026-08-22T20:11:25.5042478Z test capture_gate::tests::a_synchronizing_section_on_another_thread_waits_for_capture_to_end ... ok
2026-08-22T20:11:25.5043249Z test capture_gate::tests::a_yielded_section_is_restored_when_the_capture_ends ... ok
2026-08-22T20:11:25.5045822Z test capture_gate::tests::capture_unsafe_action_from_another_thread_does_not_block_on_capture ... ok
2026-08-22T20:11:25.5046767Z test capture_gate::tests::capture_unsafe_action_from_capture_thread_is_deferred_until_capture_ends ... ok
2026-08-22T20:11:25.5232847Z test capture_gate::tests::recursive_deferred_action_reuses_the_drain_synchronizer ... ok
2026-08-22T20:11:25.5293213Z test capture_gate::tests::nested_run_or_defer_reuses_a_section_while_capture_waits ... ok
2026-08-22T20:11:25.5548630Z test capture_gate::tests::capture_waits_for_an_in_flight_synchronizing_section_to_drain ... ok
2026-08-22T20:11:25.6051686Z test capture_gate::tests::nested_captures_on_one_thread_open_and_close_the_gate_once ... ok
2026-08-22T20:11:25.6056896Z test capture_gate::tests::synchronizing_sections_do_not_exclude_one_another ... ok
2026-08-22T20:11:25.6059518Z test capture_gate::tests::the_capturing_thread_may_synchronize_without_deadlocking ... ok
2026-08-22T20:11:25.6060652Z test capture_gate::tests::the_gate_returns_to_idle_after_guards_drop ... ok
2026-08-22T20:11:25.6062113Z test release::tests::a_failed_rollback_reports_every_residual_and_disposes_nothing ... ok
2026-08-22T20:11:25.6063069Z test capture_gate::tests::two_threads_holding_sections_can_both_capture_without_deadlocking ... ok
2026-08-22T20:11:25.6064059Z test release::tests::a_failed_unmap_keeps_the_whole_run_mapped_and_owned ... ok
2026-08-22T20:11:25.6065325Z test release::tests::a_handle_that_cannot_be_given_back_refunds_mapped_but_not_owned ... ok
2026-08-22T20:11:25.6068209Z test release::tests::a_rolled_back_decommit_restores_the_exact_topology ... ok
2026-08-22T20:11:25.6071057Z test release::tests::a_second_unmap_fault_needs_a_hole_because_a_contiguous_range_is_one_call ... ok
2026-08-22T20:11:25.6072262Z test release::tests::a_transactional_unmap_that_succeeds_retains_every_handle_for_phase_two ... ok
2026-08-22T20:11:25.6073572Z test release::tests::a_shared_granule_survives_until_its_last_mapping_leaves ... ok
2026-08-22T20:11:25.6074173Z test release::tests::adjacent_blocks_collapse_into_one_run ... ok
2026-08-22T20:11:25.6082300Z test release::tests::faults_are_scoped_to_one_plan_instance ... ok
2026-08-22T20:11:25.6082741Z test release::tests::the_first_middle_and_last_run_can_each_fail_alone ... ok
2026-08-22T20:11:25.6083854Z test vmm_allocator::tests::a_poisoned_granule_fails_every_later_commit_closed ... ok
2026-08-22T20:11:25.6085081Z test vmm_allocator::tests::a_failed_unmap_refunds_nothing_and_poisons_the_granule ... ok
2026-08-22T20:11:25.6085622Z test vmm_allocator::tests::a_quarantined_span_is_never_carved_again ... ok
2026-08-22T20:11:25.6086112Z test vmm_allocator::tests::a_successful_rollback_leaves_the_bookkeeping_untouched ... ok
2026-08-22T20:11:25.6086626Z test vmm_allocator::tests::alignment_padding_is_returned_to_the_free_list ... ok
2026-08-22T20:11:25.6087093Z test vmm_allocator::tests::allocations_smaller_than_a_granule_share_it ... ok
2026-08-22T20:11:25.6087519Z test vmm_allocator::tests::an_arena_returns_to_one_free_span ... ok
2026-08-22T20:11:25.6087927Z test vmm_allocator::tests::an_exact_granule_fit_claims_one_granule ... ok
2026-08-22T20:11:25.6088536Z test vmm_allocator::tests::an_unmapped_block_with_an_owned_handle_refunds_only_the_mapped_axis ... ok
2026-08-22T20:11:25.6089039Z test vmm_allocator::tests::an_oversized_request_finds_no_span ... ok
2026-08-22T20:11:25.6089455Z test vmm_allocator::tests::freeing_coalesces_with_both_neighbours ... ok
2026-08-22T20:11:25.6089940Z test vmm_allocator::tests::batched_ranges_union_shared_granule_identity_once ... ok
2026-08-22T20:11:25.6090774Z test vmm_allocator::tests::only_a_positive_byte_count_configures_a_retained_physical_pool ... ok
2026-08-22T20:11:25.6092943Z test vmm_allocator::tests::the_production_pool_predicate_is_exactly_whether_a_bound_is_configured ... ok
2026-08-22T20:11:25.6093558Z test vmm_allocator::tests::repeated_allocate_and_release_never_reuses_a_poisoned_granule ... ok
2026-08-22T20:11:25.6094344Z test vmm_allocator::tests::weight_page_release_churn_is_one_run_per_page_not_one_per_granule ... ok
2026-08-22T20:11:25.6094739Z 
2026-08-22T20:11:25.6094965Z test result: ok. 39 passed; 0 failed; 0 ignored; 0 measured; 0 filtered out; finished in 0.21s
2026-08-22T20:11:25.6095278Z 
2026-08-22T20:11:25.6114170Z [1m[92m     Running[0m tests\dummy_fill_and_crossover.rs (target\debug\deps\dummy_fill_and_crossover-ed3e2b2402ae412f.exe)
2026-08-22T20:11:25.6286332Z 
2026-08-22T20:11:25.6286663Z running 4 tests
2026-08-22T20:11:25.6291322Z test crossover_is_model_size_independent ... ok
2026-08-22T20:11:25.6291978Z test fixed_stride_plus_dummy_crossover_vs_bucket_growth ... ok
2026-08-22T20:11:25.6292331Z test granularity_is_the_crossover_lever ... ok
2026-08-22T20:11:25.6292638Z test masking_determines_the_safe_dummy_fill ... ok
2026-08-22T20:11:25.6292837Z 
2026-08-22T20:11:25.6293060Z test result: ok. 4 passed; 0 failed; 0 ignored; 0 measured; 0 filtered out; finished in 0.00s
2026-08-22T20:11:25.6293372Z 
2026-08-22T20:11:25.6311486Z [1m[92m     Running[0m tests\physical_pool_production_gpu.rs (target\debug\deps\physical_pool_production_gpu-c6a76736a9b54806.exe)
2026-08-22T20:11:25.6481152Z 
2026-08-22T20:11:25.6481648Z running 1 test
2026-08-22T20:11:25.6482363Z test production_allocators_share_handles_under_one_authority ... ignored, requires CUDA device; enable the gpu-tests feature on a CUDA runner
2026-08-22T20:11:25.6482873Z 
2026-08-22T20:11:25.6483102Z test result: ok. 0 passed; 0 failed; 1 ignored; 0 measured; 0 filtered out; finished in 0.00s
2026-08-22T20:11:25.6485504Z 
2026-08-22T20:11:25.6501543Z [1m[92m     Running[0m tests\virtual_memory_gpu.rs (target\debug\deps\virtual_memory_gpu-49c6916df13eed0c.exe)
2026-08-22T20:11:25.6665826Z 
2026-08-22T20:11:25.6666323Z running 14 tests
2026-08-22T20:11:25.6666845Z test a_device_buffer_grows_without_moving ... ignored, requires CUDA device; enable the gpu-tests feature on a CUDA runner
2026-08-22T20:11:25.6667717Z test a_multi_granule_growth_can_shrink_one_granule ... ignored, requires CUDA device; enable the gpu-tests feature on a CUDA runner
2026-08-22T20:11:25.6668533Z test authority_write_gate_freezes_pool_checkout_and_return ... ignored, requires CUDA device; enable the gpu-tests feature on a CUDA runner
2026-08-22T20:11:25.6669349Z test different_authorities_use_different_pools ... ignored, requires CUDA device; enable the gpu-tests feature on a CUDA runner
2026-08-22T20:11:25.6670236Z test failed_teardown_synchronization_never_reuses_or_releases_a_live_handle ... ignored, requires CUDA device; enable the gpu-tests feature on a CUDA runner
2026-08-22T20:11:25.6672263Z test lowering_an_authority_can_trim_unmapped_pool_handles ... ignored, requires CUDA device; enable the gpu-tests feature on a CUDA runner
2026-08-22T20:11:25.6673190Z test one_address_spans_two_separate_physical_allocations ... ignored, requires CUDA device; enable the gpu-tests feature on a CUDA runner
2026-08-22T20:11:25.6674480Z test physical_pool_releases_handles_above_its_bound ... ignored, requires CUDA device; enable the gpu-tests feature on a CUDA runner
2026-08-22T20:11:25.6675397Z test pooled_handles_move_between_separate_reservations ... ignored, requires CUDA device; enable the gpu-tests feature on a CUDA runner
2026-08-22T20:11:25.6676215Z test pooled_virtual_buffer_is_not_double_charged ... ignored, requires CUDA device; enable the gpu-tests feature on a CUDA runner
2026-08-22T20:11:25.6677596Z test reserving_far_more_than_vram_succeeds_because_nothing_is_committed ... ignored, requires CUDA device; enable the gpu-tests feature on a CUDA runner
2026-08-22T20:11:25.6678729Z test successful_teardown_synchronization_allows_later_reuse ... ignored, requires CUDA device; enable the gpu-tests feature on a CUDA runner
2026-08-22T20:11:25.6680055Z test teardown_bind_failure_retains_exact_ownership_without_destructive_cuda_calls ... ignored, requires CUDA device; enable the gpu-tests feature on a CUDA runner
2026-08-22T20:11:25.6680984Z test the_device_reports_a_sane_allocation_granularity ... ignored, requires CUDA device; enable the gpu-tests feature on a CUDA runner
2026-08-22T20:11:25.6681451Z 
2026-08-22T20:11:25.6681678Z test result: ok. 0 passed; 0 failed; 14 ignored; 0 measured; 0 filtered out; finished in 0.00s
2026-08-22T20:11:25.6681996Z 
2026-08-22T20:11:25.6687942Z [1m[92m     Running[0m tests\vmm_allocator_gpu.rs (target\debug\deps\vmm_allocator_gpu-a8eb98bd3f67c9a3.exe)
2026-08-22T20:11:25.6856944Z 
2026-08-22T20:11:25.6857155Z running 17 tests
2026-08-22T20:11:25.6858283Z test a_refused_allocation_commits_nothing ... ignored, requires CUDA device; enable the gpu-tests feature on a CUDA runner
2026-08-22T20:11:25.6859210Z test adjacent_shared_granule_consumes_mapped_growth_once ... ignored, requires CUDA device; enable the gpu-tests feature on a CUDA runner
2026-08-22T20:11:25.6860211Z test adoption_records_committed_bytes_even_when_the_tier_is_over_limit ... ignored, requires CUDA device; enable the gpu-tests feature on a CUDA runner
2026-08-22T20:11:25.6861091Z test an_allocation_commits_a_granule_and_the_ledger_sees_it ... ignored, requires CUDA device; enable the gpu-tests feature on a CUDA runner
2026-08-22T20:11:25.6861944Z test committed_ranges_do_not_map_the_whole_virtual_allocation ... ignored, requires CUDA device; enable the gpu-tests feature on a CUDA runner
2026-08-22T20:11:25.6862819Z test decommit_misaligned_growth_tail_releases_new_granules_only ... ignored, requires CUDA device; enable the gpu-tests feature on a CUDA runner
2026-08-22T20:11:25.6865574Z test decommit_range_rolls_back_late_commits_without_releasing_prefix ... ignored, requires CUDA device; enable the gpu-tests feature on a CUDA runner
2026-08-22T20:11:25.6866643Z test disjoint_tiny_ranges_report_and_commit_granule_rounded_bytes ... ignored, requires CUDA device; enable the gpu-tests feature on a CUDA runner
2026-08-22T20:11:25.6867522Z test grant_capacity_commits_with_exact_headroom_and_no_pool ... ignored, requires CUDA device; enable the gpu-tests feature on a CUDA runner
2026-08-22T20:11:25.6868691Z test late_committed_ranges_hold_their_own_granule_reference ... ignored, requires CUDA device; enable the gpu-tests feature on a CUDA runner
2026-08-22T20:11:25.6869592Z test live_allocations_do_not_overlap ... ignored, requires CUDA device; enable the gpu-tests feature on a CUDA runner
2026-08-22T20:11:25.6870361Z test mapped_allocation_rejects_a_different_arena_zone ... ignored, requires CUDA device; enable the gpu-tests feature on a CUDA runner
2026-08-22T20:11:25.6871733Z test out_of_order_frees_return_every_granule ... ignored, requires CUDA device; enable the gpu-tests feature on a CUDA runner
2026-08-22T20:11:25.6872757Z test partially_committed_free_does_not_release_neighbor_granules ... ignored, requires CUDA device; enable the gpu-tests feature on a CUDA runner
2026-08-22T20:11:25.6873681Z test repeated_allocation_cycles_leak_neither_granules_nor_ledger_bytes ... ignored, requires CUDA device; enable the gpu-tests feature on a CUDA runner
2026-08-22T20:11:25.6874509Z test reserving_an_arena_charges_nothing ... ignored, requires CUDA device; enable the gpu-tests feature on a CUDA runner
2026-08-22T20:11:25.6875313Z test small_allocations_share_granules_instead_of_each_taking_one ... ignored, requires CUDA device; enable the gpu-tests feature on a CUDA runner
2026-08-22T20:11:25.6875805Z 
2026-08-22T20:11:25.6876026Z test result: ok. 0 passed; 0 failed; 17 ignored; 0 measured; 0 filtered out; finished in 0.00s
2026-08-22T20:11:25.6876349Z 
2026-08-22T20:11:25.6882237Z [1m[92m     Running[0m tests\vmm_commit_shared_prefix_gpu.rs (target\debug\deps\vmm_commit_shared_prefix_gpu-990ea0d05fb0e66d.exe)
2026-08-22T20:11:25.7053813Z 
2026-08-22T20:11:25.7054052Z running 7 tests
2026-08-22T20:11:25.7054687Z test a_write_into_a_shared_prefix_faults_and_the_context_survives ... ignored, requires CUDA device; enable the gpu-tests feature on a CUDA runner
2026-08-22T20:11:25.7055533Z test admitting_a_sharer_costs_only_private_bytes ... ignored, requires CUDA device; enable the gpu-tests feature on a CUDA runner
2026-08-22T20:11:25.7056405Z test foreign_device_and_authority_prefixes_are_not_free_and_are_rejected ... ignored, requires CUDA device; enable the gpu-tests feature on a CUDA runner
2026-08-22T20:11:25.7057329Z test n_sequences_share_one_pinned_prefix_charged_once_alive_until_last ... ignored, requires CUDA device; enable the gpu-tests feature on a CUDA runner
2026-08-22T20:11:25.7058605Z test one_and_two_granule_prefix_boundaries_map_and_cleanup ... ignored, requires CUDA device; enable the gpu-tests feature on a CUDA runner
2026-08-22T20:11:25.7059714Z test repeated_precommitted_fallback_reuses_without_leaking ... ignored, requires CUDA device; enable the gpu-tests feature on a CUDA runner
2026-08-22T20:11:25.7060612Z test unsupported_shared_prefix_requests_error_rather_than_mismap ... ignored, requires CUDA device; enable the gpu-tests feature on a CUDA runner
2026-08-22T20:11:25.7061113Z 
2026-08-22T20:11:25.7061331Z test result: ok. 0 passed; 0 failed; 7 ignored; 0 measured; 0 filtered out; finished in 0.00s
2026-08-22T20:11:25.7061645Z 
2026-08-22T20:11:25.7077566Z [1m[92m     Running[0m tests\vmm_dummy_page_gpu.rs (target\debug\deps\vmm_dummy_page_gpu-71b03d03450be127.exe)
2026-08-22T20:11:25.7246857Z 
2026-08-22T20:11:25.7247060Z running 2 tests
2026-08-22T20:11:25.7247565Z test dummy_backed_tail_removes_the_padded_read_fault ... ignored, requires CUDA device; enable the gpu-tests feature on a CUDA runner
2026-08-22T20:11:25.7249110Z test dummy_to_real_growth_remap_cost ... ignored, requires CUDA device; enable the gpu-tests feature on a CUDA runner
2026-08-22T20:11:25.7249574Z 
2026-08-22T20:11:25.7250004Z test result: ok. 0 passed; 0 failed; 2 ignored; 0 measured; 0 filtered out; finished in 0.00s
2026-08-22T20:11:25.7250351Z 
2026-08-22T20:11:25.7266072Z [1m[92m     Running[0m tests\vmm_dummy_page_ledger_gpu.rs (target\debug\deps\vmm_dummy_page_ledger_gpu-ec5f6fe46bf03792.exe)
2026-08-22T20:11:25.7439030Z 
2026-08-22T20:11:25.7439544Z running 2 tests
2026-08-22T20:11:25.7440574Z test one_dummy_handle_at_many_vas_is_one_physical_page ... ignored, requires CUDA device; enable the gpu-tests feature on a CUDA runner
2026-08-22T20:11:25.7441472Z test shared_granule_is_charged_once_and_freed_to_zero_in_the_real_ledger ... ignored, requires CUDA device; enable the gpu-tests feature on a CUDA runner
2026-08-22T20:11:25.7441988Z 
2026-08-22T20:11:25.7442223Z test result: ok. 0 passed; 0 failed; 2 ignored; 0 measured; 0 filtered out; finished in 0.00s
2026-08-22T20:11:25.7442538Z 
2026-08-22T20:11:25.7465967Z [1m[92m     Running[0m tests\vmm_dummy_write_protect_gpu.rs (target\debug\deps\vmm_dummy_write_protect_gpu-338abf4687cf6510.exe)
2026-08-22T20:11:25.7662054Z 
2026-08-22T20:11:25.7662681Z running 1 test
2026-08-22T20:11:25.7663253Z test read_only_dummy_kernel_write_fault_is_sticky ... ignored, requires CUDA device; enable the gpu-tests feature on a CUDA runner
2026-08-22T20:11:25.7663708Z 
2026-08-22T20:11:25.7663947Z test result: ok. 0 passed; 0 failed; 1 ignored; 0 measured; 0 filtered out; finished in 0.00s
2026-08-22T20:11:25.7664266Z 
2026-08-22T20:11:25.7684758Z [1m[92m     Running[0m tests\vmm_granularity_gpu.rs (target\debug\deps\vmm_granularity_gpu-4271949d85c76c4a.exe)
2026-08-22T20:11:25.7851703Z 
2026-08-22T20:11:25.7851934Z running 3 tests
2026-08-22T20:11:25.7852800Z test granularity_cost_minimum_vs_recommended ... ignored, requires CUDA device; enable the gpu-tests feature on a CUDA runner
2026-08-22T20:11:25.7854020Z test minimum_granularity_dummy_pattern_works_including_captured_replay ... ignored, requires CUDA device; enable the gpu-tests feature on a CUDA runner
2026-08-22T20:11:25.7857484Z test report_both_allocation_granularities ... ignored, requires CUDA device; enable the gpu-tests feature on a CUDA runner
2026-08-22T20:11:25.7857918Z 
2026-08-22T20:11:25.7858140Z test result: ok. 0 passed; 0 failed; 3 ignored; 0 measured; 0 filtered out; finished in 0.00s
2026-08-22T20:11:25.7858450Z 
2026-08-22T20:11:25.7873275Z [1m[92m     Running[0m tests\vmm_graph_remap_gpu.rs (target\debug\deps\vmm_graph_remap_gpu-1fa47a292b0ccc5a.exe)
2026-08-22T20:11:25.8039481Z 
2026-08-22T20:11:25.8040025Z running 4 tests
2026-08-22T20:11:25.8040694Z test captured_graph_replay_survives_growth_shaped_additional_mapping ... ignored, requires CUDA device; enable the gpu-tests feature on a CUDA runner
2026-08-22T20:11:25.8041652Z test captured_graph_replay_writes_new_physical_memory_after_full_remap ... ignored, requires CUDA device; enable the gpu-tests feature on a CUDA runner
2026-08-22T20:11:25.8042597Z test cu_mem_map_during_thread_local_capture_returns_success_on_this_driver ... ignored, requires CUDA device; enable the gpu-tests feature on a CUDA runner
2026-08-22T20:11:25.8043996Z test one_physical_handle_mapped_at_two_virtual_addresses_is_visible_to_captured_graph ... ignored, requires CUDA device; enable the gpu-tests feature on a CUDA runner
2026-08-22T20:11:25.8044588Z 
2026-08-22T20:11:25.8044822Z test result: ok. 0 passed; 0 failed; 4 ignored; 0 measured; 0 filtered out; finished in 0.00s
2026-08-22T20:11:25.8045139Z 
2026-08-22T20:11:25.8062244Z [1m[92m     Running[0m tests\vmm_kv_contiguous_tail_gpu.rs (target\debug\deps\vmm_kv_contiguous_tail_gpu-ab06bdbf6d3b7649.exe)
2026-08-22T20:11:25.8230983Z 
2026-08-22T20:11:25.8231186Z running 3 tests
2026-08-22T20:11:25.8232156Z test bounded_read_of_contiguous_va_leaves_tail_granules_uncommitted ... ignored, requires CUDA device; enable the gpu-tests feature on a CUDA runner
2026-08-22T20:11:25.8234040Z test head_major_full_context_stride_pays_one_granule_per_object ... ignored, requires CUDA device; enable the gpu-tests feature on a CUDA runner
2026-08-22T20:11:25.8236148Z test padded_read_into_uncommitted_tail_faults_forcing_commit ... ignored, requires CUDA device; enable the gpu-tests feature on a CUDA runner
2026-08-22T20:11:25.8236680Z 
2026-08-22T20:11:25.8236913Z test result: ok. 0 passed; 0 failed; 3 ignored; 0 measured; 0 filtered out; finished in 0.00s
2026-08-22T20:11:25.8237236Z 
2026-08-22T20:11:25.8252240Z [1m[92m     Running[0m tests\vmm_kv_layout_residency_gpu.rs (target\debug\deps\vmm_kv_layout_residency_gpu-c7815cdf648256c9.exe)
2026-08-22T20:11:25.8421352Z 
2026-08-22T20:11:25.8421584Z running 2 tests
2026-08-22T20:11:25.8422133Z test layout_decides_committed_bytes_at_the_near_empty_floor ... ignored, requires CUDA device; enable the gpu-tests feature on a CUDA runner
2026-08-22T20:11:25.8423350Z test seq_major_fixed_stride_grows_under_captured_replay_without_recapture ... ignored, requires CUDA device; enable the gpu-tests feature on a CUDA runner
2026-08-22T20:11:25.8423909Z 
2026-08-22T20:11:25.8424140Z test result: ok. 0 passed; 0 failed; 2 ignored; 0 measured; 0 filtered out; finished in 0.00s
2026-08-22T20:11:25.8424457Z 
2026-08-22T20:11:25.8442522Z [1m[92m     Running[0m tests\vmm_kv_token_major_floor_gpu.rs (target\debug\deps\vmm_kv_token_major_floor_gpu-16d14ebd09532ffb.exe)
2026-08-22T20:11:25.8609122Z 
2026-08-22T20:11:25.8609341Z running 2 tests
2026-08-22T20:11:25.8610351Z test head_major_fixed_stride_commits_one_granule_per_object ... ignored, requires CUDA device; enable the gpu-tests feature on a CUDA runner
2026-08-22T20:11:25.8611265Z test token_major_reservation_commits_one_granule_per_sequence ... ignored, requires CUDA device; enable the gpu-tests feature on a CUDA runner
2026-08-22T20:11:25.8611754Z 
2026-08-22T20:11:25.8611972Z test result: ok. 0 passed; 0 failed; 2 ignored; 0 measured; 0 filtered out; finished in 0.00s
2026-08-22T20:11:25.8612311Z 
2026-08-22T20:11:25.8630961Z [1m[92m     Running[0m tests\vmm_prefix_share_compose_gpu.rs (target\debug\deps\vmm_prefix_share_compose_gpu-5751614bb130cfea.exe)
2026-08-22T20:11:25.8799638Z 
2026-08-22T20:11:25.8800202Z running 1 test
2026-08-22T20:11:25.8800814Z test shared_prefix_and_dummy_tail_coexist_in_one_reservation ... ignored, requires CUDA device; enable the gpu-tests feature on a CUDA runner
2026-08-22T20:11:25.8801307Z 
2026-08-22T20:11:25.8801526Z test result: ok. 0 passed; 0 failed; 1 ignored; 0 measured; 0 filtered out; finished in 0.00s
2026-08-22T20:11:25.8801842Z 
2026-08-22T20:11:25.8820970Z [1m[92m     Running[0m tests\vmm_prefix_share_gpu.rs (target\debug\deps\vmm_prefix_share_gpu-abb8a450eddad067.exe)
2026-08-22T20:11:25.8986715Z 
2026-08-22T20:11:25.8986928Z running 2 tests
2026-08-22T20:11:25.8987574Z test copy_on_write_at_the_shared_boundary_granule_cost_and_isolation ... ignored, requires CUDA device; enable the gpu-tests feature on a CUDA runner
2026-08-22T20:11:25.8988881Z test one_prefix_granule_shared_across_n_sequences_reads_identically_under_replay ... ignored, requires CUDA device; enable the gpu-tests feature on a CUDA runner
2026-08-22T20:11:25.8989462Z 
2026-08-22T20:11:25.8989682Z test result: ok. 0 passed; 0 failed; 2 ignored; 0 measured; 0 filtered out; finished in 0.00s
2026-08-22T20:11:25.8989997Z 
2026-08-22T20:11:25.9008130Z [1m[92m     Running[0m tests\vmm_prefix_share_ledger_gpu.rs (target\debug\deps\vmm_prefix_share_ledger_gpu-d4a6a07d433e76e0.exe)
2026-08-22T20:11:25.9175585Z 
2026-08-22T20:11:25.9175968Z running 1 test
2026-08-22T20:11:25.9176725Z test shared_prefix_granule_charged_once_alive_until_last_and_nth_sharer_is_free ... ignored, requires CUDA device; enable the gpu-tests feature on a CUDA runner
2026-08-22T20:11:25.9177275Z 
2026-08-22T20:11:25.9177495Z test result: ok. 0 passed; 0 failed; 1 ignored; 0 measured; 0 filtered out; finished in 0.00s
2026-08-22T20:11:25.9177807Z 
2026-08-22T20:11:25.9196703Z [1m[92m     Running[0m tests\vmm_prefix_share_write_protect_gpu.rs (target\debug\deps\vmm_prefix_share_write_protect_gpu-cf8c39e1144637ca.exe)
2026-08-22T20:11:25.9366029Z 
2026-08-22T20:11:25.9366260Z running 1 test
2026-08-22T20:11:25.9367390Z test shared_prefix_kernel_write_fault_is_sticky ... ignored, requires CUDA device; enable the gpu-tests feature on a CUDA runner
2026-08-22T20:11:25.9367906Z 
2026-08-22T20:11:25.9368146Z test result: ok. 0 passed; 0 failed; 1 ignored; 0 measured; 0 filtered out; finished in 0.00s
2026-08-22T20:11:25.9368460Z 
2026-08-22T20:11:25.9387137Z [1m[92m     Running[0m tests\vmm_process_fault_isolation_gpu.rs (target\debug\deps\vmm_process_fault_isolation_gpu-99d9217616051b11.exe)
2026-08-22T20:11:25.9559298Z 
2026-08-22T20:11:25.9559597Z running 0 tests
2026-08-22T20:11:25.9559744Z 
2026-08-22T20:11:25.9560440Z test result: ok. 0 passed; 0 failed; 0 ignored; 0 measured; 0 filtered out; finished in 0.00s
2026-08-22T20:11:25.9560775Z 
2026-08-22T20:11:25.9579634Z [1m[92m     Running[0m tests\vmm_refcount_gpu.rs (target\debug\deps\vmm_refcount_gpu-7393ce4a8318235e.exe)
2026-08-22T20:11:25.9744399Z 
2026-08-22T20:11:25.9744799Z running 1 test
2026-08-22T20:11:25.9745495Z test granule_reference_counts_balance_across_shared_allocations ... ignored, requires CUDA device; enable the gpu-tests feature on a CUDA runner
2026-08-22T20:11:25.9746013Z 
2026-08-22T20:11:25.9746238Z test result: ok. 0 passed; 0 failed; 1 ignored; 0 measured; 0 filtered out; finished in 0.00s
2026-08-22T20:11:25.9746552Z 
2026-08-22T20:11:25.9766424Z [1m[92m     Running[0m tests\vmm_release_quarantine.rs (target\debug\deps\vmm_release_quarantine-11cd4b51a556290f.exe)
2026-08-22T20:11:25.9934065Z 
2026-08-22T20:11:25.9934423Z running 12 tests
2026-08-22T20:11:25.9940233Z test a_release_that_unmaps_nothing_is_still_complete ... ok
2026-08-22T20:11:25.9941060Z test a_quarantined_handle_refunds_the_mapped_axis_only ... ok
2026-08-22T20:11:25.9942078Z test a_failed_rollback_is_reported_as_such_and_never_as_restored ... ok
2026-08-22T20:11:25.9942752Z test a_commit_rollback_that_cannot_unmap_reports_what_stays_mapped ... ok
2026-08-22T20:11:25.9944522Z test a_run_that_never_unmapped_reports_quarantine_rather_than_a_bare_failure ... ok
2026-08-22T20:11:25.9953659Z test a_rolled_back_decommit_restores_every_block_with_its_original_protection ... ok
2026-08-22T20:11:25.9954350Z test a_shared_granule_outlives_every_sharer_but_the_last ... ok
2026-08-22T20:11:25.9954769Z test any_single_run_can_fail_its_unmap_without_disturbing_the_others ... ok
2026-08-22T20:11:25.9955162Z test fault_plans_do_not_leak_between_instances ... ok
2026-08-22T20:11:25.9955505Z test disposal_distinguishes_settled_from_quarantined ... ok
2026-08-22T20:11:25.9955897Z test the_unmap_phase_retains_every_handle_for_the_disposal_phase ... ok
2026-08-22T20:11:25.9956319Z test concurrent_releases_of_disjoint_spans_conserve_every_byte ... ok
2026-08-22T20:11:25.9956910Z 
2026-08-22T20:11:25.9958200Z test result: ok. 12 passed; 0 failed; 0 ignored; 0 measured; 0 filtered out; finished in 0.00s
2026-08-22T20:11:25.9958569Z 
2026-08-22T20:11:25.9974528Z [1m[92m     Running[0m tests\vmm_release_quarantine_gpu.rs (target\debug\deps\vmm_release_quarantine_gpu-5381efbd7570fec8.exe)
2026-08-22T20:11:26.0156777Z 
2026-08-22T20:11:26.0157043Z running 5 tests
2026-08-22T20:11:26.0158034Z test a_clean_release_is_complete_and_returns_its_address ... ignored, requires CUDA device; enable the gpu-tests feature on a CUDA runner
2026-08-22T20:11:26.0159026Z test a_refused_handle_release_refunds_the_mapping_but_not_the_ownership ... ignored, requires CUDA device; enable the gpu-tests feature on a CUDA runner
2026-08-22T20:11:26.0159954Z test a_refused_unmap_quarantines_the_span_and_withholds_its_address ... ignored, requires CUDA device; enable the gpu-tests feature on a CUDA runner
2026-08-22T20:11:26.0161825Z test a_rolled_back_decommit_leaves_the_buffer_readable ... ignored, requires CUDA device; enable the gpu-tests feature on a CUDA runner
2026-08-22T20:11:26.0162758Z test a_successful_decommit_reports_exactly_what_it_unmapped ... ignored, requires CUDA device; enable the gpu-tests feature on a CUDA runner
2026-08-22T20:11:26.0163258Z 
2026-08-22T20:11:26.0163481Z test result: ok. 0 passed; 0 failed; 5 ignored; 0 measured; 0 filtered out; finished in 0.00s
2026-08-22T20:11:26.0163790Z 
2026-08-22T20:11:26.0178671Z [1m[92m     Running[0m tests\vmm_stable_va_weight_slot_gpu.rs (target\debug\deps\vmm_stable_va_weight_slot_gpu-8845c3a98f92645f.exe)
2026-08-22T20:11:26.0346167Z 
2026-08-22T20:11:26.0346417Z running 1 test
2026-08-22T20:11:26.0346991Z test captured_read_from_stable_va_tracks_repaged_physical_granules ... ignored, requires CUDA device; enable the gpu-tests feature on a CUDA runner
2026-08-22T20:11:26.0347769Z 
2026-08-22T20:11:26.0348063Z test result: ok. 0 passed; 0 failed; 1 ignored; 0 measured; 0 filtered out; finished in 0.00s
2026-08-22T20:11:26.0348390Z 
2026-08-22T20:11:26.0367775Z [1m[92m     Running[0m tests\vmm_stats_gpu.rs (target\debug\deps\vmm_stats_gpu-975dad9c2d47ca67.exe)
2026-08-22T20:11:26.0529645Z 
2026-08-22T20:11:26.0529856Z running 1 test
2026-08-22T20:11:26.0530743Z test the_counters_follow_a_full_allocate_and_free_cycle ... ignored, requires CUDA device; enable the gpu-tests feature on a CUDA runner
2026-08-22T20:11:26.0531229Z 
2026-08-22T20:11:26.0531450Z test result: ok. 0 passed; 0 failed; 1 ignored; 0 measured; 0 filtered out; finished in 0.00s
2026-08-22T20:11:26.0531770Z 
2026-08-22T20:11:26.0549861Z [1m[92m     Running[0m unittests src\lib.rs (target\debug\deps\onnx_runtime_dlpack-19264100e9d6de84.exe)
2026-08-22T20:11:26.0713805Z 
2026-08-22T20:11:26.0714021Z running 14 tests
2026-08-22T20:11:26.0718418Z test tests::abi_layout_is_dlpack_compatible ... ok
2026-08-22T20:11:26.0718798Z test tests::cuda_device_constants_match_dlpack_abi ... ok
2026-08-22T20:11:26.0719940Z test tests::call_deleter_is_idempotent_across_explicit_call_and_drop ... ok
2026-08-22T20:11:26.0720861Z test tests::borrowed_view_reads_fields ... ok
2026-08-22T20:11:26.0721910Z test tests::deleter_drops_the_keep_alive_owner_once ... ok
2026-08-22T20:11:26.0724697Z test tests::export_and_borrow_round_trip_cuda_device ... ok
2026-08-22T20:11:26.0725813Z test tests::export_sets_fields_and_interior_pointers ... ok
2026-08-22T20:11:26.0726944Z test tests::export_rejects_mismatched_non_empty_strides - should panic ... ok
2026-08-22T20:11:26.0727386Z test tests::owner_calls_foreign_deleter_exactly_once ... ok
2026-08-22T20:11:26.0728168Z test tests::strides_round_trip_when_non_empty ... ok
2026-08-22T20:11:26.0728587Z test tests::versioned_export_carries_version_and_writable_flag ... ok
2026-08-22T20:11:26.0729048Z test tests::owner_dropped_on_spawned_thread_runs_deleter_once ... ok
2026-08-22T20:11:26.0729475Z test tests::versioned_owner_calls_foreign_deleter_exactly_once ... ok
2026-08-22T20:11:26.0729830Z test tests::versioned_read_only_sets_flag ... ok
2026-08-22T20:11:26.0730018Z 
2026-08-22T20:11:26.0730259Z test result: ok. 14 passed; 0 failed; 0 ignored; 0 measured; 0 filtered out; finished in 0.00s
2026-08-22T20:11:26.0730580Z 
2026-08-22T20:11:26.0750016Z [1m[92m     Running[0m unittests src\lib.rs (target\debug\deps\onnx_runtime_eager-17cea82e34babd42.exe)
2026-08-22T20:11:26.0918378Z 
2026-08-22T20:11:26.0918630Z running 13 tests
2026-08-22T20:11:26.0927170Z test domain::tests::custom_domain_registration ... ok
2026-08-22T20:11:26.0928700Z test cache::tests::miss_then_hit_same_key ... ok
2026-08-22T20:11:26.0929419Z test cache::tests::distinct_shapes_are_distinct_entries ... ok
2026-08-22T20:11:26.0930439Z test cache::tests::lru_evicts_oldest_over_capacity ... ok
2026-08-22T20:11:26.0931682Z test domain::tests::defaults_are_registered ... ok
2026-08-22T20:11:26.0933281Z test domain::tests::explicit_opset_overrides_domain_default ... ok
2026-08-22T20:11:26.0934951Z test domain::tests::unregistered_domain_defaults_to_latest ... ok
2026-08-22T20:11:26.0936086Z test tests::context_is_send_sync ... ok
2026-08-22T20:11:26.0936552Z test opset::tests::explicit_wins_over_default ... ok
2026-08-22T20:11:26.0936911Z test tests::resolve_device_mixed_is_error ... ok
2026-08-22T20:11:26.0967986Z test tests::resolve_device_same_device_ok ... ok
2026-08-22T20:11:26.0968350Z test tests::resolve_device_no_inputs_uses_default ... ok
2026-08-22T20:11:26.0968655Z test tests::new_context_detects_cpu ... ok
2026-08-22T20:11:26.0968831Z 
2026-08-22T20:11:26.0969053Z test result: ok. 13 passed; 0 failed; 0 ignored; 0 measured; 0 filtered out; finished in 0.01s
2026-08-22T20:11:26.0969371Z 
2026-08-22T20:11:26.0990182Z [1m[92m     Running[0m tests\dispatch.rs (target\debug\deps\dispatch-e7ec02f8f642b12d.exe)
2026-08-22T20:11:26.1248230Z 
2026-08-22T20:11:26.1248479Z running 11 tests
2026-08-22T20:11:26.1947885Z test dispatch_allows_omitting_optional_trailing_output ... ok
2026-08-22T20:11:26.1948474Z test dispatch_add_f32 ... ok
2026-08-22T20:11:26.1951130Z test dispatch_custom_domain_gelu ... ok
2026-08-22T20:11:26.1973837Z test dispatch_relu_f32 ... ok
2026-08-22T20:11:26.2000996Z test dispatch_rejects_invalid_or_unsupported_output_counts_cleanly ... ok
2026-08-22T20:11:26.2015131Z test dispatch_unknown_op_is_no_kernel ... ok
2026-08-22T20:11:26.2028439Z test explicit_opset_is_accepted ... ok
2026-08-22T20:11:26.2043889Z test kernel_cache_reuses_same_op_and_shape ... ok
2026-08-22T20:11:26.2044483Z test dispatch_split_materializes_all_requested_outputs_in_order ... ok
2026-08-22T20:11:26.2068001Z test dispatch_topk_returns_values_and_indices_for_largest_and_smallest ... ok
2026-08-22T20:11:26.2145133Z test dispatch_matmul_f32 ... ok
2026-08-22T20:11:26.2145309Z 
2026-08-22T20:11:26.2149573Z test result: ok. 11 passed; 0 failed; 0 ignored; 0 measured; 0 filtered out; finished in 0.09s
2026-08-22T20:11:26.2149915Z 
2026-08-22T20:11:26.2177227Z [1m[92m     Running[0m tests\zeroed_tensors.rs (target\debug\deps\zeroed_tensors-053ecb2b3a7ef728.exe)
2026-08-22T20:11:26.2436648Z 
2026-08-22T20:11:26.2436891Z running 2 tests
2026-08-22T20:11:26.2710655Z test a_zeroed_tensor_is_zero_even_when_the_allocator_returns_dirty_memory ... ok
2026-08-22T20:11:26.2711537Z test a_zeroed_tensor_of_no_elements_is_still_a_valid_tensor ... ok
2026-08-22T20:11:26.2712135Z 
2026-08-22T20:11:26.2718574Z test result: ok. 2 passed; 0 failed; 0 ignored; 0 measured; 0 filtered out; finished in 0.03s
2026-08-22T20:11:26.2718924Z 
2026-08-22T20:11:26.2741924Z [1m[92m     Running[0m unittests src\lib.rs (target\debug\deps\onnx_runtime_ep_api-2bfd71e24a9f1c9a.exe)
2026-08-22T20:11:26.2914141Z 
2026-08-22T20:11:26.2914370Z running 61 tests
2026-08-22T20:11:26.2923970Z test epcontext::tests::build_registry_from_eps_skips_non_participants ... ok
2026-08-22T20:11:26.2924803Z test epcontext::tests::duplicate_source_key_is_rejected ... ok
2026-08-22T20:11:26.2926028Z test epcontext::tests::build_registry_from_eps_propagates_duplicate_error ... ok
2026-08-22T20:11:26.2927289Z test epcontext::tests::plain_ep_defaults_are_empty_and_unsupported ... ok
2026-08-22T20:11:26.2928297Z test epcontext::tests::no_ep_for_context_error_carries_source ... ok
2026-08-22T20:11:26.2928912Z test abi::host::tests::projects_graph_and_records_fused_claim_boundaries ... ok
2026-08-22T20:11:26.2929381Z test epcontext::tests::re_registering_same_binding_is_idempotent ... ok
2026-08-22T20:11:26.2930277Z test epcontext::tests::register_and_claim_by_source_key ... ok
2026-08-22T20:11:26.2930898Z test epcontext::tests::unmatched_and_absent_source_are_unclaimed ... ok
2026-08-22T20:11:26.2934190Z test epcontext::tests::save_load_round_trip_preserves_bytes ... ok
2026-08-22T20:11:26.2935378Z test host_parallel::tests::a_handle_without_a_probe_cell_always_uses_the_host ... ok
2026-08-22T20:11:26.2937063Z test host_parallel::tests::a_helping_host_is_used_from_then_on ... ok
2026-08-22T20:11:26.2937536Z test host_parallel::tests::a_handle_is_not_visible_from_another_thread ... ok
2026-08-22T20:11:26.2938552Z test host_parallel::tests::a_probe_does_not_carry_the_callers_work ... ok
2026-08-22T20:11:26.2940789Z test host_parallel::tests::a_single_index_runs_inline_and_is_still_marked ... ok
2026-08-22T20:11:26.2942492Z test host_parallel::tests::bodies_run_marked_and_the_mark_does_not_leak ... ok
2026-08-22T20:11:26.2951020Z test host_parallel::tests::empty_total_runs_nothing ... ok
2026-08-22T20:11:26.2953862Z test host_parallel::tests::an_unhelpful_host_is_asked_less_and_less_often ... ok
2026-08-22T20:11:26.2957263Z test host_parallel::tests::no_host_is_installed_by_default ... ok
2026-08-22T20:11:26.2958336Z test host_parallel::tests::run_covers_every_index_exactly_once ... ok
2026-08-22T20:11:26.2958967Z test host_parallel::tests::scope_installs_and_restores ... ok
2026-08-22T20:11:26.2963398Z test host_parallel::tests::scope_restores_on_unwind ... ok
2026-08-22T20:11:26.2963817Z test host_parallel::tests::the_mark_survives_a_panicking_body ... ok
2026-08-22T20:11:26.2964261Z test host_parallel::tests::the_opening_burst_probes_every_dispatch ... ok
2026-08-22T20:11:26.2966660Z test host_parallel::tests::concurrent_dispatches_keep_the_cell_sane ... ok
2026-08-22T20:11:26.2967794Z test kernel::tests::cost_builders_are_additive ... ok
2026-08-22T20:11:26.2968337Z test kernel::tests::cost_zero_and_total ... ok
2026-08-22T20:11:26.2968723Z test kernel::tests::cuda_graph_compatible_shim_matches_capture_support ... ok
2026-08-22T20:11:26.2969662Z test kernel::tests::kernel_match_reports_support ... ok
2026-08-22T20:11:26.2970798Z test kernel::tests::kernel_variant_selection_carries_winner_and_reason ... ok
2026-08-22T20:11:26.2971349Z test kernel::tests::legacy_kernel_adapter_receives_the_resident_tensor_path ... ok
2026-08-22T20:11:26.2973842Z test kernel::tests::record_kernel_variant_without_active_span_skips_formatting ... ok
2026-08-22T20:11:26.2974433Z test kernel::tests::record_kernel_variant_annotates_active_span ... ok
2026-08-22T20:11:26.2974880Z test kernel::tests::require_macro_carries_formatted_decline_reason ... ok
2026-08-22T20:11:26.2975421Z test kernel::tests::record_kernel_variant_stage_namespaces_multiple_subdecisions ... ok
2026-08-22T20:11:26.2978171Z test kernel::trace_standard_tests::worker_span_is_gated_on_full_verbosity ... ok
2026-08-22T20:11:26.2979692Z test provider::tests::a_raw_or_borrowed_buffer_has_no_bound_owner ... ok
2026-08-22T20:11:26.2981782Z test provider::tests::a_bound_buffer_carries_the_owner_that_minted_it ... ok
2026-08-22T20:11:26.2982761Z test provider::tests::borrowed_buffer_aliases_without_owning ... ok
2026-08-22T20:11:26.2983492Z test provider::tests::borrowed_mut_buffer_writes_without_owning ... ok
2026-08-22T20:11:26.2983980Z test provider::tests::a_managed_buffer_keeps_charge_attached_to_bound_ownership ... ok
2026-08-22T20:11:26.2985525Z test provider::tests::buffer_metadata_and_single_free ... ok
2026-08-22T20:11:26.2986178Z test provider::tests::device_buffer_is_send_sync ... ok
2026-08-22T20:11:26.2987648Z test provider::tests::dropping_a_bound_buffer_quarantines_instead_of_freeing ... ok
2026-08-22T20:11:26.2988111Z test provider::tests::buffer_moves_across_thread ... ok
2026-08-22T20:11:26.2990032Z test provider::tests::failed_workspace_deallocation_quarantine_keeps_compatibility_charge ... ok
2026-08-22T20:11:26.2990944Z test provider::tests::into_raw_refuses_to_strip_bound_ownership ... ok
2026-08-22T20:11:26.2991377Z test provider::tests::owned_buffer_is_not_borrowed ... ok
2026-08-22T20:11:26.2991771Z test provider::tests::into_raw_with_owner_is_the_explicit_escape_hatch ... ok
2026-08-22T20:11:26.2993252Z test tensor::tests::contiguous_view_roundtrips_invariants ... ok
2026-08-22T20:11:26.2993694Z test tensor::tests::mut_view_offset_pointer ... ok
2026-08-22T20:11:26.2994421Z test tensor::tests::negative_strides_are_representable ... ok
2026-08-22T20:11:26.2995155Z test tensor::tests::strided_noncontiguous_view_is_representable ... ok
2026-08-22T20:11:26.2996289Z test tensor::tests::sub_byte_byte_size_uses_packing ... ok
2026-08-22T20:11:26.2998739Z test tensor::tests::validate_rejects_misaligned_offset_and_string_and_null ... ok
2026-08-22T20:11:26.3000246Z test tensor::tests::validate_rejects_rank_mismatch ... ok
2026-08-22T20:11:26.3001098Z test weight::tests::nxrt_capability_preserves_lazy_block_quantized_moe_handle ... ok
2026-08-22T20:11:26.3001632Z test weight::tests::offload_boundary_recognizes_dense_and_moe_boundaries ... ok
2026-08-22T20:11:26.3002144Z test weight::tests::phase3a_device_binding_is_explicitly_unsupported_with_host_route ... ok
2026-08-22T20:11:26.3002635Z test weight::tests::stock_ep_materializes_the_resident_fallback ... ok
2026-08-22T20:11:26.3079551Z test registry::tests::indexed_queries_match_linear_reference ... ok
2026-08-22T20:11:26.3079823Z 
2026-08-22T20:11:26.3080259Z test result: ok. 61 passed; 0 failed; 0 ignored; 0 measured; 0 filtered out; finished in 0.02s
2026-08-22T20:11:26.3080664Z 
2026-08-22T20:11:26.3102907Z [1m[92m     Running[0m tests\mock_ep.rs (target\debug\deps\mock_ep-c6762e018cfbfb9b.exe)
2026-08-22T20:11:26.3264303Z 
2026-08-22T20:11:26.3264482Z running 12 tests
2026-08-22T20:11:26.3274741Z test ep_registry_lists_candidates_in_priority_order ... ok
2026-08-22T20:11:26.3275762Z test graph_view_capability_handles_empty_and_unregistered_graphs ... ok
2026-08-22T20:11:26.3276214Z test graph_view_capability_claims_all_supported_connected_nodes ... ok
2026-08-22T20:11:26.3278021Z test graph_view_capability_keeps_contrib_domains_distinct ... ok
2026-08-22T20:11:26.3278941Z test mock_ep_allocate_deallocate_roundtrip ... ok
2026-08-22T20:11:26.3279854Z test graph_view_capability_splits_nonconvex_partitions ... ok
2026-08-22T20:11:26.3281929Z test graph_view_capability_splits_regions_at_unsupported_nodes ... ok
2026-08-22T20:11:26.3282326Z test mock_ep_supports_and_builds_kernel ... ok
2026-08-22T20:11:26.3283701Z test op_registry_aliases_default_onnx_domains ... ok
2026-08-22T20:11:26.3284503Z test op_registry_isolates_contrib_domain ... ok
2026-08-22T20:11:26.3284841Z test op_registry_reports_below_earliest_version ... ok
2026-08-22T20:11:26.3285166Z test op_registry_resolves_highest_matching_opset ... ok
2026-08-22T20:11:26.3285704Z 
2026-08-22T20:11:26.3291426Z test result: ok. 12 passed; 0 failed; 0 ignored; 0 measured; 0 filtered out; finished in 0.00s
2026-08-22T20:11:26.3291911Z 
2026-08-22T20:11:26.3306611Z [1m[92m     Running[0m unittests src\lib.rs (target\debug\deps\onnx_runtime_ep_cpu-754051f26270f62f.exe)
2026-08-22T20:11:26.3506145Z 
2026-08-22T20:11:26.3506335Z running 1534 tests
2026-08-22T20:11:26.3511076Z test backend::tests::auto_detect_is_stable ... ok
2026-08-22T20:11:26.3512032Z test backend::tests::auto_detect_tracks_simd_x86_support ... ok
2026-08-22T20:11:26.3513116Z test backend::tests::backend_env_override_is_case_insensitive ... ok
2026-08-22T20:11:26.3514452Z test backend_ab::tests::gemm_backends_lead_with_a_native_baseline ... ok
2026-08-22T20:11:26.3516574Z test backend_ab::tests::gemm_backends_are_distinct ... ok
2026-08-22T20:11:26.3520792Z test backend_ab::tests::mlas_route_is_offered_exactly_when_it_is_linked ... ok
2026-08-22T20:11:26.3522750Z test backend_ab::tests::mlas_entry_points_report_availability_honestly ... ok
2026-08-22T20:11:26.3533430Z test backend_ab::tests::every_ab_covered_family_has_both_halves ... ok
2026-08-22T20:11:26.3534287Z test core_topology::tests::cap_never_inflates_a_request ... ok
2026-08-22T20:11:26.3535215Z test core_topology::tests::cap_never_returns_zero_for_a_real_request ... ok
2026-08-22T20:11:26.3536711Z test core_topology::tests::compact_mask_on_adjacent_smt_covers_half_the_cores ... ok
2026-08-22T20:11:26.3538710Z test core_topology::tests::detected_host_topology_is_self_consistent ... ok
2026-08-22T20:11:26.3539465Z test core_topology::tests::cpu_list_parser_handles_both_sysfs_spellings ... ok
2026-08-22T20:11:26.3540400Z test core_topology::tests::empty_allowed_set_reports_no_cores ... ok
2026-08-22T20:11:26.3541628Z test core_topology::tests::leaders_stay_inside_the_allowed_mask ... ok
2026-08-22T20:11:26.3543231Z test core_topology::tests::overlapping_groups_never_double_count_a_cpu ... ok
2026-08-22T20:11:26.3543821Z test core_topology::tests::no_smt_host_is_the_identity ... ok
2026-08-22T20:11:26.3544515Z test core_topology::tests::sibling_groups_are_deduplicated_and_ordered ... ok
2026-08-22T20:11:26.3545610Z test core_topology::tests::siblings_of_finds_the_group ... ok
2026-08-22T20:11:26.3546630Z test core_topology::tests::unknown_cpus_count_as_their_own_core ... ok
2026-08-22T20:11:26.3547975Z test core_topology::tests::split_enumeration_compact_mask_covers_every_core ... ok
2026-08-22T20:11:26.3548614Z test core_topology::tests::windows_detection_succeeds_and_covers_every_logical_cpu ... ok
2026-08-22T20:11:26.3551561Z test decode_affinity::tests::a_budget_that_fits_one_node_does_not_spill_across_nodes_for_cores ... ok
2026-08-22T20:11:26.3552268Z test decode_affinity::tests::auto_enable_declines_on_single_node_host ... ok
2026-08-22T20:11:26.3553657Z test decode_affinity::tests::auto_enable_declines_when_cpuset_restricts_to_one_node ... ok
2026-08-22T20:11:26.3555092Z test decode_affinity::tests::a_core_rich_node_wins_over_a_smaller_node_that_only_covers_the_thread_count ... ok
2026-08-22T20:11:26.3556380Z test decode_affinity::tests::auto_enable_declines_when_pinning_unsupported ... ok
2026-08-22T20:11:26.3556904Z test decode_affinity::tests::auto_enable_pins_compact_on_multi_node_host ... ok
2026-08-22T20:11:26.3557947Z test decode_affinity::tests::budget_cpus_fall_back_to_siblings_once_every_core_is_taken ... ok
2026-08-22T20:11:26.3559776Z test decode_affinity::tests::budget_cpus_stay_inside_the_cpuset_when_ranked_by_core ... ok
2026-08-22T20:11:26.3560459Z test decode_affinity::tests::budget_cpus_take_one_thread_per_core_before_doubling_up ... ok
2026-08-22T20:11:26.3561236Z test decode_affinity::tests::budget_of_the_whole_machine_is_unchanged_by_core_ranking ... ok
2026-08-22T20:11:26.3561785Z test decode_affinity::tests::choose_budget_cpus_never_exceeds_allowed_set ... ok
2026-08-22T20:11:26.3562394Z test decode_affinity::tests::choose_budget_cpus_prefers_a_single_node ... ok
2026-08-22T20:11:26.3563231Z test decode_affinity::tests::choose_budget_cpus_returns_none_without_any_usable_cpu ... ok
2026-08-22T20:11:26.3565983Z test decode_affinity::tests::choose_budget_cpus_tops_up_across_nodes_when_no_node_covers_count ... ok
2026-08-22T20:11:26.3566719Z test decode_affinity::tests::choose_budget_cpus_without_topology_uses_allowed_prefix ... ok
2026-08-22T20:11:26.3567254Z test decode_affinity::tests::compact_picks_smallest_covering_node ... ok
2026-08-22T20:11:26.3567988Z test decode_affinity::tests::compact_prefers_smallest_index_not_fewest_cpus ... ok
2026-08-22T20:11:26.3568540Z test decode_affinity::tests::explicit_off_opts_out_without_auto_log ... ok
2026-08-22T20:11:26.3571518Z test decode_affinity::tests::parses_affinity_modes ... ok
2026-08-22T20:11:26.3572403Z test decode_affinity::tests::numa_split_declines_when_topology_cannot_be_split ... ok
2026-08-22T20:11:26.3573537Z test decode_affinity::tests::explicit_modes_are_honored_and_validated_against_restricted_topology ... ok
2026-08-22T20:11:26.3574455Z test decode_affinity::tests::node_selector_reports_unknown_node ... ok
2026-08-22T20:11:26.3575085Z test decode_affinity::tests::parses_cpu_lists ... ok
2026-08-22T20:11:26.3575531Z test decode_affinity::tests::pin_targets_are_ordered_one_per_core_then_siblings ... ok
2026-08-22T20:11:26.3577152Z test decode_affinity::tests::pinning_supported_matches_target_os ... ok
2026-08-22T20:11:26.3578746Z test decode_affinity::tests::resolve_reports_consistent_diagnostics_for_invalid_values ... ok
2026-08-22T20:11:26.3579692Z test decode_affinity::tests::resolve_reports_topology_unavailable_for_node_without_topology ... ok
2026-08-22T20:11:26.3580485Z test decode_affinity::tests::restrict_to_allowed_filters_cpus_and_drops_empty_nodes ... ok
2026-08-22T20:11:26.3581023Z test decode_affinity::tests::smt_scaled_request_sizes_the_node_search_in_cores ... ok
2026-08-22T20:11:26.3582316Z test decode_affinity::tests::split_workers_caps_workers_at_node_cpu_count ... ok
2026-08-22T20:11:26.3584488Z test decode_affinity::tests::split_workers_needs_two_populated_nodes ... ok
2026-08-22T20:11:26.3584979Z test decode_affinity::tests::split_workers_spreads_evenly_across_nodes ... ok
2026-08-22T20:11:26.3585518Z test decode_affinity::tests::topped_up_cpus_compete_for_core_slots_instead_of_being_appended ... ok
2026-08-22T20:11:26.3610816Z test decode_numa::tests::dispatch_output_rows_matches_flat_computation ... ok
2026-08-22T20:11:26.3620500Z test decode_numa::tests::place_rows_preserves_bytes ... ok
2026-08-22T20:11:26.3621278Z test decode_numa::tests::place_rows_and_dispatch_share_the_same_partition ... ok
2026-08-22T20:11:26.3622528Z test decode_numa::tests::row_lengths_split_proportionally_and_cover_all_rows ... ok
2026-08-22T20:11:26.3627406Z test decode_spmd::dispatch_claim_tests::an_uncontended_dispatch_releases_the_claim_for_the_next_one ... ok
2026-08-22T20:11:26.3631584Z test decode_spmd::dispatch_claim_tests::a_panic_inside_the_critical_section_still_releases_the_claim ... ok
2026-08-22T20:11:26.3717394Z test decode_spmd::dispatch_claim_tests::every_shard_of_a_dispatch_runs_exactly_once ... ok
2026-08-22T20:11:26.3721766Z test decode_spmd::dispatch_claim_tests::a_reentrant_dispatch_runs_inline_instead_of_deadlocking ... ok
2026-08-22T20:11:26.3722402Z test decode_spmd::tests::a_budget_the_host_cannot_honour_never_reports_as_requested ... ok
2026-08-22T20:11:26.3749413Z test decode_spmd::tests::a_dispatcher_owned_shard_restores_the_requested_width ... ok
2026-08-22T20:11:26.3755133Z test decode_spmd::tests::a_half_known_width_is_never_satisfied ... ok
2026-08-22T20:11:26.3756774Z test decode_spmd::dispatch_claim_tests::two_threads_dispatching_at_once_each_get_their_own_complete_partition ... ok
2026-08-22T20:11:26.3762774Z test decode_spmd::tests::a_reduced_width_does_not_report_as_requested ... ok
2026-08-22T20:11:26.3773748Z test decode_spmd::tests::a_two_lane_budget_fans_out_across_the_dispatcher_and_one_worker ... ok
2026-08-22T20:11:26.3776885Z test decode_spmd::tests::adaptive_flag_enables_calibration ... ok
2026-08-22T20:11:26.3810764Z test decode_numa::tests::dispatch_output_rows_matches_flat_gemv_bit_for_bit ... ok
2026-08-22T20:11:26.3816844Z test decode_spmd::tests::block_contended_flags_a_nonuniform_block_only ... ok
2026-08-22T20:11:26.3817606Z test decode_spmd::tests::budget_lane_child ... ignored, spawned by an_explicit_budget_buys_its_full_width_end_to_end
2026-08-22T20:11:26.3903343Z test decode_spmd::tests::a_dispatcher_owned_shard_covers_its_rows_exactly_once ... ok
2026-08-22T20:11:26.3912869Z test decode_spmd::tests::calibrator_commits_flat_under_uniform_sustained_load_without_reprobing ... ok
2026-08-22T20:11:26.3918072Z test decode_spmd::tests::calibrator_commits_pool_only_when_clearly_faster ... ok
2026-08-22T20:11:26.3927937Z test decode_spmd::tests::calibrator_defaults_to_flat_before_any_measurement ... ok
2026-08-22T20:11:26.3928669Z test decode_spmd::tests::calibrator_probe_discards_the_transition_sample ... ok
2026-08-22T20:11:26.3934246Z test decode_spmd::tests::calibrator_probe_measures_flat_block_before_pool_block ... ok
2026-08-22T20:11:26.3945327Z test decode_spmd::tests::calibrator_probe_median_rejects_a_single_load_spike ... ok
2026-08-22T20:11:26.3952330Z test decode_spmd::tests::calibrator_reprobe_budget_is_bounded_and_then_commits ... ok
2026-08-22T20:11:26.3957475Z test decode_spmd::tests::calibrator_reprobes_a_burst_contaminated_pool_block_instead_of_committing ... ok
2026-08-22T20:11:26.3962429Z test decode_spmd::tests::calibrator_stays_committed_permanently_after_initial_probe ... ok
2026-08-22T20:11:26.3970774Z test decode_spmd::tests::calibrator_stays_flat_when_pool_slower_simulating_contention ... ok
2026-08-22T20:11:26.3973048Z test decode_spmd::tests::a_panic_in_the_dispatcher_shard_still_waits_for_the_workers ... ok
2026-08-22T20:11:26.3977219Z test decode_spmd::tests::calibrator_stays_flat_within_the_hysteresis_margin ... ok
2026-08-22T20:11:26.3977933Z test decode_spmd::tests::decode_schedule_parses_env_values ... ok
2026-08-22T20:11:26.3988520Z test decode_spmd::tests::default_selects_pool_without_probing ... ok
2026-08-22T20:11:26.4110901Z test decode_spmd::tests::an_explicit_budget_buys_its_full_width_end_to_end ... FAILED
2026-08-22T20:11:26.4160617Z test decode_spmd::tests::dispatch_output_rows_fans_out_under_a_narrow_ambient_rayon_pool ... ok
2026-08-22T20:11:26.4204997Z test decode_spmd::tests::dispatch_output_rows_matches_flat_computation ... ok
2026-08-22T20:11:26.4256459Z test decode_spmd::tests::dispatch_output_row_blocks_matches_flat_computation ... ok
2026-08-22T20:11:26.4266359Z test decode_spmd::tests::median_ns_picks_the_middle_and_guards_empty ... ok
2026-08-22T20:11:26.4267030Z test decode_spmd::tests::dispatch_preserves_per_row_reduction_bit_for_bit ... ok
2026-08-22T20:11:26.4292215Z test decode_spmd::tests::on_and_adaptive_build_the_pool_but_only_on_dispatches_unconditionally ... ok
2026-08-22T20:11:26.4310286Z test decode_spmd::tests::node_row_lengths_split_proportionally_and_cover_all_rows ... ok
2026-08-22T20:11:26.4323907Z test decode_spmd::tests::persistence_mode_parses_env_values ... ok
2026-08-22T20:11:26.4328568Z test decode_spmd::tests::panicking_worker_poison_is_reported_without_hanging ... ok
2026-08-22T20:11:26.4352390Z test decode_spmd::tests::process_default_decides_only_the_unset_case ... ok
2026-08-22T20:11:26.4357540Z test decode_spmd::tests::place_rows_preserves_bytes ... ok
2026-08-22T20:11:26.4358634Z test decode_spmd::tests::reading_the_decode_width_does_not_resolve_the_decode_path ... ok
2026-08-22T20:11:26.4373070Z test decode_spmd::tests::reserve_single_group_headroom_frees_a_dispatcher_cpu_when_fully_subscribed ... ok
2026-08-22T20:11:26.4374789Z test decode_spmd::tests::reserve_single_group_headroom_is_a_noop_when_headroom_exists_or_affinity_unknown ... ok
2026-08-22T20:11:26.4379664Z test decode_spmd::tests::reserve_split_headroom_floors_at_one_worker_per_node ... ok
2026-08-22T20:11:26.4380902Z test decode_spmd::tests::reserve_split_headroom_reserves_one_cpu_per_node_only_when_fully_subscribed ... ok
2026-08-22T20:11:26.4424018Z test decode_spmd::tests::the_dispatcher_only_claims_a_shard_when_headroom_was_reserved ... ok
2026-08-22T20:11:26.4426032Z test decode_spmd::tests::tiny_ops_run_serially_but_correctly ... ok
2026-08-22T20:11:26.4457472Z test decode_spmd::tests::work_stealing_segments_preserve_coarse_default_tiles ... ok
2026-08-22T20:11:26.4468551Z test decode_spmd::tests::work_stealing_dispatch_output_rows_matches_flat_computation ... ok
2026-08-22T20:11:26.4489494Z test decode_spmd::tests::worker_row_segments_aligned_is_identity_for_align_one ... ok
2026-08-22T20:11:26.4500697Z test decode_spmd::tests::worker_row_segments_aligned_snaps_interior_boundaries_and_covers_every_row ... ok
2026-08-22T20:11:26.4512354Z test dispatch_ledger::tests::backend_and_graduation_names_are_distinct_and_consistent ... ok
2026-08-22T20:11:26.4529389Z test decode_spmd::tests::worker_row_segments_are_disjoint_and_cover_every_row ... ok
2026-08-22T20:11:26.4531863Z test dispatch_ledger::tests::effective_route_degrades_without_mlas ... ok
2026-08-22T20:11:26.4537892Z test dispatch_ledger::tests::every_entry_carries_evidence ... ok
2026-08-22T20:11:26.4538325Z test dispatch_ledger::tests::family_names_are_unique ... ok
2026-08-22T20:11:26.4549459Z test dispatch_ledger::tests::gemm_families_report_the_reachable_route ... ok
2026-08-22T20:11:26.4550811Z test dispatch_ledger::tests::graduated_families_do_not_plan_mlas ... ok
2026-08-22T20:11:26.4557485Z test dispatch_ledger::tests::only_the_cpu_backend_families_use_the_gemm_gate ... ok
2026-08-22T20:11:26.4558701Z test dispatch_ledger::tests::observations_carry_host_evidence_and_the_documented_shape ... ok
2026-08-22T20:11:26.4574623Z test dispatch_ledger::tests::plan_is_total_and_unique ... ok
2026-08-22T20:11:26.4577189Z test dispatch_ledger::tests::plan_order_matches_family_order ... ok
2026-08-22T20:11:26.4583644Z test dispatch_ledger::tests::public_lookups_agree_with_the_plan_entry ... ok
2026-08-22T20:11:26.4599865Z test dispatch_ledger::tests::record_and_record_with_agree_on_what_they_store ... ok
2026-08-22T20:11:26.4608035Z test dispatch_ledger::tests::record_with_does_not_build_an_observation_while_disabled ... ok
2026-08-22T20:11:26.4621414Z test dispatch_ledger::tests::production_dispatch_sites_record_lazily ... ok
2026-08-22T20:11:26.4631249Z test dispatch_ledger::tests::render_plan_covers_every_family ... ok
2026-08-22T20:11:26.4653007Z test dtype::tests::bf16_bulk_conversion_handles_every_tail_length ... ok
2026-08-22T20:11:26.4660146Z test decode_spmd::tests::dispatch_is_reusable_across_many_ops ... ok
2026-08-22T20:11:26.4691863Z test dtype::tests::bf16_narrow_is_bit_identical_to_half ... ok
2026-08-22T20:11:26.4693958Z test dtype::tests::bf16_raw_widen_keeps_signalling_nan_signalling ... ok
2026-08-22T20:11:26.4701545Z test dtype::tests::bf16_tensor_round_trip_matches_scalar_reference ... ok
2026-08-22T20:11:26.4711912Z test dtype::tests::direct_write_guard_detects_overlap_and_shape ... ok
2026-08-22T20:11:26.4716866Z test dtype::tests::f16_roundtrips_through_f32_without_bit_reinterpret ... ok
2026-08-22T20:11:26.4727540Z test dtype::tests::float_min_max_propagate_nan ... ok
2026-08-22T20:11:26.4732902Z test dtype::tests::int_div_by_zero_is_zero_not_panic ... ok
2026-08-22T20:11:26.4741944Z test dtype::tests::int_ops_wrap ... ok
2026-08-22T20:11:26.4748789Z test dtype::tests::unsupported_dtype_message_has_what_why_how ... ok
2026-08-22T20:11:26.4762122Z test feature_default_guard::feature_lists_are_read_not_guessed ... ok
2026-08-22T20:11:26.4770259Z test feature_default_guard::mlas_is_not_a_default_feature ... ok
2026-08-22T20:11:26.4783648Z test kernels::activations::tests::activation_formulas_and_defaults ... ok
2026-08-22T20:11:26.4786974Z test kernels::activations::tests::celu_and_mish_propagate_nan_on_every_path ... ok
2026-08-22T20:11:26.4797719Z test kernels::activations::tests::contiguous_f32_fast_path_declines_every_unsafe_layout ... ok
2026-08-22T20:11:26.4805636Z test kernels::activations::tests::selu_default_and_custom_parameters ... ok
2026-08-22T20:11:26.4814368Z test dispatch_ledger::tests::recording_is_off_until_asked_for_and_bounded_once_it_is_on ... ok
2026-08-22T20:11:26.4815769Z test kernels::activations::tests::selu_supports_f16_f64_and_bf16 ... ok
2026-08-22T20:11:26.4818498Z test kernels::activations::tests::selu_zero_sign_does_not_depend_on_dtype ... ok
2026-08-22T20:11:26.4822183Z test kernels::activations::tests::silu_contiguous_matches_reference ... ok
2026-08-22T20:11:26.4827632Z test kernels::activations::tests::silu_handles_infinities_and_nan ... ok
2026-08-22T20:11:26.4831726Z test kernels::activations::tests::silu_f16_and_bf16_match_scalar_reference ... ok
2026-08-22T20:11:26.4834006Z test decode_spmd::tests::build_then_immediate_dispatch_never_hangs ... ok
2026-08-22T20:11:26.4834882Z test kernels::activations::tests::silu_in_range_region_is_bit_close ... ok
2026-08-22T20:11:26.4835346Z test kernels::activations::tests::silu_strided_falls_back_correctly ... ok
2026-08-22T20:11:26.4837892Z test kernels::activations::tests::swish_default_and_alpha ... ok
2026-08-22T20:11:26.4838382Z test kernels::activations::tests::thresholded_relu_default_custom_and_boundary ... ok
2026-08-22T20:11:26.4840785Z test kernels::activations::tests::thresholded_relu_supports_f16_f64_and_bf16 ... ok
2026-08-22T20:11:26.4846135Z test kernels::add::tests::add_bf16_same_shape ... ok
2026-08-22T20:11:26.4847249Z test kernels::add::tests::add_broadcasts_column_vector ... ok
2026-08-22T20:11:26.4849132Z test kernels::add::tests::add_broadcasts_row_vector ... ok
2026-08-22T20:11:26.4849555Z test kernels::add::tests::add_f16_preserves_nan_and_inf_without_bit_corruption ... ok
2026-08-22T20:11:26.4850308Z test kernels::add::tests::add_f16_broadcasts ... ok
2026-08-22T20:11:26.4851188Z test kernels::add::tests::add_interior_broadcast_is_declined_by_the_dense_fast_path ... ok
2026-08-22T20:11:26.4852115Z test kernels::add::tests::add_int32_wraps ... ok
2026-08-22T20:11:26.4853190Z test kernels::add::tests::add_interior_broadcast_uses_scalar_fallback ... ok
2026-08-22T20:11:26.4853986Z test kernels::add::tests::add_rejects_bool_with_rule1_message ... ok
2026-08-22T20:11:26.4854432Z test kernels::add::tests::add_rejects_mixed_dtype_operands ... ok
2026-08-22T20:11:26.4855718Z test kernels::add::tests::add_same_shape ... ok
2026-08-22T20:11:26.4856431Z test kernels::add::tests::add_suffix_broadcast_uses_the_dense_fast_path ... ok
2026-08-22T20:11:26.4857883Z test kernels::add::tests::add_scalar_broadcast_uses_the_dense_fast_path ... ok
2026-08-22T20:11:26.4859989Z test kernels::add::tests::add_uint8_broadcasts_and_wraps ... ok
2026-08-22T20:11:26.4860813Z test kernels::affine_grid::tests::affine_grid_2d_honors_align_corners ... ok
2026-08-22T20:11:26.4861299Z test kernels::affine_grid::tests::affine_grid_3d_applies_translation ... ok
2026-08-22T20:11:26.4864128Z test kernels::affine_grid::tests::affine_grid_bf16_matches_widened_f32_reference ... ok
2026-08-22T20:11:26.4868990Z test kernels::attention::tests::attention_bf16_matches_widened_f32_reference ... ok
2026-08-22T20:11:26.4873403Z test kernels::attention::tests::bool_mask_matches_neg_inf_bias ... ok
2026-08-22T20:11:26.4874530Z test kernels::attention::tests::byte_identical_capture ... ignored
2026-08-22T20:11:26.4878131Z test kernels::attention::tests::causal_kv_cache_offset ... ok
2026-08-22T20:11:26.4881654Z test kernels::attention::tests::causal_masking_blocks_future ... ok
2026-08-22T20:11:26.4884908Z test kernels::attention::tests::concat_cache_handles_the_absent_past_and_degenerate_shapes ... ok
2026-08-22T20:11:26.4889307Z test kernels::attention::tests::concat_cache_is_bit_identical_to_the_scalar_scatter ... ok
2026-08-22T20:11:26.4893300Z test dtype::tests::bf16_widen_is_exhaustively_bit_identical_to_half ... ok
2026-08-22T20:11:26.4893793Z test kernels::attention::tests::default_scale_is_inv_sqrt_head_size ... ok
2026-08-22T20:11:26.4896400Z test kernels::attention::tests::factory_accepts_valid_attributes ... ok
2026-08-22T20:11:26.4897328Z test kernels::attention::tests::asymmetric_3d_prefill_decode_mqa_matches_scalar_oracle ... ok
2026-08-22T20:11:26.4897868Z test kernels::attention::tests::factory_rejects_unsupported_qk_mode ... ok
2026-08-22T20:11:26.4899921Z test kernels::attention::tests::float_additive_mask ... ok
2026-08-22T20:11:26.4901136Z test kernels::attention::tests::gqa_head_sharing ... ok
2026-08-22T20:11:26.4901692Z test kernels::attention::tests::fully_masked_row_is_zero_not_nan ... ok
2026-08-22T20:11:26.4903527Z test kernels::attention::tests::large_logits_are_numerically_stable ... ok
2026-08-22T20:11:26.4904726Z test kernels::attention::tests::kv_cache_concat_and_present_outputs ... ok
2026-08-22T20:11:26.4907065Z test kernels::attention::tests::mha_4d_no_mask_matches_reference ... ok
2026-08-22T20:11:26.4908153Z test kernels::attention::tests::mla_gqa_decode_with_asymmetric_head_dims_matches_hand_computed_result ... ok
2026-08-22T20:11:26.4908721Z test kernels::attention::tests::negative_softcap_is_applied ... ok
2026-08-22T20:11:26.4910383Z test kernels::attention::tests::asymmetric_3d_prefill_decode_gqa_matches_scalar_oracle ... ok
2026-08-22T20:11:26.4911489Z test kernels::attention::tests::nonpad_kv_seqlen_causal_and_padding_compose ... ok
2026-08-22T20:11:26.4912499Z test kernels::attention::tests::non_divisible_gqa_errors ... ok
2026-08-22T20:11:26.4913552Z test kernels::attention::tests::nonpad_kv_seqlen_masks_padding_for_noncausal ... ok
2026-08-22T20:11:26.4914690Z test kernels::attention::tests::nonpad_kv_seqlen_offset_positive ... ok
2026-08-22T20:11:26.4915238Z test kernels::attention::tests::nonpad_kv_seqlen_offset_negative_zeros_leading_rows ... ok
2026-08-22T20:11:26.4917940Z test kernels::attention::tests::nonpad_kv_seqlen_qk_output_reflects_padding_mask ... ok
2026-08-22T20:11:26.4918778Z test kernels::attention::tests::nonpad_kv_seqlen_offset_zero_is_lower_triangular ... ok
2026-08-22T20:11:26.4919363Z test kernels::attention::tests::nonpad_kv_seqlen_rejected_for_opset23 ... ok
2026-08-22T20:11:26.4919846Z test kernels::attention::tests::nonpad_kv_seqlen_rejected_with_past_cache ... ok
2026-08-22T20:11:26.4921670Z test kernels::attention::tests::qk_matmul_output_mode0_is_scaled_scores ... ok
2026-08-22T20:11:26.4922482Z test kernels::attention::tests::qk_matmul_output_mode3_is_softmax ... ok
2026-08-22T20:11:26.4924148Z test kernels::attention::tests::scalar_bool_false_mask_zeros_all_rows ... ok
2026-08-22T20:11:26.4924784Z test kernels::attention::tests::qk_modes_are_version_independent ... ok
2026-08-22T20:11:26.4925926Z test kernels::attention::tests::scalar_float_mask_adds_bias ... ok
2026-08-22T20:11:26.4927114Z test kernels::attention::tests::scalar_bool_true_mask_is_noop ... ok
2026-08-22T20:11:26.4928432Z test kernels::attention::tests::sqrt_scale_avoids_overflow ... ok
2026-08-22T20:11:26.4928989Z test kernels::attention::tests::softcap_changes_output ... ok
2026-08-22T20:11:26.4929879Z test kernels::bitshift::tests::missing_direction_attribute_errors ... ok
2026-08-22T20:11:26.4931180Z test kernels::attention::tests::three_d_reshape_matches_four_d ... ok
2026-08-22T20:11:26.4933668Z test kernels::bitshift::tests::shifts_larger_than_the_element_width_yield_zero ... ok
2026-08-22T20:11:26.4935060Z test kernels::bitshift::tests::shifts_with_broadcasting_for_all_unsigned_widths ... ok
2026-08-22T20:11:26.4935733Z test kernels::bitwise::tests::bitwise_not_supports_every_integer_dtype ... ok
2026-08-22T20:11:26.4938159Z test kernels::bitwise::tests::bitwise_ops_broadcast_rank_four_and_rank_three ... ok
2026-08-22T20:11:26.4938798Z test kernels::bitwise::tests::bitwise_rejects_float_inputs ... ok
2026-08-22T20:11:26.4939997Z test kernels::bitwise::tests::bitwise_rejects_mixed_and_mismatched_output_dtypes ... ok
2026-08-22T20:11:26.4942624Z test kernels::block_quantized_matmul::tests::benchmark_prefill_4096x4096_m64 ... ignored, representative CPU throughput benchmark; run with --release -- --ignored
2026-08-22T20:11:26.4944127Z test kernels::bitwise::tests::binary_ops_broadcast_non_uniform_values_for_every_integer_dtype ... ok
2026-08-22T20:11:26.4944710Z test kernels::block_dequant::tests::fp8_known_block_applies_e8m0_scale_exactly ... ok
2026-08-22T20:11:26.4946420Z test kernels::block_dequant::tests::fp4_known_block_applies_e8m0_scale_and_adjacent_nibbles ... ok
2026-08-22T20:11:26.4956044Z test kernels::block_quantized_matmul::tests::constant_mxfp4_weight_uses_bounded_cached_dense_path ... ok
2026-08-22T20:11:26.4956678Z test kernels::block_quantized_matmul::tests::dense_weight_cache_concurrent_miss_builds_once ... ok
2026-08-22T20:11:26.4959256Z test kernels::block_quantized_matmul::tests::dense_weight_cache_disabled_and_oversize_entries_are_not_retained ... ok
2026-08-22T20:11:26.4960034Z test kernels::block_quantized_matmul::tests::dense_weight_cache_env_parser_handles_disable_whitespace_and_overflow ... ok
2026-08-22T20:11:26.4964732Z test kernels::block_quantized_matmul::tests::dense_weight_cache_is_bounded_and_lru_evicts ... ok
2026-08-22T20:11:26.4965446Z test kernels::block_quantized_matmul::tests::dense_weight_identity_rekeys_when_the_constant_source_changes ... ok
2026-08-22T20:11:26.4968827Z test kernels::block_quantized_matmul::tests::dense_weight_identity_uses_mmap_owner_metadata_not_just_address ... ok
2026-08-22T20:11:26.4969516Z test kernels::block_quantized_matmul::tests::e8m0_decode_covers_subnormal_extremes_and_nan ... ok
2026-08-22T20:11:26.4970199Z test kernels::block_quantized_matmul::tests::block_quantized_matmul_manifest_counter_proves_dense_f32_dequant_dispatch ... ok
2026-08-22T20:11:26.4973384Z test kernels::block_quantized_matmul::tests::iq1_m_decodes_bitsliced_fp16_two_odd_scales_and_vector_deltas ... ok
2026-08-22T20:11:26.4974083Z test kernels::block_quantized_matmul::tests::iq1_s_decodes_eleven_bit_grids_odd_scale_and_delta ... ok
2026-08-22T20:11:26.4975389Z test kernels::block_quantized_matmul::tests::iq2_s_decodes_ten_bit_grids_explicit_signs_and_nibble_scales ... ok
2026-08-22T20:11:26.4982310Z test kernels::block_quantized_matmul::tests::iq2_xs_decodes_nine_bit_grids_sign_table_and_nibble_scales ... ok
2026-08-22T20:11:26.4982986Z test kernels::block_quantized_matmul::tests::iq2_xxs_decodes_packed_grid_sign_and_scale_metadata ... ok
2026-08-22T20:11:26.4983623Z test kernels::block_quantized_matmul::tests::iq3_s_decodes_grid_high_bits_signs_and_odd_subscales ... ok
2026-08-22T20:11:26.4984236Z test kernels::block_quantized_matmul::tests::iq3_xxs_decodes_two_grids_packed_signs_and_scale ... ok
2026-08-22T20:11:26.4985820Z test kernels::block_quantized_matmul::tests::iq4_xs_decodes_six_bit_subscales_and_iq4_nl_values ... ok
2026-08-22T20:11:26.4991608Z test kernels::block_quantized_matmul::tests::iq4_nl_uses_llama_codebook_and_fp16_scale ... ok
2026-08-22T20:11:26.4992616Z test kernels::block_quantized_matmul::tests::mxfp4_bfloat16_decode_and_prefill_match_widened_reference ... ok
2026-08-22T20:11:26.4995966Z test kernels::block_quantized_matmul::tests::mxfp4_known_block_matches_ocp_e2m1_and_llama_layout ... ok
2026-08-22T20:11:26.5002192Z test kernels::block_quantized_matmul::tests::mxfp4_batched_matmul_with_partial_block_and_bias_matches_reference ... ok
2026-08-22T20:11:26.5003262Z test kernels::block_quantized_matmul::tests::selected_decoders_are_bit_exact_with_scalar_reference ... ok
2026-08-22T20:11:26.5018412Z test kernels::block_quantized_moe::tests::block_quantized_moe_claim_gate_accepts_valid_and_omitted_optionals ... ok
2026-08-22T20:11:26.5019102Z test kernels::block_quantized_matmul::tests::vendored_iq_grid_fingerprints_match_llama_cpp ... ok
2026-08-22T20:11:26.5032349Z test kernels::block_quantized_moe::tests::block_quantized_moe_claim_gate_rejects_static_optional_and_fc3_errors_with_symbolic_dims ... ok
2026-08-22T20:11:26.5033152Z test kernels::block_quantized_moe::tests::block_quantized_moe_claim_gate_rejects_bad_dtype_format_and_arity ... ok
2026-08-22T20:11:26.5037268Z test kernels::block_quantized_matmul::tests::new_iq_formats_register_with_upstream_block_sizes ... ok
2026-08-22T20:11:26.5053882Z test kernels::block_quantized_moe::tests::block_quantized_moe_fused_swiglu_matches_dense_reference ... ok
2026-08-22T20:11:26.5054702Z test kernels::block_quantized_moe::tests::block_quantized_moe_manifest_counter_proves_dense_f32_expert_dispatch ... ok
2026-08-22T20:11:26.5070528Z test kernels::block_quantized_moe::tests::block_quantized_moe_is_bit_deterministic ... ok
2026-08-22T20:11:26.5071225Z test kernels::block_quantized_moe::tests::block_quantized_moe_matches_dense_reference_topk_softmax ... ok
2026-08-22T20:11:26.5081827Z test kernels::block_quantized_moe::tests::block_quantized_moe_relu_and_gelu_match_dense_reference ... ok
2026-08-22T20:11:26.5086786Z test kernels::block_quantized_moe::tests::block_quantized_moe_silu_matches_dense_reference ... ok
2026-08-22T20:11:26.5103674Z test kernels::block_quantized_moe::tests::block_quantized_moe_router_weights_and_normalization_match_reference ... ok
2026-08-22T20:11:26.5106856Z test kernels::block_quantized_moe::tests::block_quantized_moe_topk_selects_the_highest_scoring_expert ... ok
2026-08-22T20:11:26.5112446Z test kernels::block_quantized_moe::tests::block_quantized_moe_swiglu_attributes_affect_dense_reference ... ok
2026-08-22T20:11:26.5119216Z test kernels::block_quantized_moe::tests::constant_moe_expert_weights_reuse_bounded_cached_dense_path ... ok
2026-08-22T20:11:26.5129460Z test kernels::block_quantized_matmul::tests::cached_dense_matches_uncached_for_supported_formats_and_activation_dtypes ... ok
2026-08-22T20:11:26.5136375Z test kernels::block_quantized_moe::tests::nonconstant_fc3_matches_dense_reference_for_unfused_gated_activations ... ok
2026-08-22T20:11:26.5330191Z test kernels::cast::contiguous_fast_path_tests::adversarial_float32_values_match_the_generic_path ... ok
2026-08-22T20:11:26.6488545Z test kernels::cast::contiguous_fast_path_tests::chunk_and_vector_boundary_lengths_match_the_generic_path ... ok
2026-08-22T20:11:26.6504215Z test kernels::cast::contiguous_fast_path_tests::integer_sources_match_the_generic_path ... ok
2026-08-22T20:11:26.6512229Z test kernels::cast::contiguous_fast_path_tests::strided_input_still_uses_the_generic_path ... ok
2026-08-22T20:11:26.6516528Z test kernels::cast::tests::bool_to_f32 ... ok
2026-08-22T20:11:26.6520535Z test kernels::cast::tests::cast_from_string_is_rejected_with_actionable_error ... ok
2026-08-22T20:11:26.6524541Z test kernels::cast::tests::cast_like_uses_target_dtype_for_i32_and_f16 ... ok
2026-08-22T20:11:26.6528062Z test kernels::cast::tests::cast_to_string_is_rejected_with_actionable_error ... ok
2026-08-22T20:11:26.6532318Z test kernels::cast::tests::f32_out_of_range_saturates_to_target_int ... ok
2026-08-22T20:11:26.6536057Z test kernels::cast::tests::f32_out_of_range_saturates_unsigned ... ok
2026-08-22T20:11:26.6539952Z test kernels::cast::tests::f32_to_bool_nonzero ... ok
2026-08-22T20:11:26.6543537Z test kernels::cast::tests::f32_to_i64_truncates_toward_zero ... ok
2026-08-22T20:11:26.6547017Z test kernels::cast::tests::i32_input_to_f32 ... ok
2026-08-22T20:11:26.6550776Z test kernels::cast::tests::i64_to_f32_roundtrip ... ok
2026-08-22T20:11:26.6554329Z test kernels::cast::tests::i64_to_i32_and_back ... ok
2026-08-22T20:11:26.6557416Z test kernels::cast::tests::missing_to_attribute_errors ... ok
2026-08-22T20:11:26.6560420Z test kernels::cast::tests::nan_casts_to_true_bool ... ok
2026-08-22T20:11:26.6563303Z test kernels::cast::tests::nan_casts_to_zero_int ... ok
2026-08-22T20:11:26.6567953Z test kernels::causal_conv::tests::aliased_bindings_match_disjoint_result ... ok
2026-08-22T20:11:26.6571510Z test kernels::causal_conv::tests::optional_bias_and_state_default_to_zero ... ok
2026-08-22T20:11:26.6574456Z test kernels::causal_conv::tests::rejects_unknown_activation ... ok
2026-08-22T20:11:26.6578413Z test kernels::center_crop_pad::tests::center_crop_and_pad_across_axes ... ok
2026-08-22T20:11:26.6581948Z test kernels::center_crop_pad::tests::center_crop_negative_axes_preserves_other_dimensions ... ok
2026-08-22T20:11:26.6586165Z test kernels::center_crop_pad::tests::center_crop_pad_bf16_is_bit_exact ... ok
2026-08-22T20:11:26.6589213Z test kernels::center_crop_pad::tests::center_crop_picks_lower_start_for_odd_difference ... ok
2026-08-22T20:11:26.6592224Z test kernels::center_crop_pad::tests::center_pad_adds_extra_cell_at_end ... ok
2026-08-22T20:11:26.6596855Z test kernels::col2im::tests::col2im_bf16_matches_widened_f32_reference ... ok
2026-08-22T20:11:26.6600281Z test kernels::col2im::tests::col2im_folds_3d_blocks ... ok
2026-08-22T20:11:26.6603630Z test kernels::col2im::tests::col2im_honors_dilation_padding_and_stride ... ok
2026-08-22T20:11:26.6606784Z test kernels::col2im::tests::col2im_sums_overlapping_2d_windows ... ok
2026-08-22T20:11:26.6610217Z test kernels::compress::tests::compress_bf16_preserves_element_bits ... ok
2026-08-22T20:11:26.6613138Z test kernels::compress::tests::omitting_axis_flattens_before_selection ... ok
2026-08-22T20:11:26.6615957Z test kernels::compress::tests::selects_axis_zero ... ok
2026-08-22T20:11:26.6619044Z test kernels::compress::tests::selects_negative_axis_with_short_condition ... ok
2026-08-22T20:11:26.6623265Z test kernels::compressed_sparse_attention::tests::attention_bias_rejects_unsupported_dtype_rank_and_broadcast ... ok
2026-08-22T20:11:26.6635688Z test kernels::compressed_sparse_attention::tests::fp4_compressed_cache_quantizes_nontrivial_values_with_e2m1_bound ... ok
2026-08-22T20:11:26.6642616Z test kernels::compressed_sparse_attention::tests::fp8_compressed_cache_matches_same_logical_f32_cache ... ok
2026-08-22T20:11:26.6653985Z test kernels::compressed_sparse_attention::tests::fp8_hybrid_d512_preserves_bf16_rope_tail ... ok
2026-08-22T20:11:26.6658736Z test kernels::compressed_sparse_attention::tests::gathered_dense_fallback_matches_scalar_sink_oracle ... ok
2026-08-22T20:11:26.6662830Z test kernels::compressed_sparse_attention::tests::packed_cache_formats_reject_invalid_block_widths ... ok
2026-08-22T20:11:26.6667098Z test kernels::compressed_sparse_attention::tests::public_v1_rejects_phase1_reference_arity ... ok
2026-08-22T20:11:26.7055455Z test kernels::block_quantized_moe::tests::cached_moe_matches_uncached_for_all_supported_block_formats ... ok
2026-08-22T20:11:26.8027493Z test kernels::cast::contiguous_fast_path_tests::every_bfloat16_pattern_matches_the_generic_path ... ok
2026-08-22T20:11:26.8033009Z test kernels::compressed_sparse_attention::tests::ratio4_topk_ties_remain_explicitly_unsupported ... ok
2026-08-22T20:11:26.8036959Z test kernels::compressed_sparse_attention::tests::sink_mode_error_distinguishes_learned_logit_sink_from_sink_tokens ... ok
2026-08-22T20:11:26.8041764Z test kernels::compressed_sparse_attention::tests::stateful_claim_gate_rejects_ratio_specific_arity ... ok
2026-08-22T20:11:26.8045738Z test kernels::concat::tests::concat_axis0_f32 ... ok
2026-08-22T20:11:26.8049490Z test kernels::concat::tests::concat_bf16_preserves_element_bits ... ok
2026-08-22T20:11:26.8053209Z test kernels::concat::tests::concat_gathers_non_contiguous_input_without_temporary ... ok
2026-08-22T20:11:26.8056261Z test kernels::concat::tests::concat_int64_dtype_agnostic ... ok
2026-08-22T20:11:26.8059266Z test kernels::concat::tests::concat_last_axis_three_inputs_u8 ... ok
2026-08-22T20:11:26.8062328Z test kernels::concat::tests::concat_middle_axis_f32 ... ok
2026-08-22T20:11:26.8065535Z test kernels::concat::tests::concat_rejects_axis_out_of_bounds_with_actionable_error ... ok
2026-08-22T20:11:26.8068933Z test kernels::concat::tests::concat_rejects_mismatched_non_axis_dimension_before_writing ... ok
2026-08-22T20:11:26.8072801Z test kernels::constant::tests::constant_from_tensor_value ... ok
2026-08-22T20:11:26.8075819Z test kernels::constant::tests::constant_from_value_float_scalar ... ok
2026-08-22T20:11:26.8079173Z test kernels::constant::tests::constant_from_value_ints ... ok
2026-08-22T20:11:26.8082098Z test kernels::constant::tests::constant_missing_value_errors ... ok
2026-08-22T20:11:26.8085332Z test kernels::constant::tests::constant_tensor_bf16_preserves_raw_bits ... ok
2026-08-22T20:11:26.8089335Z test kernels::constant_of_shape::tests::constant_of_shape_bf16_preserves_fill_bits ... ok
2026-08-22T20:11:26.8092629Z test kernels::constant_of_shape::tests::constant_of_shape_default_float_zero ... ok
2026-08-22T20:11:26.8095944Z test kernels::constant_of_shape::tests::constant_of_shape_empty_shape_input_yields_scalar ... ok
2026-08-22T20:11:26.8099022Z test kernels::constant_of_shape::tests::constant_of_shape_float_fill ... ok
2026-08-22T20:11:26.8102088Z test kernels::constant_of_shape::tests::constant_of_shape_int64_fill ... ok
2026-08-22T20:11:26.8105256Z test kernels::constant_of_shape::tests::constant_of_shape_rejects_dtype_mismatch ... ok
2026-08-22T20:11:26.8108409Z test kernels::constant_of_shape::tests::constant_of_shape_zero_dim_yields_empty_tensor ... ok
2026-08-22T20:11:26.8112600Z test kernels::contrib_fused::tests::bias_gelu_matches_exact_erf_reference ... ok
2026-08-22T20:11:26.8118435Z test kernels::contrib_fused::tests::fast_gelu_matches_tanh_reference_with_bias ... ok
2026-08-22T20:11:26.8125495Z test kernels::contrib_fused::tests::fused_gelu_activations_bf16_handle_special_values ... ok
2026-08-22T20:11:26.8129318Z test kernels::contrib_fused::tests::fused_gelu_activations_bf16_match_independent_finite_goldens ... ok
2026-08-22T20:11:26.8132620Z test kernels::contrib_fused::tests::quick_gelu_matches_alpha_reference ... ok
2026-08-22T20:11:26.8136900Z test kernels::contrib_fused::tests::simplified_layer_norm_axis_multi_dim_and_inv_std ... ok
2026-08-22T20:11:26.8140183Z test kernels::contrib_fused::tests::simplified_layer_norm_matches_rms_reference ... ok
2026-08-22T20:11:26.8145219Z test kernels::contrib_fused::tests::simplified_layer_norm_supports_floating_dtypes_and_shapes ... ok
2026-08-22T20:11:26.8149315Z test kernels::contrib_fused::tests::skip_layer_norm_accepts_bf16_stat_outputs ... ok
2026-08-22T20:11:26.8153465Z test kernels::contrib_fused::tests::skip_layer_norm_accepts_f32_stat_outputs_in_a_bf16_graph ... ok
2026-08-22T20:11:26.8157218Z test kernels::contrib_fused::tests::skip_layer_norm_beta_absent_bias_present ... ok
2026-08-22T20:11:26.8160488Z test kernels::contrib_fused::tests::skip_layer_norm_beta_present_bias_absent ... ok
2026-08-22T20:11:26.8163952Z test kernels::contrib_fused::tests::skip_layer_norm_bf16_infinities_propagate_nan ... ok
2026-08-22T20:11:26.8167522Z test kernels::contrib_fused::tests::skip_layer_norm_bf16_matches_ort_literal_goldens ... ok
2026-08-22T20:11:26.8171010Z test kernels::contrib_fused::tests::skip_layer_norm_matches_reference_and_writes_optional_outputs ... ok
2026-08-22T20:11:26.8174349Z test kernels::contrib_fused::tests::skip_layer_norm_output_only_node_succeeds ... ok
2026-08-22T20:11:26.8177468Z test kernels::contrib_fused::tests::skip_layer_norm_rejects_unrelated_stat_dtype ... ok
2026-08-22T20:11:26.8180771Z test kernels::contrib_fused::tests::skip_layer_norm_writes_input_skip_bias_sum ... ok
2026-08-22T20:11:26.8202436Z test kernels::contrib_fused::tests::standard_simplified_layer_norm_matches_contrib_variant ... ok
2026-08-22T20:11:26.8209169Z test kernels::conv::tests::conv_1d_matches_onnxruntime_reference ... ok
2026-08-22T20:11:26.8214073Z test kernels::conv::tests::conv_1d_reaches_im2col_or_bnns ... ok
2026-08-22T20:11:26.8219113Z test kernels::conv::tests::conv_2d_bias_stride_and_explicit_padding ... ok
2026-08-22T20:11:26.8223523Z test kernels::conv::tests::conv_2d_dilation_and_non_square_kernel ... ok
2026-08-22T20:11:26.8228658Z test kernels::conv::tests::conv_2d_groups_and_depthwise_multiplier ... ok
2026-08-22T20:11:26.8242757Z test kernels::conv::tests::conv_bfloat16_widens_and_narrows ... ok
2026-08-22T20:11:26.8248521Z test kernels::conv::tests::conv_empty_output_when_kernel_exceeds_unpadded_input ... ok
2026-08-22T20:11:26.8263209Z test kernels::cast::contiguous_fast_path_tests::every_float16_pattern_matches_the_generic_path ... ok
2026-08-22T20:11:26.8809600Z test kernels::compressed_sparse_attention::tests::ratio4_index_compression_topk_and_streaming_match_independent_oracle ... ok
2026-08-22T20:11:27.7434472Z test kernels::compressed_sparse_attention::tests::ratio128_stateful_carry_matches_full_recompute_across_decode_boundary ... ok
2026-08-22T20:11:27.7530181Z test kernels::conv::tests::conv_parity_asymmetric_padding ... ok
2026-08-22T20:11:27.7535597Z test kernels::conv::tests::conv_parity_depthwise_1pixel_spatial ... ok
2026-08-22T20:11:27.8115026Z test kernels::conv::tests::conv_parity_depthwise_3x3_stride1 ... ok
2026-08-22T20:11:27.8139570Z test kernels::conv::tests::conv_parity_depthwise_3x3_stride1_odd_channels ... ok
2026-08-22T20:11:27.8146506Z test kernels::conv::tests::conv_parity_depthwise_3x3_stride1_single_channel ... ok
2026-08-22T20:11:27.9481377Z test kernels::conv::tests::conv_parity_depthwise_3x3_stride2 ... ok
2026-08-22T20:11:27.9487384Z test kernels::conv::tests::conv_parity_depthwise_3x3_stride2_narrow ... ok
2026-08-22T20:11:28.1598467Z test kernels::conv::tests::conv_parity_depthwise_5x5_mobilenet_style ... ok
2026-08-22T20:11:28.1611021Z test kernels::conv::tests::conv_parity_depthwise_asymmetric_padding ... ok
2026-08-22T20:11:28.1899767Z test kernels::conv::tests::conv_parity_depthwise_batch2 ... ok
2026-08-22T20:11:28.2078249Z test kernels::conv::tests::conv_parity_depthwise_channel_multiplier ... ok
2026-08-22T20:11:28.2676878Z test kernels::conv::tests::conv_parity_depthwise_dilation ... ok
2026-08-22T20:11:28.2740308Z test kernels::conv::tests::conv_parity_depthwise_non_vector_width_channels ... ok
2026-08-22T20:11:29.7478452Z test kernels::conv::tests::conv_parity_dilated ... ok
2026-08-22T20:11:29.8088639Z test kernels::conv::tests::conv_parity_grouped_not_depthwise ... ok
2026-08-22T20:11:29.8704212Z test kernels::conv::tests::conv_parity_non_multiple_channels ... ok
2026-08-22T20:11:29.8728170Z test kernels::conv::tests::conv_parity_rank3_depthwise ... ok
2026-08-22T20:11:29.8889884Z test kernels::conv::tests::conv_parity_rank3_dilated ... ok
2026-08-22T20:11:40.0592856Z test kernels::conv::tests::conv_parity_3x3_stride2 ... ok
2026-08-22T20:11:40.0937498Z test kernels::conv::tests::conv_parity_1x1_pointwise ... ok
2026-08-22T20:11:40.0971009Z test kernels::conv::tests::conv_parity_rank3_grouped ... ok
2026-08-22T20:11:40.0977325Z test kernels::conv::tests::conv_same_upper_and_same_lower_split_odd_padding ... ok
2026-08-22T20:11:40.0987325Z test kernels::conv::tests::depthwise_1d_promoted_reaches_neon_direct ... ok
2026-08-22T20:11:40.1010691Z test kernels::conv::tests::depthwise_conv_5x5_reaches_neon_direct ... ok
2026-08-22T20:11:40.1017868Z test kernels::conv::tests::depthwise_conv_reaches_neon_direct ... ok
2026-08-22T20:11:40.1039605Z test kernels::conv::tests::grouped_conv_reaches_im2col_gemm ... ok
2026-08-22T20:11:40.1045089Z test kernels::conv::tests::grouped_conv_reaches_im2col_gemm_non_apple ... ok
2026-08-22T20:11:40.1049543Z test kernels::conv::tests::im2col_gemm_handles_dilated_conv ... ok
2026-08-22T20:11:41.0858523Z test kernels::conv::tests::pointwise_1x1_matches_scalar_reference ... ok
2026-08-22T20:11:41.0864415Z test kernels::conv::tests::scalar_ref_excluded_for_1d_conv ... ok
2026-08-22T20:11:41.0876424Z test kernels::conv::tests::scalar_ref_excluded_for_standard_2d_conv ... ok
2026-08-22T20:11:41.0880326Z test kernels::conv::tests::scalar_ref_fires_for_non_rank4_safety_net ... ok
2026-08-22T20:11:41.0885543Z test kernels::conv_transpose::tests::conv_transpose_1d_spreads_each_input_over_the_kernel ... ok
2026-08-22T20:11:41.0890452Z test kernels::conv_transpose::tests::conv_transpose_bf16_matches_widened_f32_reference ... ok
2026-08-22T20:11:41.0894959Z test kernels::conv_transpose::tests::conv_transpose_computes_f64_without_narrowing ... ok
2026-08-22T20:11:41.0899103Z test kernels::conv_transpose::tests::conv_transpose_keeps_groups_separate_and_adds_bias ... ok
2026-08-22T20:11:41.0903257Z test kernels::conv_transpose::tests::explicit_output_shape_generates_asymmetric_negative_end_padding ... ok
2026-08-22T20:11:41.0910409Z test kernels::dense_elementwise::tests::clip_f16_via_widen_narrow ... ok
2026-08-22T20:11:41.0914541Z test kernels::dense_elementwise::tests::clip_f32_boundary_lengths ... ok
2026-08-22T20:11:41.0919344Z test kernels::dense_elementwise::tests::clip_f32_nan_propagates ... ok
2026-08-22T20:11:41.0922890Z test kernels::dense_elementwise::tests::is_dense_basic_cases ... ok
2026-08-22T20:11:41.0925929Z test kernels::dense_elementwise::tests::relu_bf16_via_widen_narrow ... ok
2026-08-22T20:11:41.0928655Z test kernels::dense_elementwise::tests::relu_f16_via_widen_narrow ... ok
2026-08-22T20:11:41.0968860Z test kernels::dense_elementwise::tests::relu_f32_boundary_lengths ... ok
2026-08-22T20:11:41.0976983Z test kernels::dense_elementwise::tests::relu_f32_nan_propagates ... ok
2026-08-22T20:11:41.0980885Z test kernels::dft::tests::dft_kernel_real_onesided ... ok
2026-08-22T20:11:41.0983563Z test kernels::dft::tests::fft_fallback_reachability ... ok
2026-08-22T20:11:41.0987584Z test kernels::dft::tests::fft_inverse_roundtrip ... ok
2026-08-22T20:11:41.0990708Z test kernels::dft::tests::fft_matches_naive_forward ... ok
2026-08-22T20:11:41.0993657Z test kernels::dft::tests::fft_onesided ... ok
2026-08-22T20:11:41.0997029Z test kernels::dropout::tests::inference_is_bit_exact_and_emits_true_mask ... ok
2026-08-22T20:11:41.1000104Z test kernels::dropout::tests::nonzero_training_mode_is_explicitly_unsupported ... ok
2026-08-22T20:11:41.1003116Z test kernels::dropout::tests::omitted_optional_inputs_default_to_evaluation ... ok
2026-08-22T20:11:41.1006134Z test kernels::dropout::tests::zero_ratio_training_is_identity_with_true_mask ... ok
2026-08-22T20:11:41.1016823Z test kernels::elementwise::dense_broadcast_equivalence_tests::f16_broadcast_matches_the_strided_path_bitwise ... ok
2026-08-22T20:11:41.1043061Z test kernels::elementwise::dense_broadcast_equivalence_tests::f32_suffix_and_scalar_broadcast_match_the_strided_path_bitwise ... ok
2026-08-22T20:11:41.1046854Z test kernels::elementwise::dense_broadcast_equivalence_tests::interior_unit_axis_is_declined_and_still_broadcasts_correctly ... ok
2026-08-22T20:11:41.1050570Z test kernels::elementwise::dense_broadcast_equivalence_tests::non_suffix_shapes_are_declined ... ok
2026-08-22T20:11:41.1054030Z test kernels::elementwise::tests::div_broadcasts_scalar ... ok
2026-08-22T20:11:41.1057005Z test kernels::elementwise::tests::div_by_zero_is_inf_and_nan ... ok
2026-08-22T20:11:41.1060502Z test kernels::elementwise::tests::div_int32_truncates_and_guards_zero ... ok
2026-08-22T20:11:41.1063951Z test kernels::elementwise::tests::erf_bf16_reaches_dtype_without_touching_formula ... ok
2026-08-22T20:11:41.1066997Z test kernels::elementwise::tests::erf_known_values ... ok
2026-08-22T20:11:41.1070296Z test kernels::elementwise::tests::erf_near_zero_high_accuracy ... ok
2026-08-22T20:11:41.1073123Z test kernels::elementwise::tests::erf_odd_symmetry_and_limits ... ok
2026-08-22T20:11:41.1076086Z test kernels::elementwise::tests::max_propagates_nan_and_reduces ... ok
2026-08-22T20:11:41.1079335Z test kernels::elementwise::tests::max_variadic_three_inputs ... ok
2026-08-22T20:11:41.1082651Z test kernels::elementwise::tests::mean_variadic_broadcasts_matrix_vector_and_scalar ... ok
2026-08-22T20:11:41.1085932Z test kernels::elementwise::tests::min_max_f16_propagate_nan ... ok
2026-08-22T20:11:41.1088929Z test kernels::elementwise::tests::min_propagates_nan ... ok
2026-08-22T20:11:41.1092313Z test kernels::elementwise::tests::min_variadic_three_inputs_with_broadcast ... ok
2026-08-22T20:11:41.1095197Z test kernels::elementwise::tests::mod_default_mode_rejects_float ... ok
2026-08-22T20:11:41.1098748Z test kernels::elementwise::tests::mod_fmod_bf16_computes_in_f32_and_preserves_dividend_sign ... ok
2026-08-22T20:11:41.1102198Z test kernels::elementwise::tests::mod_fmod_float_follows_dividend_sign ... ok
2026-08-22T20:11:41.1105660Z test kernels::elementwise::tests::mod_integer_floor_semantics_broadcast_i64 ... ok
2026-08-22T20:11:41.1108950Z test kernels::elementwise::tests::mod_integer_floor_semantics_follow_divisor_sign_i32 ... ok
2026-08-22T20:11:41.1113984Z test kernels::elementwise::tests::mod_integer_zero_divisor_matches_div_convention ... ok
2026-08-22T20:11:41.1117198Z test kernels::elementwise::tests::mul_broadcasts_2d_with_2d ... ok
2026-08-22T20:11:41.1120341Z test kernels::elementwise::tests::mul_f16_computes_in_f32 ... ok
2026-08-22T20:11:41.1124459Z test kernels::elementwise::tests::mul_f16_contiguous_matches_broadcast_path ... ok
2026-08-22T20:11:41.1127389Z test kernels::elementwise::tests::mul_same_shape_contiguous ... ok
2026-08-22T20:11:41.1130822Z test kernels::elementwise::tests::pow_accepts_float_exponents_for_i64_base ... ok
2026-08-22T20:11:41.1134734Z test kernels::elementwise::tests::pow_accepts_mixed_base_and_exponent_types ... ok
2026-08-22T20:11:41.1138020Z test kernels::elementwise::tests::pow_covers_integer_base_and_exponent_combinations ... ok
2026-08-22T20:11:41.1141255Z test kernels::elementwise::tests::pow_square ... ok
2026-08-22T20:11:41.1144417Z test kernels::elementwise::tests::sqrt_f16_and_bf16 ... ok
2026-08-22T20:11:41.1147404Z test kernels::elementwise::tests::sqrt_rejects_integer_dtype_with_rule1 ... ok
2026-08-22T20:11:41.1150396Z test kernels::elementwise::tests::sqrt_unary ... ok
2026-08-22T20:11:41.1153278Z test kernels::elementwise::tests::sub_bf16 ... ok
2026-08-22T20:11:41.1157343Z test kernels::elementwise::tests::sub_div_f16_contiguous_matches_broadcast_path ... ok
2026-08-22T20:11:41.1160346Z test kernels::elementwise::tests::sub_same_shape ... ok
2026-08-22T20:11:41.1163218Z test kernels::elementwise::tests::sum_rejects_integer_input ... ok
2026-08-22T20:11:41.1166317Z test kernels::elementwise::tests::sum_variadic_broadcasts_matrix_vector_and_scalar ... ok
2026-08-22T20:11:41.1169677Z test kernels::elementwise::tests::tanh_f16_matches_f32_within_tolerance ... ok
2026-08-22T20:11:41.1172808Z test kernels::elementwise::tests::tanh_known_values ... ok
2026-08-22T20:11:41.1179953Z test kernels::elementwise::tests::unary_advertises_safe_in_place_input ... ok
2026-08-22T20:11:41.1183727Z test kernels::expand::tests::expand_bf16_preserves_element_bits ... ok
2026-08-22T20:11:41.1186879Z test kernels::expand::tests::expand_bidirectional_new_leading_axis_int64 ... ok
2026-08-22T20:11:41.1190047Z test kernels::expand::tests::expand_column_vector_to_matrix ... ok
2026-08-22T20:11:41.1192904Z test kernels::expand::tests::expand_row_vector_to_matrix ... ok
2026-08-22T20:11:41.1195957Z test kernels::eye_like::tests::defaults_to_input_dtype ... ok
2026-08-22T20:11:41.1199235Z test kernels::eye_like::tests::dtype_override_controls_output ... ok
2026-08-22T20:11:41.1203633Z test kernels::eye_like::tests::dtype_override_writes_explicit_zero_and_one_for_every_supported_type ... ok
2026-08-22T20:11:41.1206938Z test kernels::eye_like::tests::extreme_offsets_produce_an_all_zero_matrix ... ok
2026-08-22T20:11:41.1211475Z test kernels::eye_like::tests::large_in_range_offset_populates_the_diagonal ... ok
2026-08-22T20:11:41.1214727Z test kernels::eye_like::tests::populates_offset_diagonal ... ok
2026-08-22T20:11:41.1217837Z test kernels::eye_like::tests::rejects_out_of_range_dtype_attribute_without_truncating ... ok
2026-08-22T20:11:41.1220802Z test kernels::flops::tests::elementwise_broadcasts_to_max ... ok
2026-08-22T20:11:41.1223517Z test kernels::flops::tests::gqa_two_gemms ... ok
2026-08-22T20:11:41.1226182Z test kernels::flops::tests::leading_rows_products ... ok
2026-08-22T20:11:41.1228691Z test kernels::flops::tests::matmul_2d ... ok
2026-08-22T20:11:41.1231279Z test kernels::flops::tests::matmul_batched ... ok
2026-08-22T20:11:41.1233918Z test kernels::flops::tests::matmul_broadcast_batch ... ok
2026-08-22T20:11:41.1236408Z test kernels::flops::tests::matmul_inner_mismatch_is_none ... ok
2026-08-22T20:11:41.1239014Z test kernels::flops::tests::nbits_needs_rows ... ok
2026-08-22T20:11:41.1241491Z test kernels::flops::tests::numel_scalar_is_one ... ok
2026-08-22T20:11:41.1247341Z test kernels::fused_attention::tests::fused_attention_bf16_matches_widened_f32_reference ... ok
2026-08-22T20:11:41.1254067Z test kernels::fused_attention::tests::sdpa_batched_leading_dims ... ok
2026-08-22T20:11:41.1642693Z test kernels::fused_attention::tests::sdpa_key_broadcast_mask_matches_reference ... ok
2026-08-22T20:11:41.4449937Z test kernels::fused_attention::tests::sdpa_masked_broadcast_matches_reference_across_parallel_chunks ... ok
2026-08-22T20:11:41.4455859Z test kernels::fused_attention::tests::sdpa_masked_matches_reference ... ok
2026-08-22T20:11:41.4460822Z test kernels::fused_attention::tests::sdpa_softmax_stage_matches_row_softmax ... ok
2026-08-22T20:11:41.4466475Z test kernels::fused_attention::tests::sdpa_unmasked_internal_transpose_k_matches_reference ... ok
2026-08-22T20:11:41.4471544Z test kernels::fused_attention::tests::sdpa_unmasked_pretransposed_k_matches_reference ... ok
2026-08-22T20:11:41.4477574Z test kernels::fused_gemm::tests::batched_matmul_with_bias_and_relu ... ok
2026-08-22T20:11:41.4482839Z test kernels::fused_gemm::tests::fused_gemm_bf16_matches_widened_f32_reference ... ok
2026-08-22T20:11:41.4488505Z test kernels::fused_gemm::tests::matches_matmul_then_add_then_relu ... ok
2026-08-22T20:11:41.4492839Z test kernels::fused_gemm::tests::relu_clamps_negative_prebias_sums ... ok
2026-08-22T20:11:41.4497763Z test kernels::fused_matmul_bias::tests::batched_matmul_with_bias ... ok
2026-08-22T20:11:41.4502346Z test kernels::fused_matmul_bias::tests::fused_matmul_bias_bf16_matches_widened_f32_reference ... ok
2026-08-22T20:11:41.4507425Z test kernels::fused_matmul_bias::tests::matches_matmul_then_add ... ok
2026-08-22T20:11:41.4511712Z test kernels::fused_matmul_bias::tests::matmul_plus_row_bias ... ok
2026-08-22T20:11:41.4524058Z test kernels::gather::tests::gather_2d_indices_embedding ... ok
2026-08-22T20:11:41.4535731Z test kernels::gather::tests::gather_axis0_decode_single_row ... ok
2026-08-22T20:11:41.4547635Z test kernels::gather::tests::gather_axis0_multiple_rows ... ok
2026-08-22T20:11:41.4559194Z test kernels::gather::tests::gather_axis0_rejects_mismatched_output_before_writing ... ok
2026-08-22T20:11:41.4570837Z test kernels::gather::tests::gather_axis0_rejects_out_of_range_before_writing ... ok
2026-08-22T20:11:41.4582290Z test kernels::gather::tests::gather_bf16_preserves_element_bits ... ok
2026-08-22T20:11:41.4593689Z test kernels::gather::tests::gather_columns_axis1 ... ok
2026-08-22T20:11:41.4604614Z test kernels::gather::tests::gather_int64_multidim_indices_negative_axis ... ok
2026-08-22T20:11:41.4615780Z test kernels::gather::tests::gather_int64_negative_index_wraps ... ok
2026-08-22T20:11:41.4626725Z test kernels::gather::tests::gather_int64_shape_dimension_with_int32_indices ... ok
2026-08-22T20:11:41.4637323Z test kernels::gather::tests::gather_negative_index ... ok
2026-08-22T20:11:41.4648342Z test kernels::gather::tests::gather_noncontiguous_axis1_uses_general_path ... ok
2026-08-22T20:11:41.4652151Z test kernels::gather_block_quantized::tests::bits4_packed_hand_computed ... ok
2026-08-22T20:11:41.4655580Z test kernels::gather_block_quantized::tests::bits8_default_zero_point ... ok
2026-08-22T20:11:41.4659197Z test kernels::gather_block_quantized::tests::bits8_hand_computed ... ok
2026-08-22T20:11:41.4662557Z test kernels::gather_block_quantized::tests::negative_index_wraps ... ok
2026-08-22T20:11:41.4666253Z test kernels::gelu::tests::gelu_bf16_matches_widened_f32_reference ... ok
2026-08-22T20:11:41.4669334Z test kernels::gelu::tests::gelu_known_values ... ok
2026-08-22T20:11:41.4672286Z test kernels::gelu::tests::gelu_reads_strided_view ... ok
2026-08-22T20:11:41.4675584Z test kernels::gelu::tests::std_gelu_approximate_none_matches_exact ... ok
2026-08-22T20:11:41.4678540Z test kernels::gelu::tests::std_gelu_approximate_tanh_matches_reference ... ok
2026-08-22T20:11:41.4681585Z test kernels::gelu::tests::std_gelu_factory_reads_approximate_attr ... ok
2026-08-22T20:11:41.4696322Z test kernels::gemm::tests::declined_transpose_cache_retains_nothing_and_is_byte_identical ... ok
2026-08-22T20:11:41.4701016Z test kernels::gemm::tests::gemm_bf16_plain ... ok
2026-08-22T20:11:41.4712540Z test kernels::gemm::tests::gemm_constant_transposed_weight_is_stable_across_calls ... ok
2026-08-22T20:11:41.4717448Z test kernels::gemm::tests::gemm_f16_decode_takes_the_gemv_not_the_pack ... ok
2026-08-22T20:11:41.4721632Z test kernels::gemm::tests::gemm_f16_transposed_b_keeps_the_blocked_path ... ok
2026-08-22T20:11:41.4726082Z test kernels::gemm::tests::gemm_f16_with_bias ... ok
2026-08-22T20:11:41.4732146Z test kernels::gemm::tests::gemm_half_dispatch_supports_transpose_bias_and_determinism ... ok
2026-08-22T20:11:41.5561367Z test kernels::gemm::tests::gemm_matches_reference_across_transposes_and_odd_shapes ... ok
2026-08-22T20:11:41.5603170Z test kernels::gemm::tests::gemm_output_is_bit_identical_to_the_shared_backend ... ok
2026-08-22T20:11:41.5607484Z test kernels::gemm::tests::gemm_scalar_bias_broadcast ... ok
2026-08-22T20:11:41.5608916Z test kernels::gemm::tests::gemm_stays_within_reach_of_the_shared_backend ... ignored, timing-sensitive; run explicitly with --ignored
2026-08-22T20:11:41.5613598Z test kernels::gemm::tests::gemm_trans_a ... ok
2026-08-22T20:11:41.5618404Z test kernels::gemm::tests::gemm_trans_a_and_b ... ok
2026-08-22T20:11:41.5622772Z test kernels::gemm::tests::gemm_trans_b ... ok
2026-08-22T20:11:41.5627036Z test kernels::gemm::tests::gemm_with_bias_and_alpha_beta ... ok
2026-08-22T20:11:41.5630984Z test kernels::gemm::tests::plain_gemm_no_transpose_no_c ... ok
2026-08-22T20:11:41.5650955Z test kernels::gemm::tests::predicted_transpose_bytes_equal_actual_after_gemm_execution ... ok
2026-08-22T20:11:41.5654655Z test kernels::governed_accumulator_budget::tests::a_buffer_over_the_per_thread_cap_is_refused ... ok
2026-08-22T20:11:41.5664614Z test kernels::governed_accumulator_budget::tests::a_declined_budget_parks_nothing ... ok
2026-08-22T20:11:41.5669110Z test kernels::governed_accumulator_budget::tests::release_returns_capacity_and_saturates ... ok
2026-08-22T20:11:41.5673173Z test kernels::governed_accumulator_budget::tests::the_process_cap_bounds_the_sum_not_one_buffer ... ok
2026-08-22T20:11:41.5676703Z test kernels::governed_weight_cache::tests::a_declined_cache_holds_nothing_and_never_builds ... ok
2026-08-22T20:11:41.5680487Z test kernels::governed_weight_cache::tests::a_failed_build_leaves_the_cache_empty_and_retries ... ok
2026-08-22T20:11:41.5684080Z test kernels::governed_weight_cache::tests::an_admitted_cache_builds_once_and_reports_real_bytes ... ok
2026-08-22T20:11:41.5687641Z test kernels::governed_weight_cache::tests::filled_returns_the_stored_buffer_and_never_builds ... ok
2026-08-22T20:11:41.5691712Z test kernels::governed_weight_cache::tests::live_bytes_describes_the_allocation_not_the_prediction ... ok
2026-08-22T20:11:41.5695352Z test kernels::grid_sample::tests::cubic_uses_onnx_cubic_coefficient ... ok
2026-08-22T20:11:41.5699378Z test kernels::grid_sample::tests::grid_sample_bf16_matches_widened_f32_reference ... ok
2026-08-22T20:11:41.5702642Z test kernels::grid_sample::tests::nearest_and_linear_2d_sample_expected_pixels ... ok
2026-08-22T20:11:41.5706329Z test kernels::grid_sample::tests::padding_modes_and_align_corners_map_coordinates_differently ... ok
2026-08-22T20:11:41.5717118Z test kernels::grid_sample::tests::registry_gates_volumetric_input_to_opset20 ... ok
2026-08-22T20:11:41.5720467Z test kernels::grid_sample::tests::volumetric_nearest_and_trilinear_sample_expected_values ... ok
2026-08-22T20:11:41.5723833Z test kernels::group_query_attention::tests::a_contiguous_bf16_cache_borrows_its_bits_like_f16_does ... ok
2026-08-22T20:11:41.5727092Z test kernels::group_query_attention::tests::a_large_last_level_cache_keeps_the_gate_shut_inside_cache ... ok
2026-08-22T20:11:41.5730681Z test kernels::group_query_attention::tests::a_strided_bf16_cache_still_takes_the_owned_dense_path ... ok
2026-08-22T20:11:41.5744935Z test kernels::group_query_attention::tests::decode_appends_past_and_matches_reference ... ok
2026-08-22T20:11:41.5758974Z test kernels::group_query_attention::tests::decode_batch_ragged_past_lengths_materialize_independently ... ok
2026-08-22T20:11:41.5771494Z test kernels::group_query_attention::tests::decode_bf16_kv_state_matches_widened_f32_reference ... ok
2026-08-22T20:11:41.5787099Z test kernels::group_query_attention::tests::decode_head_dim_48_with_rotary_matches_reference_and_kv_cache ... ok
2026-08-22T20:11:41.5803268Z test kernels::group_query_attention::tests::decode_head_dim_80_with_partial_rotary_matches_reference_and_kv_cache ... ok
2026-08-22T20:11:41.5815691Z test kernels::group_query_attention::tests::decode_preserves_fixed_cache_capacity_and_appends_at_logical_length ... ok
2026-08-22T20:11:41.5917393Z test kernels::group_query_attention::tests::decode_r1_grouping_head_dim_128_matches_reference_across_steps ... ok
2026-08-22T20:11:41.5985336Z test kernels::group_query_attention::tests::decode_r1_grouping_head_dim_64_matches_reference_across_steps ... ok
2026-08-22T20:11:41.5997514Z test kernels::group_query_attention::tests::decode_widens_f16_past_cache_before_materializing_present_cache ... ok
2026-08-22T20:11:41.6001087Z test kernels::group_query_attention::tests::detect_inplace_kv_gate_rejects_f16_cache ... ok
2026-08-22T20:11:41.6004675Z test kernels::group_query_attention::tests::detect_inplace_kv_gate_true_only_on_structural_aliasing ... ok
2026-08-22T20:11:41.6009044Z test kernels::group_query_attention::tests::detect_inplace_kv_half_rejects_mixed_encodings ... ok
2026-08-22T20:11:41.6012366Z test kernels::group_query_attention::tests::detect_inplace_kv_half_rejects_unaliased_present ... ok
2026-08-22T20:11:41.6015703Z test kernels::group_query_attention::tests::direct_present_declines_on_dtype_size_arity_and_aliasing ... ok
2026-08-22T20:11:41.6033427Z test kernels::group_query_attention::tests::direct_present_is_bit_identical_to_owned_scratch ... ok
2026-08-22T20:11:41.6049690Z test kernels::group_query_attention::tests::direct_present_matches_scratch_with_an_f16_past_cache ... ok
2026-08-22T20:11:41.6062982Z test kernels::group_query_attention::tests::direct_present_zeroes_only_the_unattended_tail ... ok
2026-08-22T20:11:41.6081946Z test kernels::group_query_attention::tests::explicit_zero_scale_matches_default_scale ... ok
2026-08-22T20:11:41.6084990Z test kernels::group_query_attention::tests::fused_traffic_gate_sees_the_local_window_not_the_cache_length ... ok
2026-08-22T20:11:41.6412207Z test kernels::group_query_attention::tests::gqa_decode_long_context_matches_reference ... ok
2026-08-22T20:11:43.0904795Z test kernels::group_query_attention::tests::group_fused_decode_is_bit_identical_to_per_head_decode ... ok
2026-08-22T20:11:43.0908467Z test kernels::group_query_attention::tests::group_fusion_gate_requires_a_saturated_decode_pool ... ok
2026-08-22T20:11:43.0912043Z test kernels::group_query_attention::tests::group_fusion_gate_requires_out_of_cache_kv ... ok
2026-08-22T20:11:43.0915101Z test kernels::group_query_attention::tests::group_fusion_is_opt_in_by_default ... ok
2026-08-22T20:11:43.0927927Z test kernels::group_query_attention::tests::inplace_decode_matches_copy_path_at_exact_capacity ... ok
2026-08-22T20:11:43.0940381Z test kernels::group_query_attention::tests::inplace_decode_matches_copy_path_with_spare_capacity ... ok
2026-08-22T20:11:43.0961889Z test kernels::group_query_attention::tests::inplace_half_batch_with_ragged_seqlens_matches_copy_path ... ok
2026-08-22T20:11:43.0973928Z test kernels::group_query_attention::tests::inplace_half_bf16_decode_matches_copy_path ... ok
2026-08-22T20:11:43.0996595Z test kernels::group_query_attention::tests::inplace_half_chunked_prefill_matches_copy_path ... ok
2026-08-22T20:11:43.1009171Z test kernels::group_query_attention::tests::inplace_half_f16_decode_matches_copy_path ... ok
2026-08-22T20:11:43.1030234Z test kernels::group_query_attention::tests::inplace_half_prefill_matches_copy_path ... ok
2026-08-22T20:11:43.1051255Z test kernels::group_query_attention::tests::inplace_half_rewrites_only_the_new_rows ... ok
2026-08-22T20:11:43.1063991Z test kernels::group_query_attention::tests::inplace_matches_copy_path_with_rotary_and_local_window ... ok
2026-08-22T20:11:43.1076718Z test kernels::group_query_attention::tests::inplace_prefill_then_decode_boundary_matches_copy_path ... ok
2026-08-22T20:11:43.1267852Z test kernels::group_query_attention::tests::large_prefill_parallel_path_matches_reference ... ok
2026-08-22T20:11:43.1271788Z test kernels::group_query_attention::tests::last_level_cache_probe_is_sane_and_parses_sysfs_units ... ok
2026-08-22T20:11:43.1293183Z test kernels::group_query_attention::tests::lazy_widen_bit_identical_to_full_widen_multistep ... ok
2026-08-22T20:11:43.1305864Z test kernels::group_query_attention::tests::local_window_masks_older_cache_tokens ... ok
2026-08-22T20:11:43.1319558Z test kernels::group_query_attention::tests::no_tail_with_past_present_independently_bit_exact ... ok
2026-08-22T20:11:43.1339703Z test kernels::group_query_attention::tests::packed_qkv_matches_unpacked_and_independent_reference ... ok
2026-08-22T20:11:43.1380136Z test kernels::group_query_attention::tests::pooled_present_fill_is_bit_identical_to_the_serial_fill ... ok
2026-08-22T20:11:43.1392542Z test kernels::group_query_attention::tests::prefill_gqa_grouping_and_causal_match_reference ... ok
2026-08-22T20:11:43.1396782Z test kernels::group_query_attention::tests::rotary_batch_descending_position_ids_match_full_cache_bitwise ... ok
2026-08-22T20:11:43.1401193Z test kernels::group_query_attention::tests::rotary_bounded_widen_is_bit_identical_to_full_cache_for_f16_and_f32 ... ok
2026-08-22T20:11:43.1413733Z test kernels::group_query_attention::tests::rotary_explicit_position_ids_apply_to_query_and_key ... ok
2026-08-22T20:11:43.1432105Z test kernels::group_query_attention::tests::rotary_oversized_cache_only_reads_addressed_prefix ... ok
2026-08-22T20:11:43.1444139Z test kernels::group_query_attention::tests::rotary_path_matches_rotated_reference ... ok
2026-08-22T20:11:43.1448693Z test kernels::group_query_attention::tests::rotary_strided_cache_fallback_matches_contiguous_fast_path_bitwise ... ok
2026-08-22T20:11:43.1452082Z test kernels::group_query_attention::tests::scalar_seqlens_rejects_multi_row_batch_and_wrong_dtype ... ok
2026-08-22T20:11:43.1463917Z test kernels::group_query_attention::tests::softcap_matches_independent_score_transform ... ok
2026-08-22T20:11:43.1692999Z test kernels::group_query_attention::tests::the_bf16_borrowing_arm_widens_bit_identically_to_the_owned_path ... ok
2026-08-22T20:11:43.1696268Z test kernels::group_query_attention::tests::the_topology_term_scales_with_tasks_and_never_goes_below_the_floor ... ok
2026-08-22T20:11:43.1699328Z test kernels::group_query_attention::tests::topology_term_can_only_tighten_the_calibrated_threshold ... ok
2026-08-22T20:11:43.1718421Z test kernels::group_query_attention::tests::unit_batch_scalar_seqlens_matches_canonical_vector ... ok
2026-08-22T20:11:43.1722019Z test kernels::group_query_attention::tests::widen_rotary_prefix_bounds_bf16_to_row_prefix ... ok
2026-08-22T20:11:43.1725458Z test kernels::group_query_attention::tests::widen_rotary_prefix_bounds_widen_to_row_prefix ... ok
2026-08-22T20:11:43.3617936Z test kernels::half_gemm::half_gemm_guard_tests::a_single_block_is_never_split_however_large_the_operand ... ok
2026-08-22T20:11:43.3972457Z test kernels::half_gemm::half_gemm_guard_tests::bf16_routes_agree_bit_for_bit ... ok
2026-08-22T20:11:43.5355424Z test kernels::half_gemm::half_gemm_guard_tests::both_routes_agree_bit_for_bit ... ok
2026-08-22T20:11:43.5843091Z test kernels::half_gemm::half_gemm_guard_tests::half_gemm_declines_to_split_work_below_the_crossover ... ok
2026-08-22T20:11:43.5847516Z test kernels::half_gemm::half_gemm_guard_tests::half_gemm_parallel_threshold_matches_the_measured_crossover ... ok
2026-08-22T20:11:43.6558820Z test kernels::half_gemm::half_gemm_guard_tests::the_crossover_itself_splits_and_one_mac_below_it_does_not ... ok
2026-08-22T20:11:43.6559639Z test kernels::half_gemm::half_gemm_par_bench::bench_half_gemm_parallel_threshold ... ignored, microbench: run explicitly with --ignored --nocapture
2026-08-22T20:11:43.6565170Z test kernels::half_gemm::tests::a_layout_strided_in_both_directions_still_packs_correctly ... ok
2026-08-22T20:11:43.6739100Z test kernels::half_gemm::tests::portable_half_gemm_matches_widened_f32_reference_and_is_deterministic ... ok
2026-08-22T20:11:43.6743441Z test kernels::half_gemm::tests::portable_half_gemm_supports_transposed_layouts ... ok
2026-08-22T20:11:43.6909966Z test kernels::half_gemm::tests::runtime_simd_half_gemm_matches_scalar_for_square_skinny_and_tail_shapes ... ok
2026-08-22T20:11:43.9054651Z test kernels::half_gemm::tests::transposed_b_is_bit_identical_to_pre_transposed_row_major ... ok
2026-08-22T20:11:43.9059310Z test kernels::hardmax::tests::hardmax_default_axis_selects_first_tied_maximum ... ok
2026-08-22T20:11:43.9062740Z test kernels::hardmax::tests::hardmax_rejects_out_of_range_axis ... ok
2026-08-22T20:11:43.9066346Z test kernels::hardmax::tests::hardmax_supports_bfloat16 ... ok
2026-08-22T20:11:43.9069612Z test kernels::hardmax::tests::hardmax_supports_float16 ... ok
2026-08-22T20:11:43.9072729Z test kernels::hardmax::tests::hardmax_supports_float64 ... ok
2026-08-22T20:11:43.9075938Z test kernels::hardmax::tests::hardmax_supports_negative_interior_axis ... ok
2026-08-22T20:11:43.9079369Z test kernels::identity::tests::identity_copies_f32 ... ok
2026-08-22T20:11:43.9082750Z test kernels::identity::tests::identity_is_bit_exact_for_bf16_f16_and_i32 ... ok
2026-08-22T20:11:43.9085993Z test kernels::identity::tests::identity_rejects_string_before_zero_byte_copy ... ok
2026-08-22T20:11:43.9096041Z test kernels::index_share::tests::capacity_mode_execute_matches_concat_execute_byte_for_byte ... ok
2026-08-22T20:11:43.9102896Z test kernels::index_share::tests::capacity_present_attention_matches_concat_byte_for_byte ... ok
2026-08-22T20:11:43.9108338Z test kernels::index_share::tests::causal_and_padding_bias_composition_matches_dense_oracle_exactly ... ok
2026-08-22T20:11:43.9120590Z test kernels::index_share::tests::claim_gate_accepts_omitted_optionals_and_rejects_present_wrong_dtype ... ok
2026-08-22T20:11:43.9125618Z test kernels::index_share::tests::gqa_shared_indices_match_dense_additive_mask_exactly ... ok
2026-08-22T20:11:43.9130919Z test kernels::index_share::tests::index_share_runs_natively_in_bf16_matching_f32 ... ok
2026-08-22T20:11:43.9135090Z test kernels::index_share::tests::rejects_index_after_interior_padding_at_execution ... ok
2026-08-22T20:11:43.9140501Z test kernels::index_share::tests::rejects_invalid_index_rows_at_execution ... ok
2026-08-22T20:11:43.9144983Z test kernels::index_share::tests::selected_subset_and_trailing_padding_match_dense_additive_mask_exactly ... ok
2026-08-22T20:11:43.9148637Z test kernels::indexing::tests::gather_elements_negative_axis_and_index ... ok
2026-08-22T20:11:43.9152251Z test kernels::indexing::tests::gather_nd_tuples_and_negative_indices ... ok
2026-08-22T20:11:43.9155254Z test kernels::indexing::tests::gather_nd_with_batch_dims ... ok
2026-08-22T20:11:43.9159163Z test kernels::indexing::tests::indexed_bf16_movement_preserves_bits ... ok
2026-08-22T20:11:43.9162852Z test kernels::indexing::tests::one_hot_inserts_axis_before_indices_dimensions ... ok
2026-08-22T20:11:43.9166083Z test kernels::indexing::tests::one_hot_negative_index_is_all_off_and_negative_axis ... ok
2026-08-22T20:11:43.9169224Z test kernels::indexing::tests::scatter_elements_negative_axis_and_add_reduction ... ok
2026-08-22T20:11:43.9172874Z test kernels::indexing::tests::scatter_elements_overwrites_duplicate_indices ... ok
2026-08-22T20:11:43.9176432Z test kernels::indexing::tests::scatter_nd_add_reduces_duplicate_indices ... ok
2026-08-22T20:11:43.9179456Z test kernels::indexing::tests::scatter_nd_mul_reduces_duplicate_indices ... ok
2026-08-22T20:11:43.9183228Z test kernels::indexing::tests::scatter_nd_replaces_slices_at_multidimensional_tuples ... ok
2026-08-22T20:11:43.9186842Z test kernels::int4_nibble::tests::a_short_final_block_contributes_only_its_real_elements ... ok
2026-08-22T20:11:43.9191199Z test kernels::int4_nibble::tests::a_zero_activation_block_contributes_nothing ... ok
2026-08-22T20:11:43.9194294Z test kernels::int4_nibble::tests::an_absent_zero_point_tensor_is_the_default_of_eight ... ok
2026-08-22T20:11:43.9232497Z test kernels::int4_nibble::tests::every_packed_byte_unpacks_to_the_right_pair ... ok
2026-08-22T20:11:43.9238393Z test kernels::int4_nibble::tests::malformed_lengths_are_refused_before_any_unsafe_runs ... ok
2026-08-22T20:11:43.9248954Z test kernels::int4_nibble::tests::the_deinterleave_matches_the_unpack ... ok
2026-08-22T20:11:43.9268570Z test kernels::int4_nibble::tests::the_kernel_tracks_the_float64_contract ... ok
2026-08-22T20:11:43.9364907Z test kernels::int4_nibble::tests::the_tiled_path_tracks_the_float64_contract ... ok
2026-08-22T20:11:43.9372895Z test kernels::int4_nibble::tests::the_vector_dot_equals_its_reference_on_every_nibble ... ok
2026-08-22T20:11:43.9376269Z test kernels::int4_nibble::tests::the_wide_block_accumulator_matches_the_scalar_reference_exhaustively ... ok
2026-08-22T20:11:43.9379303Z test kernels::int4_nibble::tests::the_widest_block_at_full_range_cannot_overflow ... ok
2026-08-22T20:11:43.9382062Z test kernels::int4_nibble::tests::unsupported_block_sizes_are_refused ... ok
2026-08-22T20:11:43.9384923Z test kernels::int4_nibble::tests::zero_points_unpack_per_block_and_per_output ... ok
2026-08-22T20:11:43.9388741Z test kernels::is_inf::tests::can_disable_negative_detection ... ok
2026-08-22T20:11:43.9391911Z test kernels::is_inf::tests::can_disable_positive_detection ... ok
2026-08-22T20:11:43.9395034Z test kernels::is_inf::tests::detects_both_infinities_by_default ... ok
2026-08-22T20:11:43.9398315Z test kernels::is_inf::tests::supports_bf16_inputs ... ok
2026-08-22T20:11:43.9401870Z test kernels::is_inf::tests::supports_half_and_double_inputs ... ok
2026-08-22T20:11:43.9405300Z test kernels::is_nan::tests::detects_nan_in_bf16 ... ok
2026-08-22T20:11:43.9408406Z test kernels::is_nan::tests::detects_nan_in_f16_and_f64 ... ok
2026-08-22T20:11:43.9411414Z test kernels::is_nan::tests::detects_nan_in_f32 ... ok
2026-08-22T20:11:43.9414931Z test kernels::layernorm::tests::layernorm_applies_scale_and_bias ... ok
2026-08-22T20:11:43.9418794Z test kernels::layernorm::tests::layernorm_bf16_matches_widened_f32_reference ... ok
2026-08-22T20:11:43.9421969Z test kernels::layernorm::tests::layernorm_last_axis_matches_reference ... ok
2026-08-22T20:11:43.9425120Z test kernels::layernorm::tests::layernorm_writes_optional_mean_and_invstd ... ok
2026-08-22T20:11:43.9430149Z test kernels::linear_attention::tests::aliased_bindings_match_disjoint_result ... ok
2026-08-22T20:11:43.9433878Z test kernels::linear_attention::tests::hand_computed_single_step_recurrence ... ok
2026-08-22T20:11:43.9437410Z test kernels::linear_attention::tests::rejects_missing_beta_for_gated_delta ... ok
2026-08-22T20:11:43.9441238Z test kernels::linear_attention::tests::scale_zero_resolves_to_inv_sqrt_dk ... ok
2026-08-22T20:11:43.9444668Z test kernels::log_softmax::tests::log_softmax_bf16_matches_widened_f32_reference ... ok
2026-08-22T20:11:43.9448202Z test kernels::log_softmax::tests::log_softmax_is_translation_invariant_for_large_logits ... ok
2026-08-22T20:11:43.9451475Z test kernels::log_softmax::tests::log_softmax_opset11_axis_one_coerces_trailing_dimensions ... ok
2026-08-22T20:11:43.9454790Z test kernels::log_softmax::tests::log_softmax_opset13_last_axis_has_expected_values_and_normalizes ... ok
2026-08-22T20:11:43.9459346Z test kernels::logical::tests::equal_and_comparison_accept_bf16_inputs ... ok
2026-08-22T20:11:43.9462699Z test kernels::logical::tests::equal_bool_compares_truth_values ... ok
2026-08-22T20:11:43.9466207Z test kernels::logical::tests::equal_float_uses_numeric_equality ... ok
2026-08-22T20:11:43.9469535Z test kernels::logical::tests::equal_int64_broadcasts ... ok
2026-08-22T20:11:43.9473025Z test kernels::logical::tests::logical_binary_ops_broadcast_and_normalize_bools ... ok
2026-08-22T20:11:43.9481154Z test kernels::logical::tests::not_flips_bools ... ok
2026-08-22T20:11:43.9484737Z test kernels::logical::tests::not_rejects_non_bool ... ok
2026-08-22T20:11:43.9488670Z test kernels::logical::tests::ordered_comparisons_broadcast_and_obey_equality_boundaries ... ok
2026-08-22T20:11:43.9492232Z test kernels::logical::tests::ordered_comparisons_follow_onnx_nan_semantics ... ok
2026-08-22T20:11:43.9496070Z test kernels::lp_normalization::tests::l1_normalization_axes_zero_one_and_last ... ok
2026-08-22T20:11:43.9500054Z test kernels::lp_normalization::tests::l2_normalization_axes_zero_one_and_default_last ... ok
2026-08-22T20:11:43.9503612Z test kernels::lp_normalization::tests::lp_normalization_bf16_matches_widened_f32_reference ... ok
2026-08-22T20:11:43.9509878Z test kernels::matmul::tests::a_prewarmed_transpose_outlives_a_kernel_that_only_shared_it ... ok
2026-08-22T20:11:43.9519510Z test kernels::matmul::tests::aliasing_output_takes_fallback_and_is_correct ... ok
2026-08-22T20:11:43.9521192Z test kernels::matmul::tests::bench_f32_gemm_ab ... ignored, manual perf harness (#1091); run explicitly
2026-08-22T20:11:43.9655017Z test kernels::matmul::tests::col_parallel_gemm_matches_reference_for_m1 ... ok
2026-08-22T20:11:43.9660833Z test kernels::matmul::tests::constant_weight_prepack_reuses_weight_and_keeps_activation_live ... ok
2026-08-22T20:11:43.9673351Z test kernels::matmul::tests::declined_dense_cache_retains_nothing_and_is_byte_identical ... ok
2026-08-22T20:11:43.9678518Z test kernels::matmul::tests::dense_cache_predictor_counts_only_constant_non_f32_operands ... ok
2026-08-22T20:11:43.9683278Z test kernels::matmul::tests::direct_f32_2d_nonsquare_matches_reference ... ok
2026-08-22T20:11:43.9689006Z test kernels::matmul::tests::direct_f32_batched_and_broadcast_match_reference ... ok
2026-08-22T20:11:43.9693146Z test kernels::matmul::tests::direct_f32_eligible_for_contiguous_cpu_output ... ok
2026-08-22T20:11:43.9697907Z test kernels::matmul::tests::direct_f32_matrix_times_vector ... ok
2026-08-22T20:11:43.9701452Z test kernels::matmul::tests::direct_f32_rejects_non_f32_output ... ok
2026-08-22T20:11:43.9705599Z test kernels::matmul::tests::direct_f32_vector_times_vector_scalar_result ... ok
2026-08-22T20:11:43.9709463Z test kernels::matmul::tests::direct_f32_zero_sized_result_writes_nothing ... ok
2026-08-22T20:11:43.9714377Z test kernels::matmul::tests::f16_and_f32_transposes_do_not_collide ... ok
2026-08-22T20:11:43.9719708Z test kernels::matmul::tests::f16_decode_declines_a_non_contiguous_weight_and_stays_correct ... ok
2026-08-22T20:11:43.9726087Z test kernels::matmul::tests::f16_decode_gemv_agrees_with_the_blocked_half_gemm ... ok
2026-08-22T20:11:43.9730618Z test kernels::matmul::tests::f16_decode_with_a_non_constant_weight_is_correct_and_uncached ... ok
2026-08-22T20:11:43.9740405Z test kernels::matmul::tests::f16_non_constant_non_contiguous_b_produces_correct_result ... ok
2026-08-22T20:11:43.9744930Z test kernels::matmul::tests::fused_matmul_bias_dense_cache_is_budgeted_in_its_shipping_domain ... ok
2026-08-22T20:11:43.9749483Z test kernels::matmul::tests::gemm_bt_block_scalar_matches_naive_reference ... ok
2026-08-22T20:11:43.9753915Z test kernels::matmul::tests::gemm_bt_handles_zero_extents ... ok
2026-08-22T20:11:44.0253084Z test kernels::matmul::tests::gemm_bt_matches_naive_reference_across_shapes ... ok
2026-08-22T20:11:44.0442440Z test kernels::matmul::tests::gemm_bt_matches_transpose_then_gemm ... ok
2026-08-22T20:11:45.5055016Z test kernels::matmul::tests::gemm_bt_packed_kernel_matches_naive_single_threaded ... ok
2026-08-22T20:11:45.5792252Z test kernels::matmul::tests::gemm_bt_tile_kernel_matches_naive_single_threaded ... ok
2026-08-22T20:11:45.5798028Z test kernels::matmul::tests::matmul_2x3_times_3x2 ... ok
2026-08-22T20:11:45.5803009Z test kernels::matmul::tests::matmul_batched ... ok
2026-08-22T20:11:45.5807282Z test kernels::matmul::tests::matmul_bf16_batched ... ok
2026-08-22T20:11:45.5812263Z test kernels::matmul::tests::matmul_broadcast_batch ... ok
2026-08-22T20:11:45.5816194Z test kernels::matmul::tests::matmul_f16_accumulates_in_f32 ... ok
2026-08-22T20:11:45.5820420Z test kernels::matmul::tests::matmul_f16_preserves_near_tie_argmax_after_f32_accumulation ... ok
2026-08-22T20:11:45.9421772Z test kernels::matmul::tests::matmul_generic_block_boundaries_match_naive_reference ... ok
2026-08-22T20:11:45.9572209Z test kernels::matmul::tests::matmul_half_dispatch_matches_widened_reference_across_irregular_shapes ... ok
2026-08-22T20:11:45.9576618Z test kernels::matmul::tests::matmul_rejects_integer_dtype_with_rule1 ... ok
2026-08-22T20:11:45.9581194Z test kernels::matmul::tests::matmul_vector_times_matrix ... ok
2026-08-22T20:11:45.9585390Z test kernels::matmul::tests::matmul_with_transposed_b_view ... ok
2026-08-22T20:11:45.9589143Z test kernels::matmul::tests::matmul_zero_batch_returns_empty_without_panicking ... ok
2026-08-22T20:11:45.9592915Z test kernels::matmul::tests::mismatched_output_length_errors_before_write ... ok
2026-08-22T20:11:45.9596268Z test kernels::matmul::tests::output_overlaps_input_helper_detects_ranges ... ok
2026-08-22T20:11:45.9608400Z test kernels::matmul::tests::predicted_dense_bytes_equal_actual_after_matmul_execution ... ok
2026-08-22T20:11:45.9613233Z test kernels::matmul::tests::strided_f32_output_takes_fallback_and_is_correct ... ok
2026-08-22T20:11:45.9622920Z test kernels::matmul::tests::transposed_b_at_a_reused_address_never_serves_another_tensors_transpose ... ok
2026-08-22T20:11:45.9627154Z test kernels::matmul::tests::transposed_b_f16_validates_the_view_geometry ... ok
2026-08-22T20:11:45.9630684Z test kernels::matmul::tests::transposed_b_handles_zero_sized_weights ... ok
2026-08-22T20:11:45.9634996Z test kernels::matmul::tests::transposed_b_is_shared_across_kernels_for_the_same_weight ... ok
2026-08-22T20:11:45.9639188Z test kernels::matmul::tests::transposed_b_memo_is_validated_against_the_current_call ... ok
2026-08-22T20:11:45.9643037Z test kernels::matmul::tests::transposed_b_rejects_geometry_that_does_not_match_the_operand ... ok
2026-08-22T20:11:45.9656786Z test kernels::matmul::weight_cache_accounting::every_registered_cpu_op_is_classified_for_weight_cache_accounting ... ok
2026-08-22T20:11:45.9660957Z test kernels::matmul::weight_cache_accounting::fused_matmul_bias_is_budgeted_exactly_like_matmul ... ok
2026-08-22T20:11:45.9664737Z test kernels::matmul::weight_cache_accounting::no_op_budgets_a_non_constant_weight ... ok
2026-08-22T20:11:45.9678445Z test kernels::matmul::weight_cache_accounting::no_predictor_zeroes_a_caching_op_because_of_its_shipping_domain ... ok
2026-08-22T20:11:45.9691848Z test kernels::matmul::weight_cache_accounting::predicted_transpose_bytes_equal_actual_for_every_caching_op ... ok
2026-08-22T20:11:45.9699291Z test kernels::matmul_nbits::tests::a_deferred_decode_kernel_still_dispatches_to_the_task_runtime ... ok
2026-08-22T20:11:45.9702805Z test kernels::matmul_nbits::tests::a_deferred_fan_out_partitions_for_the_pool_it_would_have_installed ... ok
2026-08-22T20:11:45.9716335Z test kernels::matmul_nbits::tests::a_deferred_wide_fan_out_runs_on_the_decode_pool ... ok
2026-08-22T20:11:45.9720091Z test kernels::matmul_nbits::tests::access_violation_crash_signature_classifier ... ok
2026-08-22T20:11:45.9723561Z test kernels::matmul_nbits::tests::accuracy4_decode_takes_the_packed_nibble_route ... ok
2026-08-22T20:11:46.0070421Z test kernels::matmul_nbits::tests::accuracy4_int4_decode_error_envelope_is_pinned_against_f64 ... ok
2026-08-22T20:11:46.0074046Z test kernels::matmul_nbits::tests::affinity_defer_routing_child ... ok
2026-08-22T20:11:46.0243740Z test kernels::matmul_nbits::tests::auto_default_malformed_affinity_still_errors_on_flat_path ... ok
2026-08-22T20:11:46.0590487Z test kernels::matmul_nbits::tests::auto_default_with_explicit_affinity_defers_to_flat ... ok
2026-08-22T20:11:46.0594370Z test kernels::matmul_nbits::tests::block_dot_u8_i16_applies_per_group_scales ... ok
2026-08-22T20:11:46.0597989Z test kernels::matmul_nbits::tests::budget_past_physical_cores_reports_the_core_count ... ok
2026-08-22T20:11:46.0601032Z test kernels::matmul_nbits::tests::budget_within_physical_cores_is_not_worth_warning_about ... ok
2026-08-22T20:11:46.0603945Z test kernels::matmul_nbits::tests::concurrent_decode_sessions_share_one_packed_nibble_prepack ... ok
2026-08-22T20:11:46.0617335Z test kernels::matmul_nbits::tests::declining_resident_cache_is_byte_identical_and_holds_no_expansion ... ok
2026-08-22T20:11:46.0621066Z test kernels::matmul_nbits::tests::decode_residency_guard_clears_on_panic ... ok
2026-08-22T20:11:46.0628014Z test kernels::matmul_nbits::tests::decode_residency_guard_sets_and_restores_flag ... ok
2026-08-22T20:11:46.0631575Z test kernels::matmul_nbits::tests::decode_thread_count_defaults_invalid_values_and_clamps ... ok
2026-08-22T20:11:46.0639469Z test kernels::matmul_nbits::tests::decode_thread_pool_supports_global_pool_opt_out ... ok
2026-08-22T20:11:46.0642922Z test kernels::matmul_nbits::tests::deferred_decode_width_nests_and_restores_on_panic ... ok
2026-08-22T20:11:46.0648449Z test kernels::matmul_nbits::tests::deferring_the_decode_pool_does_not_change_results ... ok
2026-08-22T20:11:46.0652319Z test kernels::matmul_nbits::tests::deinterleave_activation_int4_is_a_block_permutation ... ok
2026-08-22T20:11:46.0656702Z test kernels::matmul_nbits::tests::dense_decode_pool_scope_runs_and_clears_residency ... ok
2026-08-22T20:11:46.0663290Z test kernels::matmul_nbits::tests::dense_decode_thread_default_scales_and_clamps ... ok
2026-08-22T20:11:46.0666883Z test kernels::matmul_nbits::tests::dense_decode_threads_honor_env_and_opt_out ... ok
2026-08-22T20:11:46.0670257Z test kernels::matmul_nbits::tests::dispatch_gates_report_production_policy_under_cfg_test ... ok
2026-08-22T20:11:46.0687404Z test kernels::matmul_nbits::tests::dispatch_probe_lock_hides_other_threads_dispatches ... ok
2026-08-22T20:11:46.0692967Z test kernels::matmul_nbits::tests::dot_kernel_bits_are_distinct ... ok
2026-08-22T20:11:46.0696494Z test kernels::matmul_nbits::tests::dot_kernel_clamp_keeps_supported_requests_and_rewrites_only_the_rest ... ok
2026-08-22T20:11:46.0699944Z test kernels::matmul_nbits::tests::dot_u8_f32_matches_serial_reference ... ok
2026-08-22T20:11:46.0703223Z test kernels::matmul_nbits::tests::dot_u8_i16_matches_serial_reference ... ok
2026-08-22T20:11:46.0716552Z test kernels::matmul_nbits::tests::dot_u8_i8_neon_matches_scalar ... ok
2026-08-22T20:11:46.1087093Z test kernels::matmul_nbits::tests::eight_bit_decode_keeps_fp32_activations_unless_the_model_allows_less ... ok
2026-08-22T20:11:46.3345999Z test kernels::matmul_nbits::tests::every_benchmarked_decode_width_realizes_the_worker_count_it_requests ... ok
2026-08-22T20:11:46.3350679Z test kernels::matmul_nbits::tests::every_dot_kernel_is_bit_exact_on_this_host ... ok
2026-08-22T20:11:46.4008893Z test kernels::matmul_nbits::tests::every_probe_perturbing_test_takes_the_dispatch_lock ... ok
2026-08-22T20:11:46.4012074Z test kernels::matmul_nbits::tests::explicit_budget_precedes_env_for_every_decode_pool ... ok
2026-08-22T20:11:46.4015118Z test kernels::matmul_nbits::tests::flat_fan_out_does_not_ask_for_a_width_it_will_not_use ... ok
2026-08-22T20:11:46.4017941Z test kernels::matmul_nbits::tests::flat_fan_out_ignores_a_wide_pool_that_is_not_wider ... ok
2026-08-22T20:11:46.4020649Z test kernels::matmul_nbits::tests::flat_fan_out_keeps_one_shot_fan_outs_on_the_runtime ... ok
2026-08-22T20:11:46.4023443Z test kernels::matmul_nbits::tests::flat_fan_out_leaves_narrow_fan_outs_where_they_are ... ok
2026-08-22T20:11:46.4026266Z test kernels::matmul_nbits::tests::flat_fan_out_sends_hot_repeated_fan_outs_to_the_wide_pool ... ok
2026-08-22T20:11:46.4345467Z test kernels::matmul_nbits::tests::forced_persistent_pool_ignores_explicit_affinity ... ok
2026-08-22T20:11:46.4374892Z test kernels::matmul_nbits::tests::gemv_nk_u8_i16_matches_dequant_f32_reference ... ok
2026-08-22T20:11:46.4378550Z test kernels::matmul_nbits::tests::gemv_nk_u8_i16_preserves_argmax_on_massive_activation_channel ... ok
2026-08-22T20:11:46.4406281Z test kernels::matmul_nbits::tests::gemv_nk_u8_matches_dequant_f32_reference ... ok
2026-08-22T20:11:46.5956462Z test kernels::matmul_nbits::tests::int4_decode_preserves_f32_argmax_where_per_row_int8_activation_flips ... ok
2026-08-22T20:11:46.5966648Z test kernels::matmul_nbits::tests::int4_direct_m1_counters_track_their_dispatch_predicates ... ok
2026-08-22T20:11:46.5971345Z test kernels::matmul_nbits::tests::int8_row_neon_matches_scalar ... ok
2026-08-22T20:11:47.4903720Z test kernels::matmul_nbits::tests::kai_sdot_qsi4_block128_asymmetric_qwen_shapes_match_reference ... ok
2026-08-22T20:11:49.0173898Z test kernels::matmul_nbits::tests::kai_sdot_qsi8_block128_asymmetric_qwen_shapes_match_reference ... ok
2026-08-22T20:11:49.0178302Z test kernels::matmul_nbits::tests::large_prefill_work_takes_the_wide_fan_out ... ok
2026-08-22T20:11:49.0192742Z test kernels::matmul_nbits::tests::matmulnbits_2bit_unpacks_low_bits_first ... ok
2026-08-22T20:11:49.3377479Z test kernels::matmul_nbits::tests::matmulnbits_8bit_block128_argmax_matches_dequant_f32_oracle_at_near_tie ... ok
2026-08-22T20:11:49.3559805Z test kernels::matmul_nbits::tests::matmulnbits_8bit_block128_execute_matches_dequant_f32_oracle ... ok
2026-08-22T20:11:49.8369744Z test kernels::matmul_nbits::tests::matmulnbits_8bit_prefill_batched_matches_dequant_f32_oracle ... ok
2026-08-22T20:11:49.8417696Z test kernels::matmul_nbits::tests::matmulnbits_acc0_m1_block32_matches_fp32_oracle_on_every_arch ... ok
2026-08-22T20:11:49.8437090Z test kernels::matmul_nbits::tests::matmulnbits_accuracy4_block128_partial_k_batched_matches_fp32_reference ... ok
2026-08-22T20:11:49.8452139Z test kernels::matmul_nbits::tests::matmulnbits_accuracy4_block32_partial_k_m1_matches_fp32_reference ... ok
2026-08-22T20:11:49.8608224Z test kernels::matmul_nbits::tests::matmulnbits_accuracy4_m1_asymmetric_matches_fp32_reference ... ok
2026-08-22T20:11:49.8614823Z test kernels::matmul_nbits::tests::matmulnbits_accuracy4_prepack_reuses_selected_weight_format ... ok
2026-08-22T20:11:49.8621692Z test kernels::matmul_nbits::tests::matmulnbits_accuracy4_vnni_matches_scalar_when_available ... ok
2026-08-22T20:11:49.8670326Z test kernels::matmul_nbits::tests::matmulnbits_activation_borrow_matches_strided_copy_bit_exact ... ok
2026-08-22T20:11:50.0844108Z test kernels::matmul_nbits::tests::matmulnbits_arm64_kai_qsi4_asymmetric_qwen_shape_is_reachable ... ok
2026-08-22T20:11:52.5532437Z test kernels::conv::tests::conv_parity_3x3_stride1_pad1 ... ok
2026-08-22T20:11:54.4971956Z test kernels::matmul_nbits::tests::matmulnbits_arm64_kai_qsi4_block128_qwen_shapes_match_reference ... ok
2026-08-22T20:11:54.7619478Z test kernels::matmul_nbits::tests::matmulnbits_arm64_kai_qsi8_asymmetric_qwen_shape_is_reachable ... ok
2026-08-22T20:11:54.7621147Z test kernels::matmul_nbits::tests::matmulnbits_asymmetric_block16_batched_non_square ... ok
2026-08-22T20:11:54.7630815Z test kernels::matmul_nbits::tests::matmulnbits_bf16_asymmetric_decode_keeps_int4_packed ... ok
2026-08-22T20:11:54.7631554Z test kernels::matmul_nbits::tests::matmulnbits_borrowed_m1_block128_explicit_zp_partial_block_matches_reference ... ok
2026-08-22T20:11:54.7779859Z test kernels::matmul_nbits::tests::matmulnbits_compint8_argmax_matches_dequant_f32_oracle_at_near_tie ... ok
2026-08-22T20:11:54.7786310Z test kernels::matmul_nbits::tests::matmulnbits_compint8_per_block_activation_tracks_dequant_f32_oracle ... ok
2026-08-22T20:11:54.7794969Z test kernels::matmul_nbits::tests::matmulnbits_defaults_missing_bits_to_int4 ... ok
2026-08-22T20:11:54.7800581Z test kernels::matmul_nbits::tests::matmulnbits_direct_2bit_gemm_matches_dequantized_reference ... ok
2026-08-22T20:11:54.7803710Z test kernels::matmul_nbits::tests::matmulnbits_direct_2bit_gemv_matches_dequantized_reference ... ok
2026-08-22T20:11:54.7807139Z test kernels::matmul_nbits::tests::matmulnbits_direct_int4_gemv_matches_int8_reference ... ok
2026-08-22T20:11:54.7834683Z test kernels::matmul_nbits::tests::matmulnbits_direct_int4_parallel_partial_k_matches_serial ... ok
2026-08-22T20:11:54.7847288Z test kernels::matmul_nbits::tests::matmulnbits_factory_accepts_bits8 ... ok
2026-08-22T20:11:54.7851043Z test kernels::matmul_nbits::tests::matmulnbits_f16_bf16_inputs_match_widened_f32_for_decode_and_prefill ... ok
2026-08-22T20:11:54.7860046Z test kernels::matmul_nbits::tests::matmulnbits_factory_rejects_unknown_prepacked_weight_layout ... ok
2026-08-22T20:11:54.7889211Z test kernels::matmul_nbits::tests::matmulnbits_fp32_activation_is_more_accurate_than_accuracy4 ... ok
2026-08-22T20:11:54.7897276Z test kernels::matmul_nbits::tests::matmulnbits_honors_non_contiguous_group_indices ... ok
2026-08-22T20:11:54.7901988Z test kernels::matmul_nbits::tests::matmulnbits_int4_acc0_dynamic_weight_keeps_borrowed_path ... ok
2026-08-22T20:11:54.8053785Z test kernels::matmul_nbits::tests::matmulnbits_int4_prefill_gebp_matches_reference_and_stays_borrowed ... ok
2026-08-22T20:11:54.8055420Z test kernels::matmul_nbits::tests::matmulnbits_m1_block32_symmetric_borrows_weight_for_new_activations ... ok
2026-08-22T20:11:54.8058132Z test kernels::matmul_nbits::tests::matmulnbits_m1_dynamic_b_falls_back_without_populating_prepack_cache ... ok
2026-08-22T20:11:54.8411784Z test kernels::matmul_nbits::tests::matmulnbits_partition_scales_with_pool_size_and_work ... ok
2026-08-22T20:11:54.8423090Z test kernels::matmul_nbits::tests::matmulnbits_rejects_unsupported_bit_width ... ok
2026-08-22T20:11:54.8436428Z test kernels::matmul_nbits::tests::matmulnbits_symmetric_block32_matches_independent_dequantization ... ok
2026-08-22T20:11:54.8443269Z test kernels::matmul_nbits::tests::matmulnbits_symmetric_m1_borrows_instead_of_building_f32_cache ... ok
2026-08-22T20:11:54.8455026Z test kernels::matmul_nbits::tests::matmulnbits_unpacks_low_nibble_before_high_nibble ... ok
2026-08-22T20:11:54.8925303Z test kernels::matmul_nbits::tests::matmulnbits_parallel_n_partition_matches_serial ... ok
2026-08-22T20:11:56.1964138Z test kernels::matmul_nbits::tests::n16_sdot_bits8_block128_asymmetric_matches_i16_and_f32_reference ... ok
2026-08-22T20:11:57.3171379Z test kernels::matmul_nbits::tests::n16_sdot_int4_block128_asymmetric_matches_int8_and_f32_reference ... ok
2026-08-22T20:11:57.3174748Z test kernels::matmul_nbits::tests::output_chunk_len_for_matches_the_ambient_rule_at_the_ambient_width ... ok
2026-08-22T20:11:57.3189355Z test kernels::matmul_nbits::tests::parallel_output_rows_covers_every_output_exactly_once ... ok
2026-08-22T20:11:57.3210629Z test kernels::matmul_nbits::tests::parallel_output_rows_dispatches_to_the_task_runtime ... ok
2026-08-22T20:11:57.3211838Z test kernels::matmul_nbits::tests::only_the_decode_shaped_borrowed_int4_path_defers_the_pool ... ok
2026-08-22T20:11:57.3216232Z test kernels::matmul_nbits::tests::parallel_output_rows_is_the_one_shot_spelling ... ok
2026-08-22T20:11:57.3220105Z test kernels::matmul_nbits::tests::persistent_decode_thread_default_is_half_the_logical_cpus ... ok
2026-08-22T20:11:57.3221013Z test kernels::matmul_nbits::tests::parallel_output_rows_repeated_covers_every_output_on_the_wide_path ... ok
2026-08-22T20:11:57.3223610Z test kernels::matmul_nbits::tests::persistent_decode_threads_honor_env_and_opt_out ... ok
2026-08-22T20:11:57.3227028Z test kernels::matmul_nbits::tests::prefill_column_grain_batches_only_undersized_columns ... ok
2026-08-22T20:11:57.3230390Z test kernels::matmul_nbits::tests::prefill_column_grain_stays_within_the_column_count ... ok
2026-08-22T20:11:57.3233493Z test kernels::matmul_nbits::tests::prefill_column_grain_survives_a_zero_sized_problem ... ok
2026-08-22T20:11:57.3236448Z test kernels::matmul_nbits::tests::prefill_tile_grain_batches_only_undersized_tiles ... ok
2026-08-22T20:11:57.3239495Z test kernels::matmul_nbits::tests::prefill_tile_grain_stays_within_the_tile_count ... ok
2026-08-22T20:11:57.3242423Z test kernels::matmul_nbits::tests::prefill_tile_grain_survives_a_zero_sized_problem ... ok
2026-08-22T20:11:57.3245721Z test kernels::matmul_nbits::tests::prefill_worker_names_survive_linux_comm_truncation ... ok
2026-08-22T20:11:57.3250065Z test kernels::matmul_nbits::tests::rayon_global_threads_bound_only_by_an_explicit_budget ... ok
2026-08-22T20:11:57.3254279Z test kernels::matmul_nbits::tests::reassociated_dot_handles_every_tail_length ... ok
2026-08-22T20:11:57.3258597Z test kernels::matmul_nbits::tests::predictor_matches_actual_resident_cache ... ok
2026-08-22T20:11:57.3261998Z test kernels::matmul_nbits::tests::selected_dot_kernel_is_neon_on_aarch64 ... ok
2026-08-22T20:11:57.3265159Z test kernels::matmul_nbits::tests::small_prefill_work_stays_on_the_task_runtime ... ok
2026-08-22T20:11:57.3277408Z test kernels::matmul_nbits::tests::reassociated_dot_is_at_least_as_accurate_as_the_serial_chain ... ok
2026-08-22T20:11:57.3280381Z test kernels::matmul_nbits::tests::spmd_real_int4_parity_subprocess ... ok
2026-08-22T20:11:57.5012879Z test kernels::matmul_nbits::tests::spmd_real_multi_op_int4_is_bit_identical_at_odd_worker_count ... ok
2026-08-22T20:11:57.5016266Z test kernels::matmul_nbits::tests::spmd_realized_width_subprocess ... ok
2026-08-22T20:11:57.5019879Z test kernels::matmul_nbits::tests::the_packed_nibble_route_agrees_row_by_row_above_one_row ... ok
2026-08-22T20:11:57.5072449Z test kernels::matmul_nbits::tests::the_packed_nibble_route_is_unreachable_below_accuracy_4 ... ok
2026-08-22T20:11:57.5077092Z test kernels::matmul_nbits::tests::the_packed_nibble_route_stays_inside_the_accuracy_4_envelope ... ok
2026-08-22T20:11:57.5083219Z test kernels::matmul_nbits::tests::the_spmd_grain_is_independent_of_the_ambient_rayon_width ... ok
2026-08-22T20:11:57.5086800Z test kernels::matmul_nbits::tests::the_wide_fan_out_is_not_taken_when_it_is_not_wider ... ok
2026-08-22T20:11:57.5091348Z test kernels::matmul_nbits::tests::unknown_topology_never_warns ... ok
2026-08-22T20:11:57.5095044Z test kernels::matmul_nbits::tests::with_decode_pool_runs_inline_when_resident ... ok
2026-08-22T20:11:57.5098616Z test kernels::matmul_nbits::tests::with_decode_pool_scope_marks_residency_when_pool_active ... ok
2026-08-22T20:11:57.5101907Z test kernels::matmul_nbits::tests::zero_physical_cores_is_treated_as_unknown ... ok
2026-08-22T20:11:57.5105727Z test kernels::matmul_nbits::tests::spmd_adaptive_calibrated_decode_is_bit_identical_to_flat ... ok
2026-08-22T20:11:57.5130959Z test kernels::moe::tests::borrowed_and_copied_expert_weights_agree ... ok
2026-08-22T20:11:57.5264841Z test kernels::moe::tests::every_swiglu_fusion_mode_matches_the_scalar_reference ... ok
2026-08-22T20:11:57.5272685Z test kernels::moe::tests::grouped_linear_matches_a_hand_rolled_transposed_gemm ... ok
2026-08-22T20:11:57.5293745Z test kernels::moe::tests::grouped_moe_matches_per_token_dense_fallback_for_eight_experts_top2 ... ok
2026-08-22T20:11:57.5295419Z test kernels::moe::tests::grouped_moe_measures_benefit_over_dense_fallback_decode_and_prefill ... ignored, performance characterization; run with --release --ignored --nocapture
2026-08-22T20:11:57.5301251Z test kernels::moe::tests::linear_grouped_matches_a_hand_rolled_transposed_gemm ... ok
2026-08-22T20:11:57.5305991Z test kernels::moe::tests::linear_grouped_returns_an_empty_result_for_zero_rows ... ok
2026-08-22T20:11:57.5319497Z test kernels::moe::tests::moe_defaults_to_top1_relu_when_attributes_are_omitted ... ok
2026-08-22T20:11:57.5334550Z test kernels::moe::tests::moe_gelu_top1_biases_selects_different_experts_per_row ... ok
2026-08-22T20:11:57.5348100Z test kernels::moe::tests::moe_silu_top2_normalized_without_biases_preserves_3d_shape ... ok
2026-08-22T20:11:57.5362991Z test kernels::moe::tests::moe_silu_with_fc3_uses_ort_mixtral_gated_form ... ok
2026-08-22T20:11:57.5376047Z test kernels::moe::tests::moe_swiglu_fused_interleaved ... ok
2026-08-22T20:11:57.5388074Z test kernels::moe::tests::moe_swiglu_unfused_fc3_with_biases ... ok
2026-08-22T20:11:57.5402020Z test kernels::moe::tests::moe_top1_relu_runs_natively_in_bf16_matching_f32 ... ok
2026-08-22T20:11:57.5406211Z test kernels::moe::tests::routing_plan_groups_are_contiguous_ascending_and_cover_every_slot ... ok
2026-08-22T20:11:57.5424315Z test kernels::moe::tests::single_token_decode_matches_the_scalar_reference ... ok
2026-08-22T20:11:57.5495639Z test kernels::moe::tests::the_driver_gate_matches_the_measured_crossover ... ok
2026-08-22T20:11:57.5499894Z test kernels::moe::tests::the_gate_reads_the_largest_group_not_the_average ... ok
2026-08-22T20:11:57.6596059Z test kernels::moe::tests::the_two_drivers_are_bit_identical ... ok
2026-08-22T20:11:57.6606292Z test kernels::movement_ops::tests::flatten_bf16_preserves_element_bits ... ok
2026-08-22T20:11:57.6616201Z test kernels::movement_ops::tests::flatten_copies_row_major ... ok
2026-08-22T20:11:57.6631902Z test kernels::movement_ops::tests::size_of_scalar_is_one ... ok
2026-08-22T20:11:57.6641269Z test kernels::movement_ops::tests::size_reports_element_count ... ok
2026-08-22T20:11:57.6656955Z test kernels::movement_ops::tests::squeeze_copies_bytes_int64 ... ok
2026-08-22T20:11:57.6672193Z test kernels::movement_ops::tests::squeeze_with_axes_input_ignores_axes_data ... ok
2026-08-22T20:11:57.6687174Z test kernels::movement_ops::tests::trilu_defaults_k_to_zero_when_input_is_absent ... ok
2026-08-22T20:11:57.6691518Z test kernels::movement_ops::tests::trilu_lower_applies_to_each_batched_matrix ... ok
2026-08-22T20:11:57.6695803Z test kernels::movement_ops::tests::trilu_lower_reads_negative_k_input ... ok
2026-08-22T20:11:57.6700035Z test kernels::movement_ops::tests::trilu_upper_reads_positive_k_input ... ok
2026-08-22T20:11:57.6715993Z test kernels::msft_attention::tests::basic_packed_qkv_matches_hand_rolled ... ok
2026-08-22T20:11:57.6731640Z test kernels::msft_attention::tests::concat_cache_handles_the_absent_past_and_degenerate_shapes ... ok
2026-08-22T20:11:57.6741050Z test kernels::msft_attention::tests::concat_cache_is_bit_identical_to_the_scalar_scatter ... ok
2026-08-22T20:11:57.6756405Z test kernels::msft_attention::tests::factory_rejects_do_rotary_and_share_buffer ... ok
2026-08-22T20:11:57.6784031Z test kernels::msft_attention::tests::factory_requires_positive_num_heads ... ok
2026-08-22T20:11:57.6794355Z test kernels::msft_attention::tests::present_cache_without_past_fills_precise_rank5_shape ... ok
2026-08-22T20:11:57.6807280Z test kernels::msft_attention::tests::rejects_missing_bias ... ok
2026-08-22T20:11:57.6829740Z test kernels::multi_head_attention::tests::basic_self_attention_is_finite_and_shaped ... ok
2026-08-22T20:11:57.7279256Z test kernels::multi_head_attention::tests::context_transpose_inverts_the_qkv_transpose ... ok
2026-08-22T20:11:57.7282561Z test kernels::multi_head_attention::tests::factory_requires_positive_num_heads ... ok
2026-08-22T20:11:57.8448588Z test kernels::multi_head_attention::tests::qkv_transpose_is_bit_identical_on_both_sides_of_the_parallel_threshold ... ok
2026-08-22T20:11:57.8477034Z test kernels::multi_head_attention::tests::rejects_mismatched_key_value_rank ... ok
2026-08-22T20:11:57.8491648Z test kernels::multi_head_attention::tests::rejects_packed_qkv_rank5_query ... ok
2026-08-22T20:11:57.8506127Z test kernels::multi_head_attention::tests::transposes_tolerate_empty_extents ... ok
2026-08-22T20:11:57.8537832Z test kernels::norm_ops::tests::batch_normalization_bf16_matches_widened_f32_reference ... ok
2026-08-22T20:11:57.8554403Z test kernels::norm_ops::tests::batch_normalization_inference_matches_reference ... ok
2026-08-22T20:11:57.8578597Z test kernels::norm_ops::tests::batch_normalization_preserves_f64_precision ... ok
2026-08-22T20:11:57.8594072Z test kernels::norm_ops::tests::batch_normalization_rejects_training_and_extra_outputs ... ok
2026-08-22T20:11:57.8618129Z test kernels::norm_ops::tests::group_normalization_bf16_matches_widened_f32_reference ... ok
2026-08-22T20:11:57.8633329Z test kernels::norm_ops::tests::group_normalization_opset18_per_group_matches_reference ... ok
2026-08-22T20:11:57.8653106Z test kernels::norm_ops::tests::group_normalization_opset21_uses_per_channel_affine ... ok
2026-08-22T20:11:57.8672961Z test kernels::norm_ops::tests::instance_normalization_bf16_matches_widened_f32_reference ... ok
2026-08-22T20:11:57.8701460Z test kernels::norm_ops::tests::instance_normalization_matches_reference ... ok
2026-08-22T20:11:57.8723489Z test kernels::norm_ops::tests::prelu_bf16_matches_widened_f32_reference ... ok
2026-08-22T20:11:57.8737629Z test kernels::norm_ops::tests::prelu_broadcasts_per_channel_slope ... ok
2026-08-22T20:11:57.8748626Z test kernels::norm_ops::tests::prelu_broadcasts_scalar_slope ... ok
2026-08-22T20:11:57.8763488Z test kernels::norm_ops::tests::prelu_preserves_f64_precision ... ok
2026-08-22T20:11:57.8791768Z test kernels::onehot::tests::inserts_nonfinal_axis ... ok
2026-08-22T20:11:57.8817949Z test kernels::onehot::tests::onehot_bf16_values_preserve_element_bits ... ok
2026-08-22T20:11:57.8842933Z test kernels::onehot::tests::valid_negative_indices_wrap_and_out_of_range_indices_are_off ... ok
2026-08-22T20:11:57.8859642Z test kernels::packed_multi_head_attention::tests::bf16_tracks_f32_reference_after_output_rounding ... ok
2026-08-22T20:11:57.8868714Z test kernels::packed_multi_head_attention::tests::claim_accepts_only_bias_free_separate_qkv_contract ... ok
2026-08-22T20:11:57.8872780Z test kernels::packed_multi_head_attention::tests::rejects_present_optional_biases ... ok
2026-08-22T20:11:57.8876981Z test kernels::packed_multi_head_attention::tests::variable_length_sequences_stay_independent_and_packed ... ok
2026-08-22T20:11:57.8881690Z test kernels::packed_varlen_attention::tests::packed_varlen_causal_mask_stays_within_segment_boundaries ... ok
2026-08-22T20:11:57.8889106Z test kernels::packed_varlen_attention::tests::packed_varlen_matches_padded_nonpad_and_saves_rows ... ok
2026-08-22T20:11:57.8904651Z test kernels::packed_varlen_attention::tests::packed_varlen_rank_two_uses_tail_aligned_causal_mask ... ok
2026-08-22T20:11:57.8915266Z test kernels::pad::tests::pad_bf16_preserves_input_element_bits ... ok
2026-08-22T20:11:57.8931333Z test kernels::pad::tests::pad_constant_nonzero_value_both_axes ... ok
2026-08-22T20:11:57.8938497Z test kernels::pad::tests::pad_constant_pads_as_input ... ok
2026-08-22T20:11:57.8954101Z test kernels::pad::tests::pad_constant_value_via_legacy_attribute ... ok
2026-08-22T20:11:57.8957863Z test kernels::pad::tests::pad_edge_1d ... ok
2026-08-22T20:11:57.8967190Z test kernels::pad::tests::pad_int64_dtype_agnostic ... ok
2026-08-22T20:11:57.8982988Z test kernels::pad::tests::pad_negative_crops ... ok
2026-08-22T20:11:57.8992877Z test kernels::pad::tests::pad_reflect_1d ... ok
2026-08-22T20:11:57.9006225Z test kernels::pad::tests::pad_with_axes_input_subset ... ok
2026-08-22T20:11:57.9015488Z test kernels::pad::tests::pad_wrap_1d ... ok
2026-08-22T20:11:57.9020821Z test kernels::pooling::tests::average_pool_stride_padding_and_ceil_mode ... ok
2026-08-22T20:11:57.9025141Z test kernels::pooling::tests::dilated_pool_uses_scalar_fallback ... ok
2026-08-22T20:11:57.9053791Z test kernels::pooling::tests::global_pool_and_same_upper_match_explicit_padding ... ok
2026-08-22T20:11:57.9081469Z test kernels::pooling::tests::lp_pool_1d_default_p ... ok
2026-08-22T20:11:57.9095746Z test kernels::pooling::tests::lp_pool_2d_dilations ... ok
2026-08-22T20:11:57.9111284Z test kernels::pooling::tests::lp_pool_2d_pads_strides_and_p_one ... ok
2026-08-22T20:11:57.9119809Z test kernels::pooling::tests::lp_pool_2d_same_upper_and_lower ... ok
2026-08-22T20:11:57.9141510Z test kernels::pooling::tests::lp_pool_3d_and_global_lp_pool ... ok
2026-08-22T20:11:57.9144898Z test kernels::pooling::tests::lp_pool_ceil_mode_drops_trailing_padding_window ... ok
2026-08-22T20:11:57.9149544Z test kernels::pooling::tests::max_pool_indices_and_dilations ... ok
2026-08-22T20:11:57.9153885Z test kernels::pooling::tests::max_pool_indices_include_nc_base_for_both_storage_orders ... ok
2026-08-22T20:11:57.9158223Z test kernels::pooling::tests::pool_bf16_matches_widened_f32_reference ... ok
2026-08-22T20:11:57.9159588Z test kernels::qgemm_native::tests::bench_qgemm_ab ... ignored, manual perf harness; run explicitly
2026-08-22T20:11:57.9163015Z test kernels::qgemm_native::tests::degenerate_extents_do_nothing ... ok
2026-08-22T20:11:57.9568199Z test kernels::moe::tests::grouped_driver_is_bit_identical_to_the_per_expert_loop ... ok
2026-08-22T20:11:57.9573626Z test kernels::qgemm_native::tests::the_result_is_accumulated_into_the_caller_s_buffer ... ok
2026-08-22T20:11:58.0644093Z test kernels::qgemm_native::tests::the_thread_count_cannot_change_the_result ... ok
2026-08-22T20:11:58.1302898Z test kernels::qgemm_native::tests::wrapping_overflow_is_reordering_invariant ... ok
2026-08-22T20:11:58.1309508Z test kernels::qlinear_matmul::tests::a_batched_call_lands_every_batch_at_its_own_offset_in_place ... ok
2026-08-22T20:11:58.1314382Z test kernels::qlinear_matmul::tests::a_contiguous_output_is_written_in_place_and_a_strided_one_is_staged ... ok
2026-08-22T20:11:58.1319227Z test kernels::qlinear_matmul::tests::a_finite_scale_past_the_i64_range_saturates_on_the_scalar_loop ... ok
2026-08-22T20:11:58.1323669Z test kernels::qlinear_matmul::tests::qlinear_matmul_batched_per_row_and_per_column_broadcasts_match_reference ... ok
2026-08-22T20:11:58.1328394Z test kernels::qlinear_matmul::tests::qlinear_matmul_batched_per_tensor_uint8_matches_reference ... ok
2026-08-22T20:11:58.1332826Z test kernels::qlinear_matmul::tests::qlinear_matmul_int8_per_column_scales_matches_reference ... ok
2026-08-22T20:11:58.1406067Z test kernels::qlinear_matmul::tests::qlinear_matmul_is_deterministic_across_repeated_runs ... ok
2026-08-22T20:11:58.1661582Z test kernels::qlinear_matmul::tests::qlinear_matmul_overflowing_accumulator_matches_the_previous_loop ... ok
2026-08-22T20:11:58.1666112Z test kernels::qlinear_matmul::tests::qlinear_matmul_rejects_mismatched_scale_and_zero_point_shapes ... ok
2026-08-22T20:11:58.4151199Z test kernels::qgemm_native::tests::matches_the_integer_oracle_across_shapes_and_signedness ... ok
2026-08-22T20:11:58.4157012Z test kernels::qlinear_matmul::tests::qlinear_matmul_rounds_ties_to_even_and_saturates_int8 ... ok
2026-08-22T20:11:58.4161719Z test kernels::qlinear_matmul::tests::qlinear_matmul_uint8_per_row_a_scales_matches_reference ... ok
2026-08-22T20:11:58.4166250Z test kernels::qlinear_matmul::tests::qlinear_matmul_uint8_per_tensor_matches_dequant_matmul_requant_reference ... ok
2026-08-22T20:11:58.4170916Z test kernels::qlinear_matmul::tests::qlinear_matmul_zero_width_output_is_empty_not_a_panic ... ok
2026-08-22T20:12:01.2758750Z test kernels::qlinear_matmul::tests::qlinear_matmul_reordered_accumulation_is_bit_identical ... ok
2026-08-22T20:12:01.3632560Z test kernels::qmoe::tests::active_host_cache_lease_blocks_eviction_until_drop ... ok
2026-08-22T20:12:03.6471481Z test kernels::qmoe::tests::admission_history_skips_uncacheable_keys_and_expires_churn ... ok
2026-08-22T20:12:03.9241471Z test kernels::qmoe::tests::cached_and_uncached_routes_and_logits_are_bit_identical ... ok
2026-08-22T20:12:04.0446483Z test kernels::qmoe::tests::flag_off_preserves_legacy_path_and_counters ... ok
2026-08-22T20:12:04.1305019Z test kernels::qmoe::tests::governed_host_cache_uses_only_the_host_bytes_the_ledger_can_grant ... ok
2026-08-22T20:12:04.2478378Z test kernels::qmoe::tests::grouped_int4_qmoe_matches_per_token_dense_fallback_for_eight_experts_top2 ... ok
2026-08-22T20:12:04.4840608Z test kernels::qmoe::tests::host_cache_enforces_expanded_byte_cap_for_oversubscribed_working_set ... ok
2026-08-22T20:12:04.5715632Z test kernels::qmoe::tests::interleaved_expert_layout_falls_back_without_error ... ok
2026-08-22T20:12:04.6926718Z test kernels::qmoe::tests::one_off_rare_route_does_not_evict_pinned_hot_expert ... ok
2026-08-22T20:12:04.7215456Z test kernels::qmoe::tests::prefetch_ab_benchmark ... ignored, timing benchmark; run explicitly with --ignored --nocapture
2026-08-22T20:12:10.7702013Z test kernels::qmoe::tests::prefetch_guard_holds_stats_in_gaff_divergent_regime ... ok
2026-08-22T20:12:19.9032106Z test kernels::conv::tests::conv_parity_rank3_group1_stride2 ... ok
2026-08-22T20:12:23.7468037Z test kernels::qlinear_matmul::tests::the_parked_accumulator_is_bounded_process_wide_not_per_thread ... ok
2026-08-22T20:12:29.8987632Z test kernels::conv::tests::conv_parity_rank3_group1_stride1 has been running for over 60 seconds
2026-08-22T20:12:33.4042436Z test kernels::qmoe::tests::prefetch_matches_serial_across_routing_and_budget_sweep ... ok
2026-08-22T20:12:33.5455472Z test kernels::qmoe::tests::prefetch_pipeline_is_byte_and_stat_identical_to_serial ... ok
2026-08-22T20:12:33.5480990Z test kernels::qmoe::tests::qmoe_int1_single_block_matches_float_moe ... ok
2026-08-22T20:12:33.5504748Z test kernels::qmoe::tests::qmoe_int2_single_block_matches_float_moe ... ok
2026-08-22T20:12:33.5536753Z test kernels::qmoe::tests::qmoe_int4_multiple_blocks_affine_matches_float_moe ... ok
2026-08-22T20:12:33.5580033Z test kernels::qmoe::tests::qmoe_int4_odd_blocks_affine_matches_float_moe ... ok
2026-08-22T20:12:33.5604904Z test kernels::qmoe::tests::qmoe_int4_single_block_matches_float_moe ... ok
2026-08-22T20:12:33.5629318Z test kernels::qmoe::tests::qmoe_int8_matches_float_moe ... ok
2026-08-22T20:12:33.5640855Z test kernels::qmoe::tests::qmoe_rejects_flattened_rows_overflow_before_allocation ... ok
2026-08-22T20:12:33.5652392Z test kernels::qmoe::tests::qmoe_rejects_isize_max_exceeding_byte_count_before_allocation ... ok
2026-08-22T20:12:33.5662988Z test kernels::qmoe::tests::qmoe_rejects_quantized_expert_layout_overflow_before_allocation ... ok
2026-08-22T20:12:33.5673823Z test kernels::qmoe::tests::qmoe_rejects_unsupported_block_size ... ok
2026-08-22T20:12:33.5693016Z test kernels::qmoe::tests::qmoe_rejects_unsupported_weight_bits ... ok
2026-08-22T20:12:33.5703429Z test kernels::qmoe::tests::qmoe_rejects_zero_masked_tensor_overflow_before_allocation ... ok
2026-08-22T20:12:33.5786492Z test kernels::qmoe::tests::qmoe_sub4_odd_blocks_affine_match_float_moe ... ok
2026-08-22T20:12:33.5813576Z test kernels::qmoe::tests::qmoe_top2_normalized_matches_float_moe ... ok
2026-08-22T20:12:33.6047657Z test kernels::qmoe::tests::prefetch_pipeline_survives_cache_smaller_than_working_set ... ok
2026-08-22T20:12:33.6048579Z test kernels::qmoe::tests::process_metrics_aggregate_live_cache_residency_and_release_on_drop ... ok
2026-08-22T20:12:33.6106630Z test kernels::qmoe::tests::repeated_routing_working_set_converges_to_host_cache_hits ... ok
2026-08-22T20:12:33.6238840Z test kernels::qmoe::tests::route_first_bounds_dequantized_residency_when_all_experts_are_selected ... ok
2026-08-22T20:12:33.6324676Z test kernels::qmoe::tests::route_first_mmap_matches_full_dequant_on_pseudorandom_inputs ... ok
2026-08-22T20:12:33.6414885Z test kernels::qmoe::tests::route_first_preserves_exact_accumulation_order_for_top_k ... ok
2026-08-22T20:12:33.6458755Z test kernels::qmoe::tests::route_first_reads_only_unique_selected_expert_ranges ... ok
2026-08-22T20:12:33.6459407Z test kernels::qmoe::tests::two_engine_cache_partitions_respect_independent_budgets ... ok
2026-08-22T20:12:33.6462330Z test kernels::quantization::tests::dequantize_blocked_axis ... ok
2026-08-22T20:12:33.6463146Z test kernels::quantization::tests::dequantize_bfloat16_decode_and_prefill_match_widened_reference ... ok
2026-08-22T20:12:33.6466169Z test kernels::quantization::tests::dequantize_per_tensor_and_default_zero_point ... ok
2026-08-22T20:12:33.6466696Z test kernels::quantization::tests::dequantize_per_axis_uint8 ... ok
2026-08-22T20:12:33.6469297Z test kernels::quantization::tests::dynamic_quantize_rejects_bfloat16_per_schema ... ok
2026-08-22T20:12:33.6470049Z test kernels::quantization::tests::dynamic_quantize_uses_zero_in_range ... ok
2026-08-22T20:12:33.6472687Z test kernels::quantization::tests::quantize_per_axis_and_round_trip ... ok
2026-08-22T20:12:33.6473550Z test kernels::quantization::tests::quantize_bfloat16_decode_and_prefill_match_widened_reference ... ok
2026-08-22T20:12:33.6476212Z test kernels::quantization::tests::quantize_ties_saturates_and_defaults_to_uint8 ... ok
2026-08-22T20:12:33.6476761Z test kernels::reduce::tests::mean_all_axes_default ... ok
2026-08-22T20:12:33.6479594Z test kernels::reduce::tests::mean_axes_as_input_opset18 ... ok
2026-08-22T20:12:33.6480091Z test kernels::reduce::tests::mean_axes_input_absent_falls_back_to_attribute ... ok
2026-08-22T20:12:33.6482544Z test kernels::reduce::tests::mean_axes_input_negative ... ok
2026-08-22T20:12:33.6483152Z test kernels::reduce::tests::mean_axis0_no_keepdims ... ok
2026-08-22T20:12:33.6485436Z test kernels::reduce::tests::mean_axis1_keepdims ... ok
2026-08-22T20:12:33.6486409Z test kernels::reduce::tests::mean_empty_axes_input_reduces_all ... ok
2026-08-22T20:12:33.6488778Z test kernels::reduce::tests::mean_empty_axes_noop_is_identity ... ok
2026-08-22T20:12:33.6489547Z test kernels::reduce::tests::mean_multiple_axes ... ok
2026-08-22T20:12:33.6491643Z test kernels::reduce::tests::mean_negative_axis ... ok
2026-08-22T20:12:33.6492107Z test kernels::reduce::tests::reduce_mean_bf16_matches_widened_f32_reference ... ok
2026-08-22T20:12:33.6495177Z test kernels::reduce_ops::tests::empty_axes_noop_applies_per_element_map ... ok
2026-08-22T20:12:33.6495702Z test kernels::reduce_ops::tests::empty_axes_input_without_noop_reduces_all ... ok
2026-08-22T20:12:33.6499602Z test kernels::reduce_ops::tests::empty_axes_noop_sum_is_identity ... ok
2026-08-22T20:12:33.6500185Z test kernels::reduce_ops::tests::int32_sum_min_prod_reduce_to_int32_output ... ok
2026-08-22T20:12:33.6509030Z test kernels::reduce_ops::tests::l1_and_log_sum ... ok
2026-08-22T20:12:33.6509528Z test kernels::reduce_ops::tests::l2_norm ... ok
2026-08-22T20:12:33.6511659Z test kernels::reduce_ops::tests::log_sum_exp_axes_attribute_keepdims ... ok
2026-08-22T20:12:33.6512213Z test kernels::reduce_ops::tests::log_sum_exp_axes_input_negative_axis_without_keepdims ... ok
2026-08-22T20:12:33.6512768Z test kernels::reduce_ops::tests::log_sum_exp_is_stable_for_large_values ... ok
2026-08-22T20:12:33.6513543Z test kernels::reduce_ops::tests::log_sum_exp_with_positive_infinities_is_infinite ... ok
2026-08-22T20:12:33.6515227Z test kernels::reduce_ops::tests::max_int32_reduces_to_int32_output ... ok
2026-08-22T20:12:33.6520260Z test kernels::reduce_ops::tests::max_int64_preserves_values_beyond_f32_precision ... ok
2026-08-22T20:12:33.6521136Z test kernels::reduce_ops::tests::max_int64_reduce_all_to_scalar ... ok
2026-08-22T20:12:33.6523452Z test kernels::reduce_ops::tests::max_min_bool_inputs ... ok
2026-08-22T20:12:33.6524448Z test kernels::reduce_ops::tests::max_min_negative_axis ... ok
2026-08-22T20:12:33.6524849Z test kernels::reduce_ops::tests::max_min_prod_int64_axis1 ... ok
2026-08-22T20:12:33.6527623Z test kernels::reduce_ops::tests::min_int64_negative_values ... ok
2026-08-22T20:12:33.6528753Z test kernels::reduce_ops::tests::omitted_axes_reduce_all_despite_noop_with_empty_axes ... ok
2026-08-22T20:12:33.6531415Z test kernels::reduce_ops::tests::omitted_axes_reduce_all_for_opset18_reductions ... ok
2026-08-22T20:12:33.6532306Z test kernels::reduce_ops::tests::prod_and_sumsquare ... ok
2026-08-22T20:12:33.6534800Z test kernels::reduce_ops::tests::reduce_all_default ... ok
2026-08-22T20:12:33.6535530Z test kernels::reduce_ops::tests::reduce_sum_bf16_matches_widened_f32_reference ... ok
2026-08-22T20:12:33.6537865Z test kernels::reduce_ops::tests::sum_axes_from_input ... ok
2026-08-22T20:12:33.6538507Z test kernels::reduce_ops::tests::sum_axis1 ... ok
2026-08-22T20:12:33.6540750Z test kernels::reduce_ops::tests::sum_empty_non_reduced_axis_is_empty ... ok
2026-08-22T20:12:33.6541279Z test kernels::reduce_ops::tests::sum_empty_reduced_axis_uses_additive_identity ... ok
2026-08-22T20:12:33.6544558Z test kernels::reduce_ops::tests::sum_int64_axis1 ... ok
2026-08-22T20:12:33.6545343Z test kernels::relu::tests::relu_bf16_dense_path_fires ... ok
2026-08-22T20:12:33.6548625Z test kernels::relu::tests::relu_bf16_matches_widened_f32_reference_and_preserves_nan ... ok
2026-08-22T20:12:33.6549428Z test kernels::relu::tests::relu_clamps_negatives ... ok
2026-08-22T20:12:33.6552574Z test kernels::relu::tests::relu_f16_dense_path_fires ... ok
2026-08-22T20:12:33.6553977Z test kernels::relu::tests::relu_f32_fast_path_fires_on_contiguous_input ... ok
2026-08-22T20:12:33.6557878Z test kernels::relu::tests::relu_f32_fast_path_nan_semantics ... ok
2026-08-22T20:12:33.6560903Z test kernels::relu::tests::relu_f32_fast_path_matches_scalar_reference ... ok
2026-08-22T20:12:33.6561712Z test kernels::relu::tests::relu_propagates_nan ... ok
2026-08-22T20:12:33.6565461Z test kernels::reshape::tests::reshape_bf16_preserves_element_bits ... ok
2026-08-22T20:12:33.6566847Z test kernels::reshape::tests::reshape_contiguous_input_is_a_zero_copy_view ... ok
2026-08-22T20:12:33.6569476Z test kernels::qmoe::tests::zero_byte_host_cache_matches_phase1_direct_mmap ... ok
2026-08-22T20:12:33.6569944Z test kernels::reshape::tests::reshape_preserves_float16_bits ... ok
2026-08-22T20:12:33.6570364Z test kernels::reshape::tests::reshape_preserves_row_major_order ... ok
2026-08-22T20:12:33.6573349Z test kernels::reshape::tests::reshape_shape_resolution_matches_onnx_rules ... ok
2026-08-22T20:12:33.6574795Z test kernels::resize::tests::resize_axes_and_half_pixel_symmetric ... ok
2026-08-22T20:12:33.6577872Z test kernels::resize::tests::resize_cubic_exclude_outside_and_float16_bfloat16 ... ok
2026-08-22T20:12:33.6579131Z test kernels::resize::tests::resize_linear_align_corners_bilinear ... ok
2026-08-22T20:12:33.6581454Z test kernels::resize::tests::resize_linear_asymmetric_and_sizes_downscale ... ok
2026-08-22T20:12:33.6581999Z test kernels::resize::tests::resize_linear_half_pixel_bilinear_upscale ... ok
2026-08-22T20:12:33.6583273Z test kernels::resize::tests::resize_nearest_asymmetric_opset10_upscale ... ok
2026-08-22T20:12:33.6586120Z test kernels::resize::tests::resize_nearest_modes_choose_ties_as_specified ... ok
2026-08-22T20:12:33.6587386Z test kernels::resize::tests::resize_rejects_antialias_with_actionable_error ... ok
2026-08-22T20:12:33.6590849Z test kernels::rmsnorm::tests::rmsnorm_applies_scale ... ok
2026-08-22T20:12:33.6592484Z test kernels::resize::tests::resize_tf_crop_and_resize_uses_roi_and_extrapolation ... ok
2026-08-22T20:12:33.6595772Z test kernels::resize::tests::resize_registry_covers_opset10_through_latest ... ok
2026-08-22T20:12:33.6596252Z test kernels::rmsnorm::tests::rmsnorm_axis_and_epsilon ... ok
2026-08-22T20:12:33.6596680Z test kernels::rmsnorm::tests::rmsnorm_axis_below_negative_rank_rejected ... ok
2026-08-22T20:12:33.6598814Z test kernels::rmsnorm::tests::rmsnorm_axis_equal_rank_rejected ... ok
2026-08-22T20:12:33.6599365Z test kernels::rmsnorm::tests::rmsnorm_bfloat16_decode_and_prefill_match_widened_reference ... ok
2026-08-22T20:12:33.6601020Z test kernels::rmsnorm::tests::rmsnorm_float16_accumulates_in_float32 ... ok
2026-08-22T20:12:33.6601494Z test kernels::rmsnorm::tests::rmsnorm_last_axis_matches_reference ... ok
2026-08-22T20:12:33.6603255Z test kernels::rmsnorm::tests::rmsnorm_no_mean_subtraction ... ok
2026-08-22T20:12:33.6604254Z test kernels::rmsnorm::tests::rmsnorm_non_broadcastable_scale_errors ... ok
2026-08-22T20:12:33.6605019Z test kernels::rmsnorm::tests::rmsnorm_scalar_scale_broadcasts ... ok
2026-08-22T20:12:33.6606540Z test kernels::rmsnorm::tests::rmsnorm_scale_broadcasts_partial_shape ... ok
2026-08-22T20:12:33.6607121Z test kernels::rmsnorm::tests::rmsnorm_scale_broadcasts_last_axis ... ok
2026-08-22T20:12:33.6609084Z test kernels::rmsnorm::tests::rmsnorm_scale_full_normalized_shape ... ok
2026-08-22T20:12:33.6609604Z test kernels::rmsnorm::tests::rmsnorm_scale_varying_by_group_does_not_use_identity_path ... ok
2026-08-22T20:12:33.6613208Z test kernels::rotary_embedding::tests::contrib_input_order_matches_standard ... ok
2026-08-22T20:12:33.6616673Z test kernels::rotary_embedding::tests::rope_3d_with_num_heads_and_position_ids ... ok
2026-08-22T20:12:33.6620116Z test kernels::rotary_embedding::tests::rope_bad_position_ids_shape_errors ... ok
2026-08-22T20:12:33.6625453Z test kernels::rotary_embedding::tests::rope_bfloat16_decode_and_prefill_match_widened_reference ... ok
2026-08-22T20:12:33.6629465Z test kernels::rotary_embedding::tests::rope_f16_matches_f32_reference_after_narrowing ... ok
2026-08-22T20:12:33.6633263Z test kernels::rotary_embedding::tests::rope_half_rotation_hand_computed ... ok
2026-08-22T20:12:33.6637389Z test kernels::rotary_embedding::tests::rope_head_dim_48_matches_reference ... ok
2026-08-22T20:12:33.6641224Z test kernels::rotary_embedding::tests::rope_head_dim_80_partial_rotary_matches_reference ... ok
2026-08-22T20:12:33.6644532Z test kernels::rotary_embedding::tests::rope_i64_max_position_errors_without_overflow ... ok
2026-08-22T20:12:33.6647791Z test kernels::rotary_embedding::tests::rope_interleaved_hand_computed ... ok
2026-08-22T20:12:33.6651159Z test kernels::rotary_embedding::tests::rope_negative_position_errors ... ok
2026-08-22T20:12:33.6654325Z test kernels::rotary_embedding::tests::rope_out_of_range_position_errors ... ok
2026-08-22T20:12:33.6658034Z test kernels::rotary_embedding::tests::rope_partial_rotary_dim_passes_through_tail ... ok
2026-08-22T20:12:33.6661385Z test kernels::rotary_embedding::tests::rope_zero_angle_is_identity ... ok
2026-08-22T20:12:33.6664447Z test kernels::rotary_embedding::tests::rope_zero_sized_input_returns_empty ... ok
2026-08-22T20:12:33.6667582Z test kernels::rotary_embedding::vector_arm_tests::a_serial_request_never_splits_the_rotation ... ok
2026-08-22T20:12:33.6672112Z test kernels::rotary_embedding::vector_arm_tests::avx2_interleaved_is_bit_identical_to_the_scalar_loop ... ok
2026-08-22T20:12:33.6677422Z test kernels::rotary_embedding::vector_arm_tests::avx2_split_half_is_bit_identical_to_the_scalar_loop ... ok
2026-08-22T20:12:33.6748493Z test kernels::rotary_embedding::parallel_tests::an_output_aliasing_its_input_matches_the_disjoint_result ... ok
2026-08-22T20:12:33.6752205Z test kernels::rotary_embedding::vector_arm_tests::tasks_clear_the_minimum_work_bar ... ok
2026-08-22T20:12:33.6755729Z test kernels::sdpa::tests::causal_masks_future_keys ... ok
2026-08-22T20:12:33.6760629Z test kernels::sdpa::tests::decode_row_f64_intermediate_is_bit_exact_with_gqa_reference ... ok
2026-08-22T20:12:33.6773084Z test kernels::sdpa::tests::fully_masked_rows_stay_zero_when_the_fill_is_negative_infinity ... ok
2026-08-22T20:12:33.6776300Z test kernels::sdpa::tests::gqa_head_sharing_reads_grouped_kv ... ok
2026-08-22T20:12:33.7169231Z test kernels::sdpa::tests::group_decode_matches_row_decode_bitwise ... ok
2026-08-22T20:12:33.7178760Z test kernels::sdpa::tests::group_decode_reuses_scratch_without_leaking_state ... ok
2026-08-22T20:12:34.0726161Z test kernels::sdpa::tests::identity_hook_specialization_matches_the_general_epilogue ... ok
2026-08-22T20:12:35.5692971Z test kernels::rotary_embedding::parallel_tests::every_layout_and_size_matches_the_scalar_reference ... ok
2026-08-22T20:12:35.8393091Z test kernels::rotary_embedding::vector_arm_tests::task_chunking_covers_every_unit_exactly_once ... ok
2026-08-22T20:12:35.8632942Z test kernels::sdpa::tests::postdot_matches_reference ... ok
2026-08-22T20:12:35.9403786Z test kernels::sdpa::tests::qk_capture_stays_bit_identical_to_the_scalar_oracle ... ok
2026-08-22T20:12:36.1217183Z test kernels::sdpa::tests::retained_row_scores_are_bounded_per_thread_and_so_bound_the_process ... ok
2026-08-22T20:12:36.2236345Z test kernels::sdpa::tests::parallel_sdpa_is_bit_identical_to_serial_across_shapes ... ok
2026-08-22T20:12:36.2661289Z test kernels::sdpa::tests::sdpa_dispatcher_reaches_simd_path ... ok
2026-08-22T20:12:36.3074245Z test kernels::sdpa::tests::sdpa_grain_policy_answers_the_same_under_forced_serial ... ok
2026-08-22T20:12:36.3424533Z test kernels::sdpa::tests::parallel_sdpa_under_an_active_decode_scope_matches_serial ... ok
2026-08-22T20:12:36.3524179Z test kernels::sdpa::tests::sdpa_grain_policy_refuses_splits_that_cannot_pay_for_themselves ... ok
2026-08-22T20:12:36.3777216Z test kernels::sdpa::tests::sdpa_grain_policy_splits_decode_and_prefill_attention_shapes ... ok
2026-08-22T20:12:36.4656177Z test kernels::sdpa::tests::sdpa_simd_matches_scalar_and_f64_reference_on_decode_shapes ... ok
2026-08-22T20:12:36.5189104Z test kernels::sdpa::tests::splitsqrt_scale_equivalent_to_postdot_for_moderate_values ... ok
2026-08-22T20:12:36.5599179Z test kernels::sdpa::tests::tiny_sdpa_shapes_stay_serial ... ok
2026-08-22T20:12:36.7439252Z test kernels::sdpa::tests::split_decode_matches_sequential_reference_within_tolerance ... ok
2026-08-22T20:12:36.7819764Z test kernels::selection::tests::argmax_and_argmin_accept_bfloat16 ... ok
2026-08-22T20:12:36.8196015Z test kernels::selection::tests::argmax_last_tie_negative_axis ... ok
2026-08-22T20:12:36.8735802Z test kernels::selection::tests::argmin_keepdims_selects_last_tie ... ok
2026-08-22T20:12:36.9076504Z test kernels::selection::tests::clip_bfloat16_matches_widened_reference ... ok
2026-08-22T20:12:36.9492067Z test kernels::selection::tests::clip_clamps_negative_i32_values ... ok
2026-08-22T20:12:37.0005291Z test kernels::selection::tests::clip_f32_fast_path_fires_on_contiguous_input ... ok
2026-08-22T20:12:37.0584630Z test kernels::selection::tests::clip_f32_fast_path_matches_scalar_reference ... ok
2026-08-22T20:12:37.0920600Z test kernels::selection::tests::clip_f32_fast_path_nan_semantics ... ok
2026-08-22T20:12:37.1263487Z test kernels::selection::tests::clip_honors_absent_integer_bound_slots ... ok
2026-08-22T20:12:37.1653913Z test kernels::selection::tests::clip_supports_f64_tensor_bounds ... ok
2026-08-22T20:12:37.2063540Z test kernels::selection::tests::clip_supports_i64_tensor_bounds ... ok
2026-08-22T20:12:37.2442233Z test kernels::selection::tests::clip_supports_int8_defaults_and_f16_tensor_bounds ... ok
2026-08-22T20:12:37.2826545Z test kernels::selection::tests::clip_tensor_bounds ... ok
2026-08-22T20:12:37.3192006Z test kernels::selection::tests::non_max_suppression_filters_overlaps_per_class ... ok
2026-08-22T20:12:37.3595896Z test kernels::selection::tests::nonzero_accepts_bfloat16 ... ok
2026-08-22T20:12:37.3948011Z test kernels::sdpa::tests::zero_width_value_head_is_a_no_op_at_any_size ... ok
2026-08-22T20:12:37.3985242Z test kernels::selection::tests::nonzero_accepts_bool ... ok
2026-08-22T20:12:37.4283880Z test kernels::selection::tests::topk_and_nonzero ... ok
2026-08-22T20:12:37.4318120Z test kernels::selection::tests::topk_bfloat16_values_match_widened_reference ... ok
2026-08-22T20:12:37.4619236Z test kernels::selection::tests::topk_first_axis_is_k_major ... ok
2026-08-22T20:12:37.4659353Z test kernels::selection::tests::topk_non_final_axis_uses_k_major_layout ... ok
2026-08-22T20:12:37.4936536Z test kernels::selection::tests::topk_partial_select_breaks_ties_by_index ... ok
2026-08-22T20:12:37.5148862Z test kernels::selection::tests::topk_smallest_partial_select ... ok
2026-08-22T20:12:37.5472287Z test kernels::sequence::tests::cumprod_2d_axis_zero ... ok
2026-08-22T20:12:37.5507461Z test kernels::sequence::tests::cumprod_negative_axis_int32_exclusive ... ok
2026-08-22T20:12:37.5802067Z test kernels::sequence::tests::cumprod_reverse_exclusive ... ok
2026-08-22T20:12:37.5832633Z test kernels::sequence::tests::cumsum_exclusive_axis_zero ... ok
2026-08-22T20:12:37.6120335Z test kernels::sequence::tests::cumsum_negative_axis_int32 ... ok
2026-08-22T20:12:37.6165981Z test kernels::sequence::tests::cumsum_reverse_exclusive ... ok
2026-08-22T20:12:37.6460777Z test kernels::sequence::tests::range_bf16_matches_widened_f32_reference ... ok
2026-08-22T20:12:37.6502850Z test kernels::sequence::tests::range_descending_int64 ... ok
2026-08-22T20:12:37.6786029Z test kernels::sequence::tests::range_float32_descending ... ok
2026-08-22T20:12:37.6847946Z test kernels::sequence::tests::range_float32_generates_by_index ... ok
2026-08-22T20:12:37.7118578Z test kernels::sequence::tests::range_float32_no_progress_terminates ... ok
2026-08-22T20:12:37.7203856Z test kernels::sequence::tests::range_int32_negative_delta_counts_down ... ok
2026-08-22T20:12:37.7453835Z test kernels::sequence::tests::range_int32_produces_int32_output ... ok
2026-08-22T20:12:37.7536695Z test kernels::sequence::tests::range_int64_overflow_returns_error ... ok
2026-08-22T20:12:37.8062292Z test kernels::sequence::tests::tile_bf16_preserves_element_bits ... ok
2026-08-22T20:12:37.8202157Z test kernels::sequence::tests::tile_repeats_each_axis ... ok
2026-08-22T20:12:37.8391703Z test kernels::shape::tests::shape_negative_start_end ... ok
2026-08-22T20:12:37.8537334Z test kernels::shape::tests::shape_of_3d_tensor ... ok
2026-08-22T20:12:37.8837263Z test kernels::shape::tests::shape_of_scalar_is_empty ... ok
2026-08-22T20:12:37.8876971Z test kernels::shape::tests::shape_start_end_slices_dims ... ok
2026-08-22T20:12:37.9175174Z test kernels::shape::tests::shape_start_only_to_end ... ok
2026-08-22T20:12:37.9518766Z test kernels::simd_activations::chunking_instantiation_is_local::the_host_branch_stays_outlined ... ok
2026-08-22T20:12:37.9815273Z test kernels::simd_activations::codegen_units_are_pinned::the_workspace_pins_one_codegen_unit_for_this_crate ... ok
2026-08-22T20:12:38.0256453Z test kernels::simd_activations::exact_tests::abs_is_bit_exact ... ok
2026-08-22T20:12:38.0568432Z test kernels::sdpa::tests::sdpa_dispatch_matches_scalar_oracle_across_shapes ... ok
2026-08-22T20:12:38.0613571Z test kernels::simd_activations::exact_tests::ceil_is_bit_exact ... ok
2026-08-22T20:12:38.0782618Z test kernels::simd_activations::exact_tests::exact_kernels_have_no_length_seam ... ok
2026-08-22T20:12:38.0814585Z test kernels::simd_activations::exact_tests::floor_is_bit_exact ... ok
2026-08-22T20:12:38.0986201Z test kernels::simd_activations::exact_tests::neg_is_bit_exact ... ok
2026-08-22T20:12:38.1161408Z test kernels::simd_activations::exact_tests::reciprocal_is_bit_exact ... ok
2026-08-22T20:12:38.1207923Z test kernels::simd_activations::exact_tests::round_is_bit_exact_and_ties_to_even ... ok
2026-08-22T20:12:38.1353446Z test kernels::simd_activations::exact_tests::signalling_nan_behaviour_is_pinned ... ok
2026-08-22T20:12:38.1383988Z test kernels::simd_activations::exact_tests::sign_is_bit_exact_and_keeps_nan_payloads ... ok
2026-08-22T20:12:38.1575814Z test kernels::simd_activations::exp_tests::aliased_input_and_output_are_supported_by_the_slice_form ... ok
2026-08-22T20:12:38.1735839Z test kernels::simd_activations::exact_tests::softsign_is_bit_exact ... ok
2026-08-22T20:12:38.2193376Z test kernels::simd_activations::exp_tests::dense_sweep_stays_within_two_ulp_of_a_f64_reference ... ok
2026-08-22T20:12:38.2226903Z test kernels::simd_activations::exp_tests::nan_propagates_instead_of_becoming_finite ... ok
2026-08-22T20:12:38.2368145Z test kernels::simd_activations::exp_tests::special_values_match_ort ... ok
2026-08-22T20:12:38.2390822Z test kernels::simd_activations::exp_tests::tail_lengths_are_computed_identically ... ok
2026-08-22T20:12:38.2564908Z test kernels::simd_activations::exp_tests::vector_and_scalar_paths_agree_to_two_ulp ... ok
2026-08-22T20:12:38.3058626Z test kernels::simd_activations::host_pool_split::a_short_slice_is_not_dispatched ... ok
2026-08-22T20:12:38.4422818Z test kernels::simd_activations::host_pool_split::a_nested_split_stays_serial ... ok
2026-08-22T20:12:38.5366544Z test kernels::simd_activations::chunking_instantiation_is_local::no_module_outside_this_one_instantiates_run_chunked ... ok
2026-08-22T20:12:38.5431441Z test kernels::simd_activations::host_pool_split::an_unhelpful_host_is_not_borrowed ... ok
2026-08-22T20:12:38.5727781Z test kernels::simd_activations::host_pool_split::host_chunk_policy_holds_across_lengths ... ok
2026-08-22T20:12:38.6041089Z test kernels::simd_activations::host_pool_split::serial_scope_still_suppresses_the_split ... ok
2026-08-22T20:12:38.6632842Z test kernels::simd_activations::host_pool_split::the_rayon_pool_is_not_used_when_a_host_is_installed ... ok
2026-08-22T20:12:38.7695418Z test kernels::simd_activations::parallel_reachability::mlas_routed_kernels_still_go_through_run_chunked ... ok
2026-08-22T20:12:38.9858429Z test kernels::simd_activations::parallel_reachability::pure_rust_kernels_go_through_run_chunked ... ok
2026-08-22T20:12:39.1082069Z test kernels::simd_activations::tests::all_lengths_match_reference ... ok
2026-08-22T20:12:39.1473345Z test kernels::simd_activations::tests::bias_fusion_handles_special_values ... ok
2026-08-22T20:12:39.2017901Z test kernels::simd_activations::tests::bias_fusion_is_bit_identical_to_folding_first ... ok
2026-08-22T20:12:39.3021580Z test kernels::simd_activations::tests::bias_fusion_writes_a_trailing_partial_row ... ok
2026-08-22T20:12:39.3965423Z test kernels::simd_activations::tests::celu_matches_scalar_across_alphas ... ok
2026-08-22T20:12:39.3977857Z test kernels::simd_activations::host_pool_split::unary_kernels_match_the_unsplit_result ... ok
2026-08-22T20:12:39.4379801Z test kernels::simd_activations::tests::celu_scalar_path_agrees_with_the_vector_path ... ok
2026-08-22T20:12:39.4510156Z test kernels::simd_activations::tests::celu_special_values ... ok
2026-08-22T20:12:39.4890214Z test kernels::simd_activations::tests::elu_matches_scalar_across_alphas ... ok
2026-08-22T20:12:39.5040738Z test kernels::simd_activations::tests::dense_sweeps_match_the_scalars ... ok
2026-08-22T20:12:39.5569499Z test kernels::simd_activations::tests::elu_scalar_path_agrees_with_the_vector_path ... ok
2026-08-22T20:12:39.5575695Z test kernels::simd_activations::tests::elu_special_values ... ok
2026-08-22T20:12:39.6769376Z test kernels::simd_activations::tests::erf_dense_sweep_near_origin ... ok
2026-08-22T20:12:39.7533457Z test kernels::simd_activations::host_pool_split::bias_kernels_match_the_unsplit_result ... ok
2026-08-22T20:12:39.7865156Z test kernels::simd_activations::tests::erf_gelu_special_values ... ok
2026-08-22T20:12:39.8241791Z test kernels::simd_activations::tests::erf_is_exactly_odd ... ok
2026-08-22T20:12:39.8338234Z test kernels::simd_activations::tests::erf_dense_sweep_matches_f64_reference ... ok
2026-08-22T20:12:39.8533694Z test kernels::simd_activations::tests::erf_gelu_dense_sweep_matches_f64_reference ... ok
2026-08-22T20:12:39.8569435Z test kernels::simd_activations::tests::erf_saturates_to_exactly_one_past_the_clamp ... ok
2026-08-22T20:12:39.8583919Z test kernels::simd_activations::tests::erf_special_values ... ok
2026-08-22T20:12:39.8743547Z test kernels::simd_activations::tests::erf_tail_lanes_match_the_vector_body ... ok
2026-08-22T20:12:39.8779723Z test kernels::simd_activations::tests::gelu_special_values ... ok
2026-08-22T20:12:39.8780758Z test kernels::simd_activations::tests::hard_sigmoid_special_values ... ok
2026-08-22T20:12:39.8807089Z test kernels::simd_activations::tests::leaky_relu_special_values ... ok
2026-08-22T20:12:39.8905102Z test kernels::simd_activations::tests::log_handles_subnormals ... ok
2026-08-22T20:12:39.9064167Z test kernels::simd_activations::tests::log_dense_sweep_matches_scalar ... ok
2026-08-22T20:12:39.9140917Z test kernels::simd_activations::tests::log_special_values ... ok
2026-08-22T20:12:39.9183111Z test kernels::simd_activations::tests::log_sweep_generates_full_arm_vector_batches ... ok
2026-08-22T20:12:39.9222371Z test kernels::simd_activations::tests::masked_tail_does_not_overwrite_neighbours ... ok
2026-08-22T20:12:39.9226440Z test kernels::simd_activations::tests::mish_special_values ... ok
2026-08-22T20:12:39.9325022Z test kernels::simd_activations::tests::monotonicity_within_documented_slack ... ok
2026-08-22T20:12:39.9330545Z test kernels::simd_activations::tests::nan_does_not_contaminate_neighbouring_lanes ... ok
2026-08-22T20:12:39.9361015Z test kernels::simd_activations::tests::scalar_and_vector_paths_agree ... ok
2026-08-22T20:12:39.9372774Z test kernels::simd_activations::tests::mish_dense_sweep_matches_scalar ... ok
2026-08-22T20:12:39.9377708Z test kernels::simd_activations::tests::scalar_paths_agree_with_the_vector_paths ... ok
2026-08-22T20:12:39.9379800Z test kernels::simd_activations::tests::selu_special_values ... ok
2026-08-22T20:12:39.9402928Z test kernels::simd_activations::tests::sigmoid_special_values ... ok
2026-08-22T20:12:39.9525659Z test kernels::simd_activations::tests::sqrt_is_bit_identical_to_scalar_at_every_length ... ok
2026-08-22T20:12:39.9529835Z test kernels::simd_activations::tests::sqrt_preserves_nan_payload ... ok
2026-08-22T20:12:39.9533186Z test kernels::simd_activations::tests::sqrt_special_values ... ok
2026-08-22T20:12:39.9539468Z test kernels::simd_activations::tests::sqrt_write_mapped_agrees_between_direct_and_aliased_outputs ... ok
2026-08-22T20:12:39.9543173Z test kernels::simd_activations::tests::subnormal_inputs_underflow_to_signed_zero ... ok
2026-08-22T20:12:39.9693424Z test kernels::simd_activations::tests::sigmoid_dense_sweep_matches_f64_reference ... ok
2026-08-22T20:12:39.9863151Z test kernels::simd_activations::tests::tanh_dense_sweep_matches_f64_reference ... ok
2026-08-22T20:12:39.9867157Z test kernels::simd_activations::tests::tanh_special_values ... ok
2026-08-22T20:12:39.9870711Z test kernels::simd_activations::tests::thresholded_relu_special_values ... ok
2026-08-22T20:12:39.9874409Z test kernels::simd_activations::tests::unaligned_slices_match_aligned ... ok
2026-08-22T20:12:39.9880160Z test kernels::simd_activations::tests::write_mapped_agrees_between_direct_and_aliased_outputs ... ok
2026-08-22T20:12:39.9889101Z test kernels::simd_activations::tests::write_mapped_reading_rejects_an_aliasing_extra_read ... ok
2026-08-22T20:12:39.9992831Z test kernels::simd_activations::tests::tanh_gelu_dense_sweep_matches_f64_reference ... ok
2026-08-22T20:12:39.9997988Z test kernels::simd_activations::thread_invariance::chunk_policy_holds_across_thread_counts_and_lengths ... ok
2026-08-22T20:12:40.0001039Z test kernels::simd_activations::thread_invariance::chunk_policy_rejects_degenerate_widths ... ok
2026-08-22T20:12:40.0225517Z test kernels::simd_activations::tests::quick_gelu_dense_sweep_matches_f64_reference ... ok
2026-08-22T20:12:40.0230013Z test kernels::simd_activations::thread_invariance::serial_scope_is_restored_after_a_panic ... ok
2026-08-22T20:12:40.0233221Z test kernels::simd_activations::thread_invariance::serial_scope_nests ... ok
2026-08-22T20:12:40.0236322Z test kernels::simd_activations::thread_invariance::serial_scope_suppresses_the_split ... ok
2026-08-22T20:12:40.0505917Z test kernels::conv::tests::conv_parity_rank3_group1_stride1 ... ok
2026-08-22T20:12:40.0510555Z test kernels::simd_activations::three_arm_bench::no_host_fall_through_intra_op_1 ... ignored, measurement harness; run explicitly with EP_BENCH=1
2026-08-22T20:12:40.0512302Z test kernels::simd_activations::three_arm_bench::three_arm_intra_op_16 ... ignored, measurement harness; run explicitly with EP_BENCH=1
2026-08-22T20:12:40.0523741Z test kernels::simd_normalize::tests::dispatched_normalize_and_scale_is_bit_identical_to_scalar ... ok
2026-08-22T20:12:40.0554070Z test kernels::simd_quant::tests::quantize_block_i16_simd_matches_scalar_bit_identical ... ok
2026-08-22T20:12:40.0582774Z test kernels::simd_quant::tests::quantize_block_i8_simd_matches_scalar_bit_identical ... ok
2026-08-22T20:12:40.0612777Z test kernels::simd_quant::tests::quantize_block_u8_offset_simd_matches_scalar_bit_identical ... ok
2026-08-22T20:12:40.0616716Z test kernels::simd_quant::tests::quantize_edge_cases_bit_identical ... ok
2026-08-22T20:12:40.0620482Z test kernels::simd_quant::tests::quantize_non_finite_and_signed_zero_bit_identical ... ok
2026-08-22T20:12:40.0627428Z test kernels::simd_sumsq::tests::assemble_matches_reference_and_writes_sum ... ok
2026-08-22T20:12:40.0628628Z test kernels::simd_sumsq::tests::audit_f64_table ... ignored, prints the f64-parity audit table; run explicitly
2026-08-22T20:12:40.0629585Z test kernels::simd_sumsq::tests::bench_sum_of_squares ... ignored, timing micro-bench; run explicitly
2026-08-22T20:12:40.0680867Z test kernels::simd_sumsq::tests::sum_of_squares_matches_and_is_closer_to_f64_than_serial_scalar ... ok
2026-08-22T20:12:40.0695870Z test kernels::skip_simplified_layernorm::tests::skip_simplified_layer_norm_basic_writes_residual_sum ... ok
2026-08-22T20:12:40.0699742Z test kernels::skip_simplified_layernorm::tests::skip_simplified_layer_norm_bf16_widens_and_narrows ... ok
2026-08-22T20:12:40.0713052Z test kernels::skip_simplified_layernorm::tests::skip_simplified_layer_norm_bias_precedes_norm_and_sum_output ... ok
2026-08-22T20:12:40.0787665Z test kernels::skip_simplified_layernorm::tests::skip_simplified_layer_norm_broadcast_matches_expanded_skip ... ok
2026-08-22T20:12:40.0791335Z test kernels::skip_simplified_layernorm::tests::skip_simplified_layer_norm_broadcasts_seq_hidden_skip ... ok
2026-08-22T20:12:40.0795237Z test kernels::skip_simplified_layernorm::tests::skip_simplified_layer_norm_f16_widens_and_narrows ... ok
2026-08-22T20:12:40.0801124Z test kernels::skip_simplified_layernorm::tests::skip_simplified_layer_norm_narrowed_output_matches_narrowed_f32 ... ok
2026-08-22T20:12:40.0816840Z test kernels::skip_simplified_layernorm::tests::skip_simplified_layer_norm_output_only_succeeds ... ok
2026-08-22T20:12:40.0821255Z test kernels::skip_simplified_layernorm::tests::skip_simplified_layer_norm_propagates_non_finite_and_denormals ... ok
2026-08-22T20:12:40.0838798Z test kernels::skip_simplified_layernorm::tests::skip_simplified_layer_norm_simd_matches_scalar_across_dtypes ... ok
2026-08-22T20:12:40.7435641Z test kernels::skip_simplified_layernorm::tests::skip_simplified_layer_norm_sum_binding_is_output_bit_identical ... ok
2026-08-22T20:12:40.7449811Z test kernels::skip_simplified_layernorm::tests::skip_simplified_layer_norm_uses_default_epsilon ... ok
2026-08-22T20:12:40.7503525Z test kernels::skip_simplified_layernorm::tests::skip_simplified_layer_norm_vector_bulk_and_remainder_match_reference ... ok
2026-08-22T20:12:40.7507560Z test kernels::slice::tests::slice_basic_axis0 ... ok
2026-08-22T20:12:40.7511361Z test kernels::slice::tests::slice_bf16_preserves_element_bits ... ok
2026-08-22T20:12:40.7514645Z test kernels::slice::tests::slice_empty_output ... ok
2026-08-22T20:12:40.7518550Z test kernels::slice::tests::slice_int64_data_multi_axis ... ok
2026-08-22T20:12:40.7594148Z test kernels::slice::tests::slice_large_contiguous_tail ... ok
2026-08-22T20:12:40.7597566Z test kernels::slice::tests::slice_negative_axis_with_steps ... ok
2026-08-22T20:12:40.7600849Z test kernels::slice::tests::slice_negative_indices ... ok
2026-08-22T20:12:40.7604089Z test kernels::slice::tests::slice_negative_step_reverse ... ok
2026-08-22T20:12:40.7607918Z test kernels::slice::tests::slice_omitted_axes_with_present_steps ... ok
2026-08-22T20:12:40.7611001Z test kernels::slice::tests::slice_plan_matches_reference_geometry ... ok
2026-08-22T20:12:40.7614262Z test kernels::slice::tests::slice_step_two ... ok
2026-08-22T20:12:40.7617360Z test kernels::slice::tests::view_output_axis0_positive_step_is_subview ... ok
2026-08-22T20:12:40.7620555Z test kernels::slice::tests::view_output_composes_over_strided_input ... ok
2026-08-22T20:12:40.7623690Z test kernels::slice::tests::view_output_empty_slice_falls_back_to_copy ... ok
2026-08-22T20:12:40.7626959Z test kernels::slice::tests::view_output_negative_step_is_negative_stride ... ok
2026-08-22T20:12:40.7630106Z test kernels::slice::tests::view_output_step_two_scales_stride ... ok
2026-08-22T20:12:40.7633258Z test kernels::softmax::tests::softmax_axis0 ... ok
2026-08-22T20:12:40.7636337Z test kernels::softmax::tests::softmax_batched_last_axis_4d ... ok
2026-08-22T20:12:40.7639937Z test kernels::softmax::tests::softmax_bf16_matches_widened_f32_reference ... ok
2026-08-22T20:12:40.7643053Z test kernels::softmax::tests::softmax_last_axis_2d ... ok
2026-08-22T20:12:40.7646033Z test kernels::softmax::tests::softmax_negative_axis ... ok
2026-08-22T20:12:40.7649286Z test kernels::softmax::tests::softmax_numerically_stable_large_values ... ok
2026-08-22T20:12:40.7652477Z test kernels::softmax::tests::softmax_opset12_axis0_coerces_to_single_row ... ok
2026-08-22T20:12:40.7655703Z test kernels::softmax::tests::softmax_opset12_differs_from_opset13_when_axis_not_last ... ok
2026-08-22T20:12:40.7659146Z test kernels::softmax::tests::softmax_opset12_matches_opset13_on_last_axis ... ok
2026-08-22T20:12:40.7662992Z test kernels::softmax::tests::softmax_opset13_default_axis_is_last_dimension ... ok
2026-08-22T20:12:40.7691431Z test kernels::softmax::vectorized_tests::a_fully_masked_row_reproduces_the_reference_runtimes_nan ... ok
2026-08-22T20:12:40.7695065Z test kernels::softmax::vectorized_tests::a_zero_element_tensor_is_a_no_op ... ok
2026-08-22T20:12:40.7729736Z test kernels::softmax::vectorized_tests::an_output_aliasing_its_input_matches_the_disjoint_result ... ok
2026-08-22T20:12:40.7883822Z test kernels::softmax::vectorized_tests::direct_write_and_owned_scratch_agree ... ok
2026-08-22T20:12:40.7887072Z test kernels::softmax::vectorized_tests::empty_extents_are_a_no_op ... ok
2026-08-22T20:12:40.7890506Z test kernels::softmax::vectorized_tests::interior_axis_still_reduces_along_that_axis ... ok
2026-08-22T20:12:40.7913588Z test kernels::softmax::vectorized_tests::large_and_masked_logits_stay_finite ... ok
2026-08-22T20:12:40.7917312Z test kernels::softmax::vectorized_tests::out_of_place_softmax_is_bit_identical_on_pathological_rows ... ok
2026-08-22T20:12:40.8020089Z test kernels::softmax::vectorized_tests::out_of_place_softmax_matches_the_reference ... ok
2026-08-22T20:12:40.8259703Z test kernels::softmax::vectorized_tests::out_of_place_softmax_never_reads_the_destination ... ok
2026-08-22T20:12:40.8567524Z test kernels::softmax::vectorized_tests::the_fan_out_gate_is_wired_the_right_way_round ... ok
2026-08-22T20:12:40.8592273Z test kernels::softmax::vectorized_tests::the_fan_out_gate_prices_work_not_row_count ... ok
2026-08-22T20:12:41.1411901Z test kernels::softmax::vectorized_tests::the_parallel_fan_out_is_bit_identical_to_the_serial_path ... ok
2026-08-22T20:12:41.1478200Z test kernels::softmax::vectorized_tests::the_row_maximum_covers_every_position ... ok
2026-08-22T20:12:41.1516233Z test kernels::softmax::vectorized_tests::vectorized_rows_match_the_scalar_reference ... ok
2026-08-22T20:12:41.1524848Z test kernels::space_to_depth::tests::interleaves_channels_within_each_spatial_offset ... ok
2026-08-22T20:12:41.1528465Z test kernels::space_to_depth::tests::rearranges_each_spatial_offset_into_channels ... ok
2026-08-22T20:12:41.1532182Z test kernels::space_to_depth::tests::space_to_depth_bf16_preserves_element_bits ... ok
2026-08-22T20:12:41.1535609Z test kernels::sparse_kv_gather::tests::decode_ring_and_compressed_offsets_match_frozen_formula ... ok
2026-08-22T20:12:41.1538883Z test kernels::sparse_kv_gather::tests::empty_selection_is_a_valid_contiguous_output ... ok
2026-08-22T20:12:41.1542070Z test kernels::sparse_kv_gather::tests::gather_reports_exact_offending_coordinate ... ok
2026-08-22T20:12:41.1545188Z test kernels::sparse_kv_gather::tests::gather_uses_deterministic_b_g_q_k_d_layout ... ok
2026-08-22T20:12:41.1548398Z test kernels::sparse_kv_gather::tests::masked_gather_rejects_non_sentinel_negative_and_out_of_range_indices ... ok
2026-08-22T20:12:41.1551662Z test kernels::sparse_kv_gather::tests::masked_gather_zeroes_minus_one_without_reordering ... ok
2026-08-22T20:12:41.1566307Z test kernels::sparse_kv_gather::tests::ratio128_prefill_indices_match_frozen_formula ... ok
2026-08-22T20:12:41.1569649Z test kernels::sparse_kv_gather::tests::ratio4_planners_reject_empty_learned_topk ... ok
2026-08-22T20:12:41.1572676Z test kernels::sparse_kv_gather::tests::ratio4_prefill_empty_compressed_prefix_is_minus_one_masked ... ok
2026-08-22T20:12:41.1575632Z test kernels::sparse_kv_gather::tests::ratio4_prefill_indices_match_frozen_formula ... ok
2026-08-22T20:12:41.1579087Z test kernels::sparse_kv_gather::tests::registered_kernel_executes_declared_shape ... ok
2026-08-22T20:12:41.1581988Z test kernels::sparse_kv_gather::tests::strict_gather_preserves_order_and_duplicates ... ok
2026-08-22T20:12:41.1585122Z test kernels::sparse_kv_gather::tests::strict_gather_rejects_negative_and_cache_end_indices ... ok
2026-08-22T20:12:41.1588473Z test kernels::split::tests::split_bf16_preserves_element_bits ... ok
2026-08-22T20:12:41.1591486Z test kernels::split::tests::split_even_axis0 ... ok
2026-08-22T20:12:41.1594816Z test kernels::split::tests::split_explicit_zero_size_parts ... ok
2026-08-22T20:12:41.1597881Z test kernels::split::tests::split_negative_axis ... ok
2026-08-22T20:12:41.1600881Z test kernels::split::tests::split_num_outputs_allows_zero_final_part ... ok
2026-08-22T20:12:41.1603889Z test kernels::split::tests::split_num_outputs_remainder ... ok
2026-08-22T20:12:41.1607079Z test kernels::split::tests::split_rejects_sizes_not_summing_to_axis ... ok
2026-08-22T20:12:41.1610125Z test kernels::split::tests::split_uneven_via_attribute_middle_axis ... ok
2026-08-22T20:12:41.1613190Z test kernels::split::tests::split_via_input_tensor_int64_dtype ... ok
2026-08-22T20:12:41.1626482Z test kernels::tests::build_cpu_registry_with_descriptors_returns_nonempty ... ok
2026-08-22T20:12:41.1629719Z test kernels::tests::conv_does_not_advertise_a_dtype_its_kernel_rejects ... ok
2026-08-22T20:12:41.1632733Z test kernels::tests::dense_read_stays_in_bounds ... ok
2026-08-22T20:12:41.1635429Z test kernels::tests::dense_reads_transposed_view ... ok
2026-08-22T20:12:41.1638049Z test kernels::tests::dense_roundtrip_contiguous ... ok
2026-08-22T20:12:41.1661660Z test kernels::tests::descriptors_are_deterministically_ordered ... ok
2026-08-22T20:12:41.1675358Z test kernels::tests::descriptors_derived_from_real_registry_not_hand_maintained ... ok
2026-08-22T20:12:41.1678541Z test kernels::tests::descriptors_include_add_with_f16_bf16 ... ok
2026-08-22T20:12:41.1681287Z test kernels::tests::descriptors_include_matmul_with_f16_bf16 ... ok
2026-08-22T20:12:41.1683995Z test kernels::tests::fail_closed_pkg_nxrt_ops_get_f32_only ... ok
2026-08-22T20:12:41.1686709Z test kernels::tests::fail_closed_unknown_op_gets_f32_only ... ok
2026-08-22T20:12:41.1694744Z test kernels::tests::matmul_nbits_advertises_its_quantized_edge_dtypes ... ok
2026-08-22T20:12:41.1697870Z test kernels::tests::qlinear_matmul_advertises_its_quantized_edge_dtypes ... ok
2026-08-22T20:12:41.1711331Z test kernels::tests::registry_has_all_phase1_ops ... ok
2026-08-22T20:12:41.1714733Z test kernels::tests::to_dense_bytes_bulk_copy_matches_the_strided_walk ... ok
2026-08-22T20:12:41.1717565Z test kernels::tests::to_dense_bytes_handles_a_rank_zero_scalar ... ok
2026-08-22T20:12:41.1720249Z test kernels::tests::to_dense_bytes_honors_a_nonzero_byte_offset ... ok
2026-08-22T20:12:41.1723076Z test kernels::tests::to_dense_bytes_reads_multi_byte_elements_whole ... ok
2026-08-22T20:12:41.1725852Z test kernels::tests::to_dense_bytes_still_gathers_a_strided_view ... ok
2026-08-22T20:12:41.1728868Z test kernels::tests::write_dense_bytes_bulk_copy_and_scatter_agree_with_their_layouts ... ok
2026-08-22T20:12:41.1731788Z test kernels::tests::write_dense_bytes_round_trips_multi_byte_elements ... ok
2026-08-22T20:12:41.1734572Z test kernels::tests::write_dense_contiguous_bulk_copies ... ok
2026-08-22T20:12:41.1737496Z test kernels::tests::write_dense_strided_matches_logical_order ... ok
2026-08-22T20:12:41.1740561Z test kernels::transpose::tests::a_malformed_perm_is_rejected ... ok
2026-08-22T20:12:41.1744198Z test kernels::transpose::tests::an_aliasing_output_falls_back_and_stays_correct ... ok
2026-08-22T20:12:41.1747299Z test kernels::transpose::tests::an_empty_tensor_is_a_no_op ... ok
2026-08-22T20:12:41.1756418Z test kernels::transpose::tests::collapse_matches_the_element_walk ... ok
2026-08-22T20:12:41.2577513Z test kernels::transpose::tests::every_path_matches_the_reference_walk ... ok
2026-08-22T20:12:41.2581142Z test kernels::transpose::tests::identity_shaped_permutations_collapse_to_a_single_block ... ok
2026-08-22T20:12:41.2709004Z test kernels::transpose::tests::no_output_byte_is_left_unwritten ... ok
2026-08-22T20:12:41.4149580Z test kernels::transpose::tests::the_parallel_path_is_bit_identical_to_the_serial_path ... ok
2026-08-22T20:12:41.4504584Z test kernels::transpose::tests::transpose_2d_default_reverses ... ok
2026-08-22T20:12:41.4834977Z test kernels::transpose::tests::transpose_3d_perm ... ok
2026-08-22T20:12:41.5175731Z test kernels::simd_activations::thread_invariance::quick_gelu_is_thread_count_invariant ... ok
2026-08-22T20:12:41.5312103Z test kernels::transpose::tests::transpose_3d_swap_last_two ... ok
2026-08-22T20:12:41.5627597Z test kernels::transpose::tests::transpose_bf16_preserves_element_bits ... ok
2026-08-22T20:12:41.5649829Z test kernels::transpose::tests::transpose_is_a_zero_copy_strided_view ... ok
2026-08-22T20:12:41.5954244Z test kernels::unary_math::tests::abs_neg_reciprocal ... ok
2026-08-22T20:12:41.5970747Z test kernels::unary_math::tests::every_unary_math_op_bf16_handles_special_values ... ok
2026-08-22T20:12:41.6290177Z test kernels::unary_math::tests::exp_log_roundtrip ... ok
2026-08-22T20:12:41.6318359Z test kernels::unary_math::tests::floor_ceil_round_ties_even ... ok
2026-08-22T20:12:41.6623393Z test kernels::unary_math::tests::neg_supports_signed_integer_tensors ... ok
2026-08-22T20:12:41.6661950Z test kernels::unary_math::tests::sigmoid_symmetry_and_extremes ... ok
2026-08-22T20:12:41.6961566Z test kernels::unary_math::tests::sign_zero_and_nan ... ok
2026-08-22T20:12:41.6999889Z test kernels::unary_math::tests::sin_cos_known_values ... ok
2026-08-22T20:12:41.7300112Z test kernels::unary_math::tests::softplus_matches_reference ... ok
2026-08-22T20:12:41.7338162Z test kernels::unary_math::tests::softsign_matches_reference_and_bounds ... ok
2026-08-22T20:12:41.7617046Z test kernels::unary_math::tests::unary_math_bf16_matches_widened_f32_reference ... ok
2026-08-22T20:12:41.7629600Z test kernels::unique::tests::collapses_all_nan_payloads_and_signed_zero ... ok
2026-08-22T20:12:41.7670942Z test kernels::unique::tests::sorts_axis_slices_lexicographically ... ok
2026-08-22T20:12:41.7677033Z test kernels::unique::tests::unsorted_flattened_values_keep_first_appearance ... ok
2026-08-22T20:12:41.7682713Z test kernels::unsqueeze::tests::unsqueeze_axes_as_input_opset13 ... ok
2026-08-22T20:12:41.7689506Z test kernels::unsqueeze::tests::unsqueeze_axes_input_multiple ... ok
2026-08-22T20:12:41.7701882Z test kernels::unsqueeze::tests::unsqueeze_axes_input_rank_mismatch_errors ... ok
2026-08-22T20:12:41.7707671Z test kernels::unsqueeze::tests::unsqueeze_bf16_preserves_element_bits ... ok
2026-08-22T20:12:41.7713143Z test kernels::unsqueeze::tests::unsqueeze_inserts_axis ... ok
2026-08-22T20:12:41.7718376Z test kernels::unsqueeze::tests::unsqueeze_missing_axes_errors ... ok
2026-08-22T20:12:41.7723737Z test kernels::unsqueeze::tests::unsqueeze_multiple_axes_int64 ... ok
2026-08-22T20:12:41.7731279Z test kernels::varlen_attention::tests::packed_boundaries_prevent_cross_sequence_attention ... ok
2026-08-22T20:12:41.7742674Z test kernels::varlen_attention::tests::packed_varlen_is_bit_identical_to_padded_masked_reference ... ok
2026-08-22T20:12:41.7752694Z test kernels::weight_transpose::tests::allocator_address_reuse_across_shapes ... ok
2026-08-22T20:12:41.7760744Z test kernels::weight_transpose::tests::cache_bytes_equals_the_bytes_actually_held ... ok
2026-08-22T20:12:41.7767571Z test kernels::weight_transpose::tests::clear_drops_entries ... ok
2026-08-22T20:12:41.7780316Z test kernels::weight_transpose::tests::concurrent_distinct_keys_stay_distinct ... ok
2026-08-22T20:12:41.7794443Z test kernels::weight_transpose::tests::concurrent_first_touch_shares_one_entry ... ok
2026-08-22T20:12:41.7798439Z test kernels::weight_transpose::tests::geometry_mismatch_returns_none ... ok
2026-08-22T20:12:41.7803626Z test kernels::weight_transpose::tests::global_caches_are_per_dtype_and_keyed_by_shape ... ok
2026-08-22T20:12:41.7808258Z test kernels::weight_transpose::tests::same_address_grow_serves_the_current_shape ... ok
2026-08-22T20:12:41.7819576Z test kernels::weight_transpose::tests::same_address_same_length_transposed_dims_are_distinct ... ok
2026-08-22T20:12:41.7824125Z test kernels::weight_transpose::tests::same_address_same_shape_is_stale_until_cleared ... ok
2026-08-22T20:12:41.7828078Z test kernels::weight_transpose::tests::same_address_shrink_serves_the_current_shape ... ok
2026-08-22T20:12:41.7832620Z test kernels::weight_transpose::tests::the_two_16_bit_formats_do_not_share_a_cache_entry ... ok
2026-08-22T20:12:41.7841684Z test kernels::weight_transpose::tests::tiled_transpose_matches_reference ... ok
2026-08-22T20:12:41.7845239Z test kernels::weight_transpose::tests::zero_sized_transposes_are_not_cached ... ok
2026-08-22T20:12:41.7849049Z test kernels::where_op::tests::where_bf16_preserves_selected_bits ... ok
2026-08-22T20:12:41.7852805Z test kernels::where_op::tests::where_broadcasts_branches ... ok
2026-08-22T20:12:41.7856341Z test kernels::where_op::tests::where_broadcasts_condition ... ok
2026-08-22T20:12:41.7859725Z test kernels::where_op::tests::where_int64_dtype_agnostic ... ok
2026-08-22T20:12:41.7863259Z test kernels::where_op::tests::where_same_shape ... ok
2026-08-22T20:12:41.7867492Z test kernels::window::tests::blackman_periodic_and_symmetric_match_onnx_reference ... ok
2026-08-22T20:12:41.7871375Z test kernels::window::tests::hamming_periodic_and_symmetric_match_onnx_reference ... ok
2026-08-22T20:12:41.7875396Z test kernels::window::tests::hann_periodic_and_symmetric_match_onnx_reference ... ok
2026-08-22T20:12:41.7879068Z test kernels::window::tests::window_bf16_matches_widened_f32_reference ... ok
2026-08-22T20:12:41.7884291Z test optimizer::tests::cpu_silu_fusion_prefers_standard_swish_when_opset_allows ... ok
2026-08-22T20:12:41.7887924Z test optimizer::tests::cpu_silu_fusion_records_swish_opset_without_raising_graph_import ... ok
2026-08-22T20:12:41.7891378Z test optimizer::tests::cpu_silu_fusion_requires_private_sigmoid_output ... ok
2026-08-22T20:12:41.7896004Z test optimizer::tests::folds_bias_add_into_matmul_nbits ... ok
2026-08-22T20:12:41.7899904Z test optimizer::tests::folds_bias_add_regardless_of_operand_order ... ok
2026-08-22T20:12:41.7905384Z test optimizer::tests::folds_conv_bn_relu_into_conv ... ok
2026-08-22T20:12:41.7910046Z test optimizer::tests::folds_conv_bn_without_bias_or_relu ... ok
2026-08-22T20:12:41.7912886Z test optimizer::tests::fused_initializer_capacity_rejects_overflow_and_isize_excess ... ok
2026-08-22T20:12:41.7916329Z test optimizer::tests::keeps_add_when_bias_is_not_a_row_vector ... ok
2026-08-22T20:12:41.7919907Z test optimizer::tests::keeps_add_when_matmul_nbits_already_has_bias ... ok
2026-08-22T20:12:41.7923320Z test optimizer::tests::keeps_add_when_matmul_output_has_another_consumer ... ok
2026-08-22T20:12:41.7926751Z test optimizer::tests::keeps_add_when_matmul_output_is_a_graph_output ... ok
2026-08-22T20:12:41.7930153Z test optimizer::tests::skips_fusion_when_conv_output_is_shared ... ok
2026-08-22T20:12:41.7933008Z test provider::host_copy_tests::a_forced_threshold_replaces_the_calibrated_one ... ok
2026-08-22T20:12:41.8067766Z test kernels::unique::tests::large_unique_input_uses_sort_and_linear_grouping ... ok
2026-08-22T20:12:41.8079745Z test provider::host_copy_tests::a_short_upload_leaves_the_tail_alone_and_an_oversized_one_is_rejected ... ok
2026-08-22T20:12:41.8083120Z test provider::host_copy_tests::a_small_copy_stays_serial ... ok
2026-08-22T20:12:41.8085718Z test provider::host_copy_tests::the_override_parser_accepts_what_the_sweep_passes_it ... ok
2026-08-22T20:12:41.8598956Z test provider::host_copy_tests::a_large_upload_through_the_provider_lands_every_byte ... ok
2026-08-22T20:12:41.8602783Z test provider::host_copy_tests::the_worker_count_is_capped_at_the_measured_optimum ... ok
2026-08-22T20:12:41.8613948Z test provider::tests::allocate_deallocate_single_free_and_aligned ... ok
2026-08-22T20:12:41.8625137Z test provider::tests::allocate_rejects_bad_alignment ... ok
2026-08-22T20:12:41.8635739Z test provider::tests::allocate_zero_size_is_nonnull ... ok
2026-08-22T20:12:41.8646454Z test provider::tests::copy_moves_bytes_and_checks_size ... ok
2026-08-22T20:12:41.8657304Z test provider::tests::deallocate_borrowed_buffer_is_a_noop_free ... ok
2026-08-22T20:12:41.8669266Z test provider::tests::deallocate_rejects_cross_device_buffer ... ok
2026-08-22T20:12:41.8682315Z test provider::tests::every_factory_attribute_rejection_is_mirrored_at_claim_time ... ok
2026-08-22T20:12:41.8695902Z test provider::tests::get_kernel_dispatches_phase1_ops ... ok
2026-08-22T20:12:41.8708093Z test provider::tests::graph_view_capabilities_follow_the_cpu_kernel_registry ... ok
2026-08-22T20:12:41.8718300Z test provider::tests::identity_and_lifecycle ... ok
2026-08-22T20:12:41.8728832Z test provider::tests::qlinear_matmul_claim_gate_checks_quantized_dtypes ... ok
2026-08-22T20:12:41.8739214Z test provider::tests::scatter_nd_claim_gate_only_accepts_executable_dtypes ... ok
2026-08-22T20:12:41.8749502Z test provider::tests::supports_fused_contrib_domain_layernorm ... ok
2026-08-22T20:12:41.8759853Z test provider::tests::supports_op_is_opset_aware_for_standard_gelu ... ok
2026-08-22T20:12:41.8769871Z test provider::tests::supports_op_reflects_selected_operator_groups ... ok
2026-08-22T20:12:41.8781933Z test provider::tests::supports_op_rejects_malformed_csa_ratio_specific_arity ... ok
2026-08-22T20:12:41.8784684Z test strided::tests::addressed_range_handles_negative_strides ... ok
2026-08-22T20:12:41.8787427Z test strided::tests::bounds_accept_contiguous_and_reject_overrun ... ok
2026-08-22T20:12:41.8790126Z test strided::tests::bounds_reject_negative_stride_underrun ... ok
2026-08-22T20:12:41.8792987Z test strided::tests::bounds_reject_overflowing_address_math ... ok
2026-08-22T20:12:41.8795623Z test strided::tests::empty_tensor_is_in_bounds ... ok
2026-08-22T20:12:41.8798214Z test strided::tests::next_index_walks_row_major ... ok
2026-08-22T20:12:41.8800708Z test strided::tests::offset_uses_strides ... ok
2026-08-22T20:12:41.8803126Z test strided::tests::scalar_has_single_element ... ok
2026-08-22T20:12:41.8954392Z test provider::host_copy_tests::the_parallel_and_serial_copies_produce_identical_bytes ... ok
2026-08-22T20:12:41.8959205Z test task_runtime::pool::tests::a_dispatcher_waiting_for_a_straggler_records_it ... ok
2026-08-22T20:12:41.8994457Z test task_runtime::pool::tests::a_nested_fanout_sees_that_it_is_inside_a_task ... ok
2026-08-22T20:12:41.8995575Z test task_runtime::pool::tests::a_panicking_body_is_re_raised_and_does_not_poison_the_pool ... ok
2026-08-22T20:12:41.8998407Z test task_runtime::pool::tests::a_single_thread_pool_declines ... ok
2026-08-22T20:12:41.9009588Z test task_runtime::pool::tests::a_zero_task_fanout_is_a_no_op ... ok
2026-08-22T20:12:41.9078942Z test task_runtime::pool::tests::back_to_back_dispatches_are_caught_by_the_spin_window ... ok
2026-08-22T20:12:41.9159538Z test task_runtime::pool::tests::concurrent_dispatchers_all_make_progress ... ok
2026-08-22T20:12:41.9162431Z test task_runtime::pool::tests::every_index_runs_exactly_once ... ok
2026-08-22T20:12:41.9202219Z test task_runtime::pool::tests::shutdown_is_idempotent_and_declines_afterwards ... ok
2026-08-22T20:12:41.9203098Z test task_runtime::pool::tests::every_task_completes_even_when_many_panic ... ok
2026-08-22T20:12:42.2899956Z test task_runtime::pool::tests::the_claim_cursor_does_not_drift_across_dispatches ... ok
2026-08-22T20:12:42.2900712Z test task_runtime::pool::tests::slot_exhaustion_declines_instead_of_blocking ... ok
2026-08-22T20:12:42.3134898Z test task_runtime::pool::tests::workers_park_when_idle_and_wake_again ... ok
2026-08-22T20:12:42.3135413Z test task_runtime::pool::tests::workers_actually_participate ... ok
2026-08-22T20:12:42.3139354Z test task_runtime::tests::a_small_fanout_stays_serial ... ok
2026-08-22T20:12:42.3140102Z test task_runtime::tests::a_large_fanout_uses_the_native_pool_and_more_than_one_thread ... ok
2026-08-22T20:12:42.3142549Z test task_runtime::tests::an_empty_fanout_never_calls_the_body ... ok
2026-08-22T20:12:42.3143421Z test task_runtime::tests::an_inferred_width_never_exceeds_the_physical_cores_we_may_use ... ok
2026-08-22T20:12:42.3170448Z test task_runtime::tests::chunks_mut_matches_the_serial_path_bit_for_bit ... ok
2026-08-22T20:12:42.3174493Z test task_runtime::tests::chunks_mut_rejects_a_zero_chunk - should panic ... ok
2026-08-22T20:12:42.3195904Z test task_runtime::tests::chunk_runs_are_whole_contiguous_spans ... ok
2026-08-22T20:12:42.3202269Z test task_runtime::tests::concurrent_tasks_retag_only_their_own_range ... ok
2026-08-22T20:12:42.3211575Z test task_runtime::tests::every_item_is_visited_exactly_once ... ok
2026-08-22T20:12:42.3214278Z test task_runtime::tests::chunks_mut_writes_every_chunk_exactly_once ... ok
2026-08-22T20:12:42.3215299Z test task_runtime::tests::force_serial_is_scoped_and_deterministic ... ok
2026-08-22T20:12:42.3217441Z test task_runtime::tests::grain_is_a_floor_not_a_target ... ok
2026-08-22T20:12:42.3218274Z test task_runtime::tests::nested_fanouts_do_not_split_again ... ok
2026-08-22T20:12:42.3220828Z test task_runtime::tests::task_ranges_are_balanced_to_within_one_item ... ok
2026-08-22T20:12:42.3223965Z test task_runtime::tests::the_smt_cap_only_bites_on_wide_machines ... ok
2026-08-22T20:12:42.3226422Z test task_runtime::tests::task_ranges_tile_the_space_exactly ... ok
2026-08-22T20:12:42.3226892Z test task_runtime::tests::the_task_thread_budget_rejects_zero ... ok
2026-08-22T20:12:42.3230641Z test test_support::tests::a_variable_that_was_absent_is_removed_again ... ok
2026-08-22T20:12:42.3231648Z test test_support::tests::a_variable_that_was_present_keeps_its_original_value ... ok
2026-08-22T20:12:42.3234785Z test test_support::tests::repeated_mutation_restores_the_value_observed_on_entry ... ok
2026-08-22T20:12:42.3236965Z test test_support::tests::the_variable_is_restored_even_when_the_test_body_panics ... ok
2026-08-22T20:12:42.3239136Z test test_support::tests::unset_hides_a_present_variable_and_puts_it_back ... ok
2026-08-22T20:12:42.3241478Z test weight_offload::placement::tests::gpu_layers_override_reports_bytes_and_respects_coordinated_cap ... ok
2026-08-22T20:12:42.3242704Z test weight_offload::placement::tests::non_pageable_region_keeps_its_host_byte_accounting ... ok
2026-08-22T20:12:42.3245582Z test weight_offload::placement::tests::placement_is_greedy_explainable_and_whole_layer ... ok
2026-08-22T20:12:42.3246238Z test weight_offload::placement::tests::transfer_tiles_snap_to_whole_format_blocks ... ok
2026-08-22T20:12:42.3248667Z test weight_offload::tests::host_cache_budget_rejects_unaddressable_values ... ok
2026-08-22T20:12:42.3249185Z test weight_offload::tests::mapped_bytes_sum_distinct_ranges_across_layers ... ok
2026-08-22T20:12:42.3250460Z test weight_offload::tests::weight_offload_flag_is_opt_in ... ok
2026-08-22T20:12:43.6260688Z test kernels::simd_activations::thread_invariance::unary_kernels_are_thread_count_invariant ... ok
2026-08-22T20:12:52.7301550Z test kernels::simd_activations::thread_invariance::bias_kernels_are_thread_count_invariant ... ok
2026-08-22T20:12:52.7302508Z 
2026-08-22T20:12:52.7302600Z failures:
2026-08-22T20:12:52.7302705Z 
2026-08-22T20:12:52.7302952Z ---- decode_spmd::tests::an_explicit_budget_buys_its_full_width_end_to_end stdout ----
2026-08-22T20:12:52.7303296Z 
2026-08-22T20:12:52.7303711Z thread 'decode_spmd::tests::an_explicit_budget_buys_its_full_width_end_to_end' (6736) panicked at crates\onnx-runtime-ep-cpu\src\decode_spmd.rs:2844:9:
2026-08-22T20:12:52.7304326Z budget 4 child failed (exit code: 0xc0000005):
2026-08-22T20:12:52.7304569Z stdout:
2026-08-22T20:12:52.7304658Z 
2026-08-22T20:12:52.7304725Z running 1 test
2026-08-22T20:12:52.7304924Z test decode_spmd::tests::budget_lane_child ... 
2026-08-22T20:12:52.7305167Z stderr:
2026-08-22T20:12:52.7305527Z onnx-genai: CPU decode budget 4 bounded the global Rayon pool (prefill/MLAS parallelism capped at 4 workers)
2026-08-22T20:12:52.7305902Z 
2026-08-22T20:12:52.7305915Z 
2026-08-22T20:12:52.7305919Z 
2026-08-22T20:12:52.7305979Z failures:
2026-08-22T20:12:52.7306229Z     decode_spmd::tests::an_explicit_budget_buys_its_full_width_end_to_end
2026-08-22T20:12:52.7306489Z 
2026-08-22T20:12:52.7306742Z test result: FAILED. 1520 passed; 1 failed; 13 ignored; 0 measured; 0 filtered out; finished in 86.38s
2026-08-22T20:12:52.7307088Z 
2026-08-22T20:12:52.7385605Z [1m[91merror[0m: test failed, to rerun pass `-p onnx-runtime-ep-cpu --lib`
2026-08-22T20:12:53.5832725Z ##[error]Process completed with exit code 1.
2026-08-22T20:12:53.6969093Z Post job cleanup.
2026-08-22T20:12:54.6466455Z [command]"C:\Program Files\Git\bin\git.exe" version
2026-08-22T20:12:54.6942182Z git version 2.55.0.windows.3
2026-08-22T20:12:54.7028640Z Temporarily overriding HOME='C:\a\_temp\86865dc7-b8b4-4bcd-92fb-5da99b161223' before making global git config changes
2026-08-22T20:12:54.7029294Z Adding repository directory to the temporary git global config as a safe directory
2026-08-22T20:12:54.7037961Z [command]"C:\Program Files\Git\bin\git.exe" config --global --add safe.directory C:\a\onnx-genai\onnx-genai
2026-08-22T20:12:54.7568628Z [command]"C:\Program Files\Git\bin\git.exe" config --local --name-only --get-regexp core\.sshCommand
2026-08-22T20:12:54.8074311Z [command]"C:\Program Files\Git\bin\git.exe" submodule foreach --recursive "sh -c \"git config --local --name-only --get-regexp 'core\.sshCommand' && git config --local --unset-all 'core.sshCommand' || :\""
2026-08-22T20:12:56.0332204Z Entering 'crates/onnx-runtime-cpuinfo/vendor/cpuinfo'
2026-08-22T20:12:56.2192775Z [command]"C:\Program Files\Git\bin\git.exe" config --local --name-only --get-regexp http\.https\:\/\/github\.com\/\.extraheader
2026-08-22T20:12:56.2630903Z http.https://github.com/.extraheader
2026-08-22T20:12:56.2684558Z [command]"C:\Program Files\Git\bin\git.exe" config --local --unset-all http.https://github.com/.extraheader
2026-08-22T20:12:56.3170304Z [command]"C:\Program Files\Git\bin\git.exe" submodule foreach --recursive "sh -c \"git config --local --name-only --get-regexp 'http\.https\:\/\/github\.com\/\.extraheader' && git config --local --unset-all 'http.https://github.com/.extraheader' || :\""
2026-08-22T20:12:57.4099805Z Entering 'crates/onnx-runtime-cpuinfo/vendor/cpuinfo'
2026-08-22T20:12:57.5455556Z http.https://github.com/.extraheader
2026-08-22T20:12:57.6342598Z [command]"C:\Program Files\Git\bin\git.exe" config --local --name-only --get-regexp ^includeIf\.gitdir:
2026-08-22T20:12:57.6846887Z [command]"C:\Program Files\Git\bin\git.exe" submodule foreach --recursive "git config --local --show-origin --name-only --get-regexp remote.origin.url"
2026-08-22T20:12:58.7706195Z Entering 'crates/onnx-runtime-cpuinfo/vendor/cpuinfo'
2026-08-22T20:12:58.8377214Z file:C:/a/onnx-genai/onnx-genai/.git/modules/crates/onnx-runtime-cpuinfo/vendor/cpuinfo/config	remote.origin.url
2026-08-22T20:12:58.8758945Z [command]"C:\Program Files\Git\bin\git.exe" config --file C:/a/onnx-genai/onnx-genai/.git/modules/crates/onnx-runtime-cpuinfo/vendor/cpuinfo/config --name-only --get-regexp ^includeIf\.gitdir:
2026-08-22T20:12:58.9571549Z Cleaning up orphan processes
2026-08-22T20:12:58.9832492Z Terminate orphan process: pid (10408) (vctip)
2026-08-22T20:12:58.9899671Z Terminate orphan process: pid (2368) (MSBuild)
2026-08-22T20:12:58.9976416Z Terminate orphan process: pid (1600) (conhost)
2026-08-22T20:12:59.0057076Z ##[warning]Node.js 20 is deprecated. The following actions target Node.js 20 but are being forced to run on Node.js 24: actions/cache@v4, actions/setup-python@v5. For more information see: https://github.blog/changelog/2025-09-19-deprecation-of-node-20-on-github-actions-runners/
